fua,iso3,name,year,heat_days,uhi_night,pop,pop65,pct65,green_m2,cdd,r_hazard,r_modifier,r_vulnerability,r_capacity,r_energy,risk_full,risk_exposure_only,top_quintile_risk
CAN19F,CAN,St Johns,2020,0,1,207620,35248,16.977169829496194,277,4.072371308951409,0.008900523560209424,0.16282722513089004,0.3769633507853403,0.16963350785340314,0.01780104712041885,14.7,0.9,FALSE
CL026F,CHL,Punta Arenas,2020,0,2.8,132695,17196,12.959041410753985,57,0.04735198252504631,0.008900523560209424,0.9256544502617801,0.1769633507853403,0.874869109947644,0.0020942408376963353,39.8,0.9,FALSE
ES055F,ESP,Arrecife,2020,0,0.6,118144,13988,11.839788732394366,48,77.72597875291012,0.008900523560209424,0.060209424083769635,0.1518324607329843,0.9136125654450262,0.31308900523560207,29,0.9,FALSE
UK004F,GBR,Glasgow,2020,0,1.3,1847200,320604,17.356214811606755,168,1.9199689460915201,0.008900523560209424,0.2994764397905759,0.4031413612565445,0.41256544502617803,0.008376963350785341,22.6,0.9,FALSE
UK007F,GBR,Edinburgh,2020,0,0.5,912490,150644,16.509112428629354,120,1.473445194665954,0.008900523560209424,0.04712041884816754,0.3403141361256545,0.6287958115183246,0.007329842931937173,20.6,0.9,FALSE
UK012F,GBR,Belfast,2020,0,0.7,794824,136715,17.200663291495978,167,0.28180049150785885,0.008900523560209424,0.07801047120418848,0.39162303664921466,0.41518324607329843,0.005235602094240838,18,0.9,FALSE
UK016F,GBR,Aberdeen,2020,0,1.4,489840,88717,18.1114241384942,131,0.08107130866744611,0.008900523560209424,0.36020942408376966,0.4743455497382199,0.5821989528795811,0.0031413612565445027,28.6,0.9,FALSE
UK510F,GBR,Sunderland,2020,0,0.5,277846,55209,19.87035983962339,140,4.375369102512749,0.008900523560209424,0.04712041884816754,0.6460732984293194,0.5424083769633508,0.018848167539267015,25.3,0.9,FALSE
UK550F,GBR,Dundee City,2020,0,1,264640,54081,20.43568621523579,156,0.17980830627684086,0.008900523560209424,0.16282722513089004,0.6984293193717277,0.4654450261780105,0.004188481675392671,26.8,0.9,FALSE
UK551F,GBR,Falkirk,2020,0,1,160560,30655,19.09255107125062,195,2.0543273314793717,0.008900523560209424,0.16282722513089004,0.5654450261780105,0.3162303664921466,0.009424083769633508,21.3,0.9,FALSE
UK586F,GBR,Derry & Strabane Local Government District,2020,0,-0.3,151109,23428,15.504040129972404,224,0.5128631571658381,0.008900523560209424,0.0062827225130890054,0.28167539267015707,0.2418848167539267,0.0062827225130890054,10.9,0.9,FALSE
IS001F,ISL,Reykjavík,2020,0,0.9,228059,32535,14.266045190060467,212,2.873272547931524e-4,0.008900523560209424,0.12513089005235603,0.21675392670157068,0.2706806282722513,0.0010471204188481676,12.5,0.9,FALSE
MEX76F,MEX,Tianguistenco,2020,0,3.2,186148,11044,5.932913595633582,78,29.079926129087188,0.008900523560209424,0.9670157068062827,0.02198952879581152,0.7910994764397906,0.1068062827225131,37.9,0.9,FALSE
NO002F,NOR,Bergen,2020,0,-0.3,405056,64594,15.946930794754305,297,4.427657741800128,0.008900523560209424,0.0062827225130890054,0.3089005235602094,0.1586387434554974,0.019895287958115182,10.1,0.9,FALSE
NO004F,NOR,Stavanger,2020,0,0.5,291935,40329,13.814376487916832,195,2.4851756294920944,0.008900523560209424,0.04712041884816754,0.19790575916230366,0.3162303664921466,0.011518324607329843,11.6,0.9,FALSE
NZL03F,NZL,Wellington,2020,0,0.9,439930,54445,12.37583251880981,177,2.7203787912648654,0.008900523560209424,0.12513089005235603,0.16544502617801046,0.37801047120418846,0.014659685863874346,13.8,0.9,FALSE
UK050F,GBR,Burnley,2020,1,0.6,181489,34190,18.83860729851396,203,7.020001646923764,0.048167539267015703,0.060209424083769635,0.53717277486911,0.2931937172774869,0.024083769633507852,19.3,4.8,FALSE
AUS01F,AUS,Greater Sydney,2020,40.07059650563919,1.7,5295529,765399,14.45368347524865,146,244.27198566331955,0.5340314136125655,0.5287958115183246,0.2261780104712042,0.5094240837696336,0.6083769633507854,48.1,53.4,FALSE
AUS02F,AUS,Greater Melbourne,2020,19.69308826523589,2.5,5061107,720559,14.237181707480202,170,112.6091074672002,0.3968586387434555,0.8486910994764398,0.21465968586387435,0.4005235602094241,0.40209424083769635,45.3,39.7,FALSE
AUS03F,AUS,Greater Brisbane,2020,99.49596861549674,1.8,2545379,358243,14.074249846486515,205,503.4989494634508,0.8282722513089005,0.5848167539267015,0.20732984293193718,0.2879581151832461,0.8335078534031414,54.8,82.8,FALSE
AUS04F,AUS,Greater Perth,2020,66.42105832525333,2,2161561,324405,15.007904010111211,166,471.12593638288115,0.7141361256544503,0.6785340314136126,0.25654450261780104,0.42041884816753927,0.8178010471204189,57.7,71.4,FALSE
AUS05F,AUS,Greater Adelaide,2020,19.746284934003764,2.4,1392755,248732,17.858991710674168,158,238.95269487428777,0.39790575916230364,0.8151832460732984,0.4544502617801047,0.4544502617801047,0.5958115183246073,54.4,39.8,FALSE
AUS06F,AUS,Gold Coast,2020,75.22027437023903,1.5,642046,109236,17.01373421842049,160,378.17210196702473,0.7549738219895288,0.42041884816753927,0.37905759162303665,0.4424083769633508,0.7643979057591623,55.2,75.5,FALSE
AUS07F,AUS,Canberra,2020,14.700832951497995,1.4,444903,58336,13.112071620105956,339,102.67357212391565,0.30157068062827225,0.36020942408376966,0.18219895287958116,0.13350785340314136,0.3863874345549738,27.3,30.2,FALSE
AUS08F,AUS,Newcastle,2020,33.40011220491549,1.2,482016,86181,17.879282015534756,256,327.28726609923575,0.4931937172774869,0.25287958115183246,0.45654450261780105,0.19109947643979058,0.7162303664921466,42.2,49.3,FALSE
AUS10F,AUS,Wollongong,2020,16.17173320984965,1.2,295483,53828,18.216953259578386,307,151.31671516850986,0.33403141361256544,0.25287958115183246,0.4816753926701571,0.1518324607329843,0.4806282722513089,34,33.4,FALSE
AUS11F,AUS,Sunshine Coast,2020,102.94931507850931,1.3,280360,58123,20.73155942359823,218,469.74999021836305,0.8345549738219895,0.2994764397905759,0.7099476439790576,0.25759162303664923,0.8146596858638744,58.3,83.5,FALSE
AUS12F,AUS,Greater Hobart,2020,3.3846695744705744,-0.1,246859,44864,18.173937348850963,190,33.234636829932434,0.10785340314136126,0.008900523560209424,0.47853403141361256,0.33507853403141363,0.1256544502617801,21.1,10.8,FALSE
AUS13F,AUS,Townsville,2020,168.26183433128244,2,194726,25927,13.314606164559432,193,917.2375487013846,0.9298429319371728,0.6785340314136126,0.18534031413612564,0.3261780104712042,0.9141361256544502,60.7,93,FALSE
AUS14F,AUS,Geelong,2020,11.978894725607967,1.7,320328,59355,18.529444819060462,178,96.08025441553457,0.24921465968586387,0.5287958115183246,0.512041884816754,0.37225130890052355,0.3675392670157068,40.6,24.9,FALSE
AUS15F,AUS,Cairns,2020,112.40650963292977,1.4,169818,24367,14.348891165836365,210,663.5885073203962,0.8534031413612565,0.36020942408376966,0.22094240837696336,0.2764397905759162,0.8680628272251308,51.6,85.3,FALSE
AUS17F,AUS,Toowoomba,2020,104.52108815628834,0.1,176329,32231,18.278899103380613,194,535.8951870178747,0.8366492146596859,0.015706806282722512,0.4900523560209424,0.3219895287958115,0.8418848167539267,50.1,83.7,FALSE
AUS18F,AUS,Ballarat,2020,13.792365543080516,1.3,137730,25213,18.30610614971321,264,111.30750711407146,0.2774869109947644,0.2994764397905759,0.4942408376963351,0.18429319371727748,0.4,33.1,27.7,FALSE
AT001F,AUT,Wien,2020,22.571833806289423,1.6,3072008,580957,18.911311428876488,83,98.34969116946316,0.43036649214659684,0.4722513089005236,0.5476439790575917,0.7774869109947644,0.37905759162303665,52.1,43,FALSE
AT002F,AUT,Graz,2020,12.383804411626608,1.2,686699,133701,19.47010262138142,117,52.755587152055725,0.2544502617801047,0.25287958115183246,0.6167539267015707,0.6408376963350786,0.21256544502617802,39.5,25.4,FALSE
AT003F,AUT,Linz,2020,18.47210464337381,2.2,653490,126651,19.38070972776936,117,45.81493553538819,0.381151832460733,0.7539267015706806,0.6031413612565445,0.6408376963350786,0.18324607329842932,51.2,38.1,FALSE
AT004F,AUT,Salzburg,2020,3.5297569732919567,3,372958,74417,19.953185077140052,169,27.707978273473245,0.11099476439790576,0.9492146596858638,0.6523560209424084,0.40785340314136126,0.10157068062827225,44.4,11.1,FALSE
AT005F,AUT,Innsbruck,2020,0.11539844846703548,1.6,340842,64853,19.027291237582222,89,3.3826275908207286,0.024083769633507852,0.4722513089005236,0.5581151832460733,0.7513089005235603,0.015706806282722512,36.4,2.4,FALSE
AT006F,AUT,Klagenfurt,2020,3.486617471976679,0.9,266323,60575,22.744937538252422,144,29.802758834023642,0.1099476439790576,0.12513089005235603,0.8282722513089005,0.5246073298429319,0.1099476439790576,34,11,FALSE
BE001F,BEL,Bruxelles,2020,17.627048827665096,1.6,3529318,609488,17.269285454016895,87,88.95272934782865,0.3643979057591623,0.4722513089005236,0.3968586387434555,0.7617801047120419,0.3507853403141361,46.9,36.4,FALSE
BE002F,BEL,Antwerpen,2020,15.594353987369866,1.6,1212754,233181,19.22739483852455,194,86.03877498365705,0.3193717277486911,0.4722513089005236,0.5780104712041885,0.3219895287958115,0.3424083769633508,40.7,31.9,FALSE
BE003F,BEL,Gent,2020,16.339817644238142,1.6,680937,132464,19.453194642088768,221,78.51613073617007,0.3392670157068063,0.4722513089005236,0.6115183246073298,0.24973821989528797,0.3172774869109948,39.8,33.9,FALSE
BE004F,BEL,Charleroi,2020,17.018086107632165,1.9,453235,85294,18.818934989574945,257,81.75524623285258,0.3507853403141361,0.6350785340314136,0.5350785340314136,0.18848167539267016,0.3267015706806283,40.7,35.1,FALSE
BE005F,BEL,Liège,2020,17.497272530855422,2.6,809205,154355,19.07489449521444,198,81.35793597671424,0.3612565445026178,0.8759162303664921,0.562303664921466,0.3068062827225131,0.32460732984293195,48.6,36.1,FALSE
BE006F,BEL,Brugge,2020,4.696674452960807,1.4,241889,59198,24.473208785848055,208,57.21045408258674,0.13612565445026178,0.36020942408376966,0.8827225130890053,0.2806282722513089,0.22722513089005236,37.7,13.6,FALSE
BE009F,BEL,Mons,2020,17.1362430963278,1.5,254645,47617,18.699365783738145,339,92.92547517833822,0.3549738219895288,0.42041884816753927,0.5193717277486911,0.13350785340314136,0.35916230366492147,35.7,35.5,FALSE
BE010F,BEL,Kortrijk,2020,15.929850076318466,1.4,229156,48514,21.170730855836197,245,77.61461029891922,0.32774869109947646,0.36020942408376966,0.7382198952879581,0.19790575916230366,0.31099476439790574,38.7,32.8,FALSE
BE011F,BEL,Oostende,2020,2.2744153456632756,1.1,131039,35883,27.383450728409098,125,43.42254399123038,0.08795811518324607,0.20837696335078534,0.9361256544502617,0.606282722513089,0.17277486910994763,40.2,8.8,FALSE
BE014F,BEL,La Louvière,2020,17.981488527698353,1.4,132427,24535,18.527188564265597,299,88.60511734251725,0.3717277486910995,0.36020942408376966,0.5109947643979058,0.15706806282722513,0.34973821989528797,35,37.2,FALSE
BG001F,BGR,Sofia,2020,20.806965197191662,1.7,1576130,340544,21.60633957858806,99,73.3121457050413,0.4167539267015707,0.5287958115183246,0.7675392670157068,0.706282722513089,0.2931937172774869,54.3,41.7,FALSE
BG002F,BGR,Plovdiv,2020,68.80726730946272,1.9,567660,131356,23.13990769122362,50,220.67929916570125,0.7235602094240837,0.6350785340314136,0.8418848167539267,0.9020942408376963,0.5696335078534032,73.4,72.4,TRUE
BG003F,BGR,Varna,2020,36.07729212463119,1.1,457580,100535,21.971021460728178,122,211.9777062015301,0.5089005235602094,0.20837696335078534,0.787434554973822,0.6172774869109947,0.5518324607329843,53.5,50.9,FALSE
BG004F,BGR,Burgas,2020,23.438392183107016,1.1,272859,62351,22.85099630211941,96,228.32375649135682,0.4397905759162304,0.20837696335078534,0.831413612565445,0.7204188481675393,0.5790575916230366,55.6,44,FALSE
BG005F,BGR,Pleven,2020,73.23432496592343,1.2,167172,48800,29.19149139808102,211,317.6045108455616,0.7476439790575916,0.25287958115183246,0.9591623036649215,0.27382198952879583,0.7015706806282722,58.7,74.8,FALSE
BG006F,BGR,Ruse,2020,78.97346179734438,2.3,193915,51277,26.443029162261816,175,310.0979746746062,0.768586387434555,0.7832460732984293,0.9214659685863874,0.38481675392670156,0.6952879581151833,71.1,76.9,TRUE
BG008F,BGR,Stara Zagora,2020,58.4079451166202,1.9,157836,38602,24.45703134899516,145,327.3713227543207,0.6607329842931937,0.6350785340314136,0.8806282722513089,0.5172774869109947,0.7172774869109948,68.2,66.1,TRUE
CAN01F,CAN,Toronto,2020,23.580417096561817,3.2,7602911,1184815,15.58370208463574,129,149.40845037555604,0.4418848167539267,0.9670157068062827,0.28900523560209423,0.5895287958115183,0.4743455497382199,55.2,44.2,FALSE
CAN02F,CAN,Montreal,2020,31.552800635735526,2.4,4635772,807810,17.42557658141945,133,149.4221480320058,0.47958115183246075,0.8151832460732984,0.4094240837696335,0.5732984293193717,0.47539267015706804,55.1,48,FALSE
CAN03F,CAN,Vancouver,2020,9.518252320126598,1.9,2721228,447307,16.437689160922936,165,44.07234591889698,0.21675392670157068,0.6350785340314136,0.33403141361256544,0.42670157068062825,0.17486910994764399,35.7,21.7,FALSE
CAN04F,CAN,Ottawa,2020,34.12656139201055,2,1591244,262012,16.465859415652158,170,156.64777336615808,0.4963350785340314,0.6785340314136126,0.3382198952879581,0.4005235602094241,0.4900523560209424,48.1,49.6,FALSE
CAN05F,CAN,Calgary,2020,7.597671217401878,3.6,1678397,219993,13.107328004041952,147,50.637547362690476,0.193717277486911,0.9832460732984293,0.181151832460733,0.5036649214659686,0.20209424083769634,41.3,19.4,FALSE
CAN06F,CAN,Edmonton,2020,5.008318251222153,2.5,1498061,206625,13.792829530973705,175,26.025670070917947,0.1424083769633508,0.8486910994764398,0.1968586387434555,0.38481675392670156,0.08900523560209424,33.2,14.2,FALSE
CAN07F,CAN,Quebec,2020,14.829036872127476,0.9,919150,195014,21.216776369471795,215,84.4357600745443,0.3068062827225131,0.12513089005235603,0.7413612565445026,0.2628272251308901,0.33717277486910996,35.5,30.7,FALSE
CAN08F,CAN,Winnipeg,2020,22.45070295572573,2.6,922029,149378,16.201008861977225,142,144.24693071223572,0.4293193717277487,0.8759162303664921,0.3225130890052356,0.5329842931937173,0.4649214659685864,52.5,42.9,FALSE
CAN09F,CAN,Hamilton,2020,43.625145516078234,2.5,676736,122308,18.07322205409495,177,169.73123689321872,0.5570680628272251,0.8486910994764398,0.4732984293193717,0.37801047120418846,0.5109947643979058,55.4,55.7,FALSE
CAN10F,CAN,London,2020,41.71345597396776,2.2,621999,109485,17.602118331379955,231,146.50869851878957,0.543455497382199,0.7539267015706806,0.42408376963350786,0.22722513089005236,0.4680628272251309,48.3,54.3,FALSE
CAN11F,CAN,Kitchener,2020,33.44468635627392,2.6,632842,93624,14.794214037627086,192,144.18233393600065,0.4942408376963351,0.8759162303664921,0.24293193717277486,0.3287958115183246,0.4638743455497382,48.1,49.4,FALSE
CAN12F,CAN,Halifax,2020,6.200342893496944,1.3,499542,85668,17.149308766830416,217,62.44293959922164,0.17591623036649215,0.2994764397905759,0.38848167539267014,0.25968586387434556,0.24921465968586387,27.5,17.6,FALSE
CAN13F,CAN,Victoria,2020,0.3033165695284404,1.5,427488,94665,22.144481248596453,235,25.113035939214942,0.030366492146596858,0.42041884816753927,0.7916230366492146,0.21727748691099477,0.08586387434554973,30.9,3,FALSE
CAN14F,CAN,Windsor,2020,36.96008879099825,1.5,400661,73895,18.443272492206628,273,211.59788704421328,0.5151832460732985,0.42041884816753927,0.506806282722513,0.17486910994764399,0.5497382198952879,43.3,51.5,FALSE
CAN15F,CAN,Saskatoon,2020,10.505732524062273,3.3,323690,44008,13.595724304118137,148,91.12619990438701,0.2324607329842932,0.9738219895287958,0.19267015706806281,0.4989528795811518,0.3539267015706806,45,23.2,FALSE
CAN16F,CAN,Sherbrooke,2020,14.282715440836308,1.7,271624,59120,21.76538155685801,220,93.14733864009506,0.2931937172774869,0.5287958115183246,0.7759162303664922,0.2534031413612565,0.36020942408376966,44.2,29.3,FALSE
CAN17F,CAN,St Catharines,2020,26.90338156121926,1.4,225357,52297,23.20629046357557,257,171.95913932840062,0.4523560209424084,0.36020942408376966,0.8450261780104712,0.18848167539267016,0.5130890052356021,47.2,45.2,FALSE
CAN18F,CAN,Trois Rivieres,2020,20.035448758762907,1.8,208565,50683,24.300817490950063,220,131.10641607199304,0.4031413612565445,0.5848167539267015,0.8743455497382199,0.2534031413612565,0.44502617801047123,51.2,40.3,FALSE
CAN20F,CAN,Regina,2020,17.578547493582594,1.9,238503,34504,14.466903980243435,134,117.6797852069245,0.362303664921466,0.6350785340314136,0.22827225130890053,0.5696335078534032,0.4157068062827225,44.2,36.2,FALSE
CAN21F,CAN,Abbotsford,2020,19.099916062699844,1.7,210002,35224,16.773173588822964,213,30.923395209451485,0.39057591623036647,0.5287958115183246,0.3612565445026178,0.26649214659685866,0.11518324607329843,33.2,39.1,FALSE
CAN22F,CAN,Guelph,2020,30.462448139127794,2.2,198287,33484,16.886634020384594,251,142.51993685346432,0.47539267015706804,0.7539267015706806,0.36858638743455496,0.193717277486911,0.4607329842931937,45,47.5,FALSE
CAN23F,CAN,Red Deer,2020,4.694464890553268,2.4,197358,28280,14.3292899198411,240,26.676384245525067,0.13507853403141362,0.8151832460732984,0.2198952879581152,0.20628272251308902,0.09738219895287958,29.5,13.5,FALSE
CAN24F,CAN,Brantford,2020,43.920356120628824,2.1,145724,26971,18.50827591886031,210,176.93627103205563,0.5602094240837696,0.7183246073298429,0.5099476439790576,0.2764397905759162,0.5162303664921466,51.6,56,FALSE
CAN25F,CAN,Peterborough,2020,33.8716031167972,1.6,124999,29341,23.472987783902273,212,161.96916472152233,0.4952879581151832,0.4722513089005236,0.8554973821989529,0.2706806282722513,0.5005235602094241,51.9,49.5,FALSE
CH001F,CHE,Bern,2020,12.936979307934356,1.9,743197,157133,21.142846378551045,212,33.34147957216274,0.2628272251308901,0.6350785340314136,0.7350785340314137,0.2706806282722513,0.12774869109947645,40.6,26.3,FALSE
CH002F,CHE,Zurich,2020,17.916033967264234,1.4,2057877,359966,17.49210472734765,163,60.395485848670226,0.3706806282722513,0.36020942408376966,0.4167539267015707,0.4319371727748691,0.2418848167539267,36.4,37.1,FALSE
CH003F,CHE,Geneva,2020,16.054626986008714,1.8,607995,98277,16.164113191720325,89,75.0133896978279,0.3308900523560209,0.5848167539267015,0.3172774869109948,0.7513089005235603,0.2994764397905759,45.7,33.1,FALSE
CH004F,CHE,Basel,2020,32.16243606702304,2.1,576791,121574,21.077652043807895,140,85.24660241302378,0.48586387434554973,0.7183246073298429,0.7308900523560209,0.5424083769633508,0.3392670157068063,56.3,48.6,FALSE
CH005F,CHE,Lausanne,2020,7.686569401934674,3.1,654104,106811,16.32936046867165,123,39.318274437470606,0.1968586387434555,0.9586387434554974,0.3308900523560209,0.612565445026178,0.15287958115183245,45,19.7,FALSE
CH006F,CHE,Lucerne,2020,12.311232411966781,1.5,326049,61970,19.00634567196955,198,29.96190925749186,0.2523560209424084,0.42041884816753927,0.556020942408377,0.3068062827225131,0.11204188481675392,33,25.2,FALSE
CH008F,CHE,Lugano,2020,23.91728628270691,1.1,170673,37762,22.125350817059523,173,59.992786597768,0.44293193717277485,0.20837696335078534,0.7905759162303665,0.3910994764397906,0.2387434554973822,41.4,44.3,FALSE
CH009F,CHE,St. Gallen,2020,13.326099978600018,0.6,293325,56190,19.156226029148556,224,34.781451986966594,0.2680628272251309,0.060209424083769635,0.5727748691099477,0.2418848167539267,0.13089005235602094,25.5,26.8,FALSE
CH010F,CHE,Biel/Bienne,2020,14.041963395677197,1.1,139206,28442,20.431590592359523,128,60.25340092949752,0.28900523560209423,0.20837696335078534,0.6973821989528796,0.5942408376963351,0.23979057591623038,40.6,28.9,FALSE
CH012F,CHE,Zug,2020,17.872937928047453,0.8,159063,27092,17.032245085280675,195,37.88533974259504,0.3675392670157068,0.09895287958115183,0.381151832460733,0.3162303664921466,0.14764397905759163,26.2,36.8,FALSE
CL001F,CHL,Arica,2020,48.9368106934407,1.5,229703,26678,11.614127808517956,4,72.13765864382958,0.5884816753926702,0.42041884816753927,0.1424083769633508,0.9979057591623036,0.28272251308900526,48.6,58.8,FALSE
CL002F,CHL,Iquique,2020,20.52852466737847,0.5,193198,19919,10.310148138179484,1,84.40254352984616,0.41047120418848165,0.04712041884816754,0.1256544502617801,1,0.33612565445026177,38.4,41,FALSE
CL003F,CHL,Calama,2020,0.9880376415756802,0.7,168182,12542,7.4573973433542236,49,47.830162100081715,0.04607329842931937,0.07801047120418848,0.06701570680628273,0.9062827225130891,0.1905759162303665,25.8,4.6,FALSE
CL004F,CHL,Antofagasta,2020,5.182078922057269,1.7,377797,32065,8.487362260684971,3,139.31367916309478,0.14554973821989528,0.5287958115183246,0.09842931937172775,0.9989528795811519,0.45759162303664924,44.6,14.6,FALSE
CL005F,CHL,Copiapó,2020,31.720462411957083,-0.1,160014,15337,9.584786331196021,16,87.11797424686026,0.4816753926701571,0.008900523560209424,0.12041884816753927,0.9947643979057592,0.34450261780104713,39,48.2,FALSE
CL006F,CHL,Coquimbo-La Serena,2020,1.2041716859161147,0.7,486948,57034,11.712544255238752,57,103.14764455573948,0.05445026178010471,0.07801047120418848,0.1486910994764398,0.874869109947644,0.38952879581151834,30.9,5.4,FALSE
CL007F,CHL,Ovalle,2020,59.80305042339029,1,114334,14771,12.919166652089492,47,162.93773985630787,0.6743455497382199,0.16282722513089004,0.17591623036649215,0.9204188481675393,0.5036649214659686,48.7,67.4,FALSE
CL009F,CHL,Quillota,2020,94.17353348298234,1,116723,15817,13.550885429606847,71,146.35807880624355,0.812565445026178,0.16282722513089004,0.18848167539267016,0.819371727748691,0.46701570680628274,49,81.3,FALSE
CL010F,CHL,Valparaíso,2020,21.309821027186224,0.9,1020417,152751,14.969468364403964,72,106.80336533886164,0.42094240837696334,0.12513089005235603,0.2534031413612565,0.8136125654450261,0.393717277486911,40.1,42.1,FALSE
CL011F,CHL,Santiago,2020,54.318186570361256,1.5,7080054,823255,11.627806793564003,23,132.82689500444405,0.631413612565445,0.42041884816753927,0.14345549738219895,0.9848167539267015,0.4481675392670157,52.6,63.1,FALSE
CL012F,CHL,San Antonio,2020,23.21050505689604,1.6,128721,18813,14.615330831799007,59,96.84947006021667,0.4356020942408377,0.4722513089005236,0.23664921465968586,0.8638743455497382,0.3706806282722513,47.6,43.6,FALSE
CL013F,CHL,Melipilla,2020,103.41153160869916,1,129139,16186,12.5337814293126,116,295.4609176219529,0.8356020942408376,0.16282722513089004,0.16649214659685863,0.6471204188481675,0.680628272251309,49.9,83.6,FALSE
CL014F,CHL,Rancagua,2020,49.17675818596981,0.3,374511,43673,11.661339720328641,25,75.94148080986024,0.5916230366492147,0.027225130890052355,0.14554973821989528,0.9821989528795811,0.3036649214659686,41,59.2,FALSE
CL016F,CHL,Curicó,2020,63.13909636948704,0.8,164969,19895,12.059841545987428,56,148.10208080165344,0.6984293193717277,0.09895287958115183,0.15602094240837697,0.8806282722513089,0.4701570680628272,46.1,69.8,FALSE
CL017F,CHL,Talca,2020,77.19621445142484,1.9,280082,33327,11.899015288379832,32,321.39379319521186,0.7612565445026178,0.6350785340314136,0.15392670157068064,0.9664921465968587,0.7068062827225131,64.5,76.1,TRUE
CL019F,CHL,Chillán,2020,45.83859969334861,-0.3,232671,30319,13.03084613037293,62,217.4534680880303,0.5706806282722513,0.0062827225130890054,0.17905759162303664,0.8528795811518325,0.562303664921466,43.4,57.1,FALSE
CL020F,CHL,Concepción,2020,0.14966082629800578,0.4,935596,118590,12.67534277615552,71,114.66522898278788,0.02617801047120419,0.03664921465968586,0.1706806282722513,0.819371727748691,0.406282722513089,29.2,2.6,FALSE
CL021F,CHL,Los Angeles,2020,36.072963082412045,0.3,209630,24827,11.843247626770978,81,162.93481393556766,0.5078534031413613,0.027225130890052355,0.15287958115183245,0.7858638743455497,0.5026178010471204,39.5,50.8,FALSE
CL022F,CHL,Temuco,2020,6.297636580819825,1,435136,50599,11.628318502720989,68,53.237930867060044,0.1769633507853403,0.16282722513089004,0.14450261780104712,0.8319371727748691,0.2136125654450262,30.6,17.7,FALSE
CL023F,CHL,Valdivia,2020,0.2745118420745635,0.8,169249,20808,12.294311930941985,107,31.421126237124415,0.02931937172774869,0.09895287958115183,0.16230366492146597,0.6801047120418848,0.11727748691099477,21.8,2.9,FALSE
CL024F,CHL,Osorno,2020,1.5288078806904337,1.3,163845,20826,12.710793737984071,119,22.80292989313391,0.06387434554973823,0.2994764397905759,0.17277486910994763,0.6319371727748692,0.07958115183246073,25,6.4,FALSE
CL025F,CHL,Puerto Montt,2020,0.017125881768183398,0.2,259487,23834,9.185045878984303,56,2.3718228606433627,0.02198952879581152,0.019895287958115182,0.1130890052356021,0.8806282722513089,0.010471204188481676,20.9,2.2,FALSE
CZ001F,CZE,Praha,2020,17.029167480878,2,2153014,393969,18.298487608533897,130,72.993042399039,0.3518324607329843,0.6785340314136126,0.4931937172774869,0.5858638743455498,0.29109947643979056,48,35.2,FALSE
CZ002F,CZE,Brno,2020,8.496980421771637,1.3,745170,147670,19.816954520444998,143,64.7122625896325,0.20837696335078534,0.2994764397905759,0.6418848167539267,0.5287958115183246,0.25759162303664923,38.7,20.8,FALSE
CZ003F,CZE,Ostrava,2020,10.569146773630337,1.3,611824,122394,20.00477261434661,247,42.96763526432172,0.23455497382198953,0.2994764397905759,0.6596858638743456,0.19633507853403143,0.1706806282722513,31.2,23.5,FALSE
CZ004F,CZE,Plzeň,2020,10.697319273275866,0.8,351026,70963,20.21588144467931,177,49.494112423293096,0.23664921465968586,0.09895287958115183,0.6774869109947644,0.37801047120418846,0.193717277486911,31.7,23.7,FALSE
CZ005F,CZE,Ústí nad Labem,2020,11.882158640631625,1,121995,24476,20.063117340874626,274,55.614811528905854,0.24712041884816754,0.16282722513089004,0.6659685863874345,0.17329842931937173,0.218848167539267,29.4,24.7,FALSE
CZ006F,CZE,Olomouc,2020,6.08605554073229,1.1,219500,43676,19.897949886104783,127,44.560666110329755,0.17277486910994763,0.20837696335078534,0.6492146596858639,0.599476439790576,0.1769633507853403,36.1,17.3,FALSE
CZ007F,CZE,Liberec,2020,3.8543381843102296,0.5,222174,44554,20.053651642406404,231,35.321111178553366,0.1225130890052356,0.04712041884816754,0.6649214659685864,0.22722513089005236,0.13298429319371727,23.9,12.3,FALSE
CZ008F,CZE,České Budějovice,2020,6.7843064150683485,1.3,199491,38582,19.34022086209403,127,42.08552195029391,0.18324607329842932,0.2994764397905759,0.5937172774869109,0.599476439790576,0.16544502617801046,36.8,18.3,FALSE
CZ009F,CZE,Hradec Králové,2020,16.074467701338136,1,165633,35689,21.547034709266875,169,53.466037347241944,0.3319371727748691,0.16282722513089004,0.7643979057591623,0.40785340314136126,0.2157068062827225,37.7,33.2,FALSE
CZ010F,CZE,Pardubice,2020,10.718278617924774,1.3,189341,38060,20.10129871501682,192,56.66270179856928,0.2387434554973822,0.2994764397905759,0.6680628272251309,0.3287958115183246,0.225130890052356,35.2,23.9,FALSE
DE001F,DEU,Berlin,2020,17.86865149853426,2.1,5012943,1007702,20.10200395256838,123,97.82020565666664,0.36649214659685864,0.7183246073298429,0.669109947643979,0.612565445026178,0.374869109947644,54.8,36.6,FALSE
DE002F,DEU,Hamburg,2020,13.403700527916802,1.5,3230398,644373,19.947170596316614,199,63.01900445461766,0.27015706806282724,0.42041884816753927,0.6513089005235602,0.30261780104712044,0.2523560209424084,37.9,27,FALSE
DE003F,DEU,München,2020,12.312489162286209,1.9,2969117,552048,18.593002566082777,102,53.34080713474802,0.2534031413612565,0.6350785340314136,0.5162303664921466,0.6984293193717277,0.21465968586387435,46.4,25.3,FALSE
DE004F,DEU,Köln,2020,20.14073850048953,1.6,2357210,465076,19.729934965488862,184,97.85511801706191,0.406282722513089,0.4722513089005236,0.6335078534031413,0.3544502617801047,0.37591623036649213,44.8,40.6,FALSE
DE005F,DEU,Frankfurt am Main,2020,21.455963973876152,1.7,2665760,515241,19.328109057079406,146,102.70924105340471,0.42303664921465967,0.5287958115183246,0.5926701570680628,0.5094240837696336,0.387434554973822,48.8,42.3,FALSE
DE006F,DEU,Essen,2020,18.18862937411118,1.9,1866434,415786,22.277026672253076,224,85.979081116303135,0.374869109947644,0.6350785340314136,0.7989528795811518,0.2418848167539267,0.3413612565445026,47.8,37.5,FALSE
DE007F,DEU,Stuttgart,2020,17.2857652864547,1.4,2560844,506293,19.770552208568738,167,82.87978266095044,0.35706806282722514,0.36020942408376966,0.6376963350785341,0.41518324607329843,0.3287958115183246,42,35.7,FALSE
DE008F,DEU,Leipzig,2020,20.92252462522369,1.7,940631,211544,22.489584119596312,189,94.65855439399878,0.418848167539267,0.5287958115183246,0.812565445026178,0.3392670157068063,0.3633507853403141,49.3,41.9,FALSE
DE009F,DEU,Dresden,2020,10.064670033380244,1.8,967361,231355,23.916097506515147,194,65.27601462010867,0.2261780104712042,0.5848167539267015,0.8659685863874346,0.3219895287958115,0.2607329842931937,45.2,22.6,FALSE
DE011F,DEU,Düsseldorf,2020,18.485672808074952,1.2,1673673,359982,21.50850255695109,157,101.04111266644243,0.3832460732984293,0.25287958115183246,0.762303664921466,0.46020942408376964,0.3832460732984293,44.8,38.3,FALSE
DE012F,DEU,Bremen,2020,13.355892034118536,1.5,1042740,228740,21.936436695628824,201,61.42479917147823,0.26910994764397905,0.42041884816753927,0.7853403141361257,0.29790575916230366,0.24607329842931938,40.4,26.9,FALSE
DE013F,DEU,Hannover,2020,14.753970221359003,1.3,1292570,277413,21.462125842314148,188,63.87910869290924,0.3036649214659686,0.2994764397905759,0.7570680628272252,0.34293193717277487,0.2544502617801047,39.2,30.4,FALSE
DE014F,DEU,Nürnberg,2020,14.095179418704598,1.5,1507703,308597,20.46802321146804,137,73.93593465276813,0.2900523560209424,0.42041884816753927,0.7005235602094241,0.5602094240837696,0.29528795811518327,45.3,29,FALSE
DE016F,DEU,Bielefeld,2020,15.777161107577042,1.1,549423,113246,20.611805475926563,265,66.37566181514393,0.3225130890052356,0.20837696335078534,0.7047120418848167,0.18219895287958116,0.2628272251308901,33.6,32.3,FALSE
DE017F,DEU,Halle an der Saale,2020,19.98600691567133,1.5,369762,92088,24.90466840832752,175,91.88497633195644,0.40209424083769635,0.42041884816753927,0.8921465968586387,0.38481675392670156,0.3549738219895288,49.1,40.2,FALSE
DE018F,DEU,Magdeburg,2020,19.634580309459327,1.2,420243,104579,24.885363944194193,189,84.2925639802019,0.3958115183246073,0.25287958115183246,0.8910994764397906,0.3392670157068063,0.33403141361256544,44.3,39.6,FALSE
DE019F,DEU,Wiesbaden,2020,20.12890580443387,1.8,421750,89573,21.23841138114997,144,97.32039174378073,0.40523560209424087,0.5848167539267015,0.7424083769633508,0.5246073298429319,0.37277486910994767,52.6,40.5,FALSE
DE020F,DEU,Göttingen,2020,11.555520662593931,0.7,262142,54768,20.89249338144975,150,45.103261422204,0.2450261780104712,0.07801047120418848,0.7162303664921466,0.49109947643979057,0.18010471204188483,34.2,24.5,FALSE
DE023F,DEU,Darmstadt,2020,23.4569552501816,1.2,416996,81705,19.593713129142724,145,121.882684554403,0.4408376963350785,0.25287958115183246,0.6219895287958115,0.5172774869109947,0.4261780104712042,45.2,44.1,FALSE
DE024F,DEU,Trier,2020,17.35040821809862,1.4,275669,54448,19.751223387468304,186,78.32823763516444,0.3581151832460733,0.36020942408376966,0.6345549738219896,0.34921465968586385,0.3162303664921466,40.4,35.8,FALSE
DE025F,DEU,Freiburg im Breisgau,2020,32.86972536818951,1.3,583032,114733,19.678679729414508,132,100.96096841660633,0.4900523560209424,0.2994764397905759,0.6272251308900524,0.5774869109947643,0.38219895287958117,47.5,49,FALSE
DE026F,DEU,Regensburg,2020,13.99948471837293,1.4,446090,84002,18.830729225044273,143,70.73257632430823,0.2879581151832461,0.36020942408376966,0.5361256544502618,0.5287958115183246,0.27853403141361255,39.8,28.8,FALSE
DE030F,DEU,Erfurt,2020,13.122084940858354,1.1,351512,81851,23.285407041580374,170,65.21409488094832,0.26596858638743454,0.20837696335078534,0.8471204188481676,0.4005235602094241,0.25863874345549737,39.6,26.6,FALSE
DE031F,DEU,Augsburg,2020,12.892205921039746,1.4,617409,124223,20.120050080254742,114,58.34939528255732,0.2617801047120419,0.36020942408376966,0.6712041884816754,0.6523560209424084,0.23036649214659685,43.5,26.2,FALSE
DE032F,DEU,Bonn,2020,18.39987692718204,1.5,676078,137598,20.35238537565192,193,85.804299503055,0.38010471204188484,0.42041884816753927,0.6879581151832461,0.3261780104712042,0.3403141361256545,43.1,38,FALSE
DE033F,DEU,Karlsruhe,2020,25.121669096928226,1.5,696499,142934,20.52178107936982,227,130.34465781177798,0.4513089005235602,0.42041884816753927,0.7015706806282722,0.23455497382198953,0.4408376963350785,45,45.1,FALSE
DE034F,DEU,Mönchengladbach,2020,20.616620247935394,1.5,385274,82720,21.470434028769137,182,100.9279168736009,0.41151832460732984,0.42041884816753927,0.7591623036649214,0.36020942408376966,0.381151832460733,46.6,41.2,FALSE
DE035F,DEU,Mainz,2020,21.514435878868557,1.3,403682,76592,18.973350310392835,138,124.79217454527681,0.42513089005235605,0.2994764397905759,0.5518324607329843,0.5534031413612566,0.43036649214659684,45.2,42.5,FALSE
DE036F,DEU,Kiel,2020,4.4526180606487085,1.7,471450,103041,21.85618835507477,221,40.91179113982679,0.13089005235602094,0.5287958115183246,0.7790575916230367,0.24973821989528797,0.1581151832460733,36.9,13.1,FALSE
DE037F,DEU,Saarbrücken,2020,18.37134460766099,1.7,543585,131503,24.191800730336563,263,113.65793231595835,0.37905759162303665,0.5287958115183246,0.8732984293193717,0.18586387434554974,0.4041884816753927,47.4,37.9,FALSE
DE039F,DEU,Koblenz,2020,13.867472448576338,1.5,296446,66772,22.52416966327763,231,79.28650527369143,0.27853403141361255,0.42041884816753927,0.8167539267015707,0.22722513089005236,0.3193717277486911,41.2,27.9,FALSE
DE040F,DEU,Rostock,2020,4.245030184710857,1.3,325353,77092,23.694879100546174,232,46.213066218127345,0.12774869109947645,0.2994764397905759,0.8586387434554974,0.22251308900523561,0.187434554973822,33.9,12.8,FALSE
DE041F,DEU,Kaiserslautern,2020,16.179128024974357,0.6,210395,45021,21.398322203474418,205,101.47030924207861,0.33507853403141363,0.060209424083769635,0.749738219895288,0.2879581151832461,0.3842931937172775,36.3,33.5,FALSE
DE042F,DEU,Iserlohn,2020,13.959246492151554,0.7,132782,29867,22.49325962856411,287,56.32202742216931,0.2848167539267016,0.07801047120418848,0.8136125654450261,0.1643979057591623,0.22198952879581152,31.3,28.5,FALSE
DE047F,DEU,Tübingen,2020,14.620258734387003,1,218867,38286,17.49281527137485,196,76.14758565052983,0.29842931937172773,0.16282722513089004,0.4178010471204188,0.31204188481675393,0.30471204188481676,29.9,29.8,FALSE
DE049F,DEU,Flensburg,2020,4.092416630412904,2.1,176989,38355,21.670838300685354,272,36.12895778010222,0.1256544502617801,0.7183246073298429,0.7717277486910995,0.17643979057591622,0.13612565445026178,38.6,12.6,FALSE
DE054F,DEU,Gießen,2020,15.904460015880035,0.7,256738,49477,19.271397299971177,232,72.33960192741412,0.3267015706806283,0.07801047120418848,0.581151832460733,0.22251308900523561,0.2869109947643979,29.9,32.7,FALSE
DE056F,DEU,Bayreuth,2020,9.796251795607157,0.7,188759,42055,22.27973235713264,175,49.580489627350154,0.22303664921465968,0.07801047120418848,0.8,0.38481675392670156,0.19476439790575917,33.6,22.3,FALSE
DE058F,DEU,Aschaffenburg,2020,16.950486930473957,1.2,232138,49070,21.138288431881037,236,90.4598067082655,0.34659685863874345,0.25287958115183246,0.7340314136125654,0.21413612565445025,0.35287958115183243,38,34.7,FALSE
DE059F,DEU,Bamberg,2020,15.791159110542315,1,236096,46036,19.49884792626728,145,70.48522940828764,0.32356020942408376,0.16282722513089004,0.6178010471204188,0.5172774869109947,0.2774869109947644,38,32.4,FALSE
DE063F,DEU,Kempten (Allgäu),2020,4.3437763223453505,1.8,143654,30803,21.44249376975232,223,21.553145203590848,0.12984293193717278,0.5848167539267015,0.7518324607329843,0.2450261780104712,0.07329842931937172,35.7,13,FALSE
DE064F,DEU,Landshut,2020,16.265879665759776,0.9,176821,34377,19.44169527375142,166,72.4329399272208,0.3382198952879581,0.12513089005235603,0.6083769633507854,0.42041884816753927,0.2900523560209424,35.6,33.8,FALSE
DE066F,DEU,Rosenheim,2020,5.27220499333125,1.7,168079,35142,20.908025392821234,194,34.74759165661368,0.1486910994764398,0.5287958115183246,0.7193717277486911,0.3219895287958115,0.12984293193717278,37,14.9,FALSE
DE081F,DEU,Mannheim,2020,22.411291068244303,1.4,1331836,283459,21.283326175294857,132,130.63634931670364,0.4272251308900524,0.36020942408376966,0.7465968586387435,0.5774869109947643,0.44293193717277485,51.1,42.7,FALSE
DE083F,DEU,Münster,2020,17.59767284753942,1.4,576268,107907,18.72514177431334,207,77.67923663202131,0.3633507853403141,0.36020942408376966,0.5235602094240838,0.2832460732984293,0.31204188481675393,36.8,36.3,FALSE
DE084F,DEU,Chemnitz,2020,8.099294751914272,1.3,446214,127969,28.67884019775265,232,51.695076942461675,0.2,0.2994764397905759,0.9486910994764398,0.22251308900523561,0.20837696335078534,37.6,20,FALSE
DE085F,DEU,Braunschweig,2020,14.140036225322842,1.2,529621,116179,21.936252527750977,220,61.739983302909494,0.29109947643979056,0.25287958115183246,0.7842931937172775,0.2534031413612565,0.2481675392670157,36.6,29.1,FALSE
DE086F,DEU,Aachen,2020,17.043250010779143,1.2,592367,121098,20.44306992118062,207,75.790322225055,0.35287958115183243,0.25287958115183246,0.6994764397905759,0.2832460732984293,0.30157068062827225,37.8,35.3,FALSE
DE087F,DEU,Krefeld,2020,19.106066824972235,1.8,291267,65127,22.35989658972695,191,97.15737202682428,0.39162303664921466,0.5848167539267015,0.8052356020942408,0.33141361256544505,0.3717277486910995,49.7,39.2,FALSE
DE089F,DEU,Lübeck,2020,9.028093061266379,1.6,383155,90660,23.661442497161723,204,54.05793667956785,0.21256544502617802,0.4722513089005236,0.8575916230366493,0.29109947643979056,0.21675392670157068,41,21.3,FALSE
DE091F,DEU,Kassel,2020,9.523939431752641,1.1,498125,112481,22.580878293601003,206,46.79997964862725,0.21780104712041884,0.20837696335078534,0.818848167539267,0.28534031413612565,0.18952879581151832,34.4,21.8,FALSE
DE095F,DEU,Osnabrück,2020,17.886768208956568,1.3,360159,73097,20.29575826232303,232,70.19908277803881,0.36858638743455496,0.2994764397905759,0.6848167539267016,0.22251308900523561,0.2753926701570681,37,36.9,FALSE
DE098F,DEU,Oldenburg (Oldenburg),2020,14.448797536099395,1.7,310871,65157,20.959497669451316,244,57.942035589484234,0.29528795811518327,0.5287958115183246,0.7235602094240837,0.19947643979057592,0.2293193717277487,39.5,29.5,FALSE
DE100F,DEU,Heidelberg,2020,20.644715017555367,1.7,314504,59969,19.06780199933864,134,118.52278174557274,0.41256544502617803,0.5287958115183246,0.5612565445026177,0.5696335078534032,0.4178010471204188,49.8,41.3,FALSE
DE101F,DEU,Paderborn,2020,15.283596565143675,1.1,336057,62903,18.717955584915654,213,50.85422882161666,0.31204188481675393,0.20837696335078534,0.5225130890052356,0.26649214659685866,0.20418848167539266,30.3,31.2,FALSE
DE102F,DEU,Würzburg,2020,15.306163842870278,1.2,380672,80556,21.161524882313383,196,80.77744166498152,0.31308900523560207,0.25287958115183246,0.7371727748691099,0.31204188481675393,0.32356020942408376,38.8,31.3,FALSE
DE104F,DEU,Wolfsburg,2020,16.85653248093346,1.2,367120,79694,21.7078884288516,250,72.36214801334532,0.34554973821989526,0.25287958115183246,0.774869109947644,0.19476439790575917,0.2879581151832461,37.1,34.6,FALSE
DE105F,DEU,Bremerhaven,2020,7.2447384851844845,1.8,205780,47063,22.87054135484498,195,50.07985296258498,0.18848167539267016,0.5848167539267015,0.8324607329842932,0.3162303664921466,0.19790575916230366,42.4,18.8,FALSE
DE107F,DEU,Heilbronn,2020,18.13462232820595,1.2,380401,74549,19.59747739885016,161,105.46165229870162,0.37277486910994767,0.25287958115183246,0.6230366492146597,0.43821989528795813,0.39162303664921466,41.6,37.3,FALSE
DE108F,DEU,Remscheid,2020,12.65112653980919,1.2,182934,41555,22.71584287229274,218,77.31120889662249,0.2554973821989529,0.25287958115183246,0.8261780104712042,0.25759162303664923,0.3099476439790576,38,25.5,FALSE
DE110F,DEU,Ulm,2020,10.345334634267488,1.4,467518,90611,19.381285854234488,190,50.72104641622072,0.2293193717277487,0.36020942408376966,0.6041884816753926,0.33507853403141363,0.2031413612565445,34.6,22.9,FALSE
DE111F,DEU,Pforzheim,2020,18.876864344481472,1,254183,53546,21.065924943839676,221,97.3954758512423,0.3863874345549738,0.16282722513089004,0.7298429319371728,0.24973821989528797,0.3738219895287958,38.1,38.6,FALSE
DE112F,DEU,Ingolstadt,2020,15.408805772402513,1.3,381426,69719,18.278512739037193,153,69.71730837655556,0.3162303664921466,0.2994764397905759,0.48900523560209425,0.4780104712041885,0.27225130890052357,37.1,31.6,FALSE
DE113F,DEU,Gera,2020,14.804682481429783,0.8,139830,40801,29.179003075162697,240,62.489010990521194,0.3057591623036649,0.09895287958115183,0.9581151832460733,0.20628272251308902,0.25026178010471206,36.4,30.6,FALSE
DE115F,DEU,Reutlingen,2020,13.924504989045072,1.8,195537,40790,20.860502104461048,225,56.61026187879185,0.28167539267015707,0.5848167539267015,0.7141361256544503,0.23717277486910995,0.22408376963350785,40.8,28.2,FALSE
DE117F,DEU,Cottbus,2020,20.3249823200738,1.1,198472,53004,26.706034100528033,286,113.79674353981495,0.4083769633507853,0.20837696335078534,0.9256544502617801,0.16544502617801046,0.40523560209424087,42.3,40.8,FALSE
DE118F,DEU,Siegen,2020,9.179328440140722,0.5,245599,53830,21.91784168502315,265,49.67748486326053,0.2157068062827225,0.04712041884816754,0.7832460732984293,0.18219895287958116,0.19581151832460733,28.5,21.6,FALSE
DE120F,DEU,Hildesheim,2020,13.879065348257333,1.1,192529,44163,22.938362532397715,180,51.04874034859115,0.27958115183246074,0.20837696335078534,0.8345549738219895,0.36544502617801045,0.20628272251308902,37.9,28,FALSE
DE124F,DEU,Wuppertal,2020,13.612099816727083,1.6,383637,80682,21.030818195325267,254,78.29601958876326,0.2743455497382199,0.4722513089005236,0.7277486910994765,0.19267015706806281,0.31518324607329845,39.6,27.4,FALSE
DE125F,DEU,Jena,2020,16.654468394901592,1.4,183943,42654,23.188705196718548,198,67.95749518807004,0.34345549738219894,0.36020942408376966,0.8439790575916231,0.3068062827225131,0.2680628272251309,42.5,34.3,FALSE
DE126F,DEU,"Düren, Stadt",2020,18.64735302511868,0.7,192753,41346,21.450249801559508,211,92.01962853463111,0.38534031413612563,0.07801047120418848,0.7539267015706806,0.27382198952879583,0.35706806282722514,37,38.5,FALSE
DK001F,DNK,København,2020,3.828405389848762,1.3,2191263,382196,17.441813237388665,127,27.09970046775232,0.12041884816753927,0.2994764397905759,0.41047120418848165,0.599476439790576,0.09947643979057591,30.6,12,FALSE
DK002F,DNK,Århus,2020,3.7759332038931976,1.4,526820,88184,16.738924110701948,173,16.23011244291386,0.11727748691099477,0.36020942408376966,0.36020942408376966,0.3910994764397906,0.05340314136125655,25.6,11.7,FALSE
DK003F,DNK,Odense,2020,2.6267775957887656,1.2,382871,78162,20.414708870611772,276,26.82415509040365,0.09528795811518324,0.25287958115183246,0.694240837696335,0.1706806282722513,0.09842931937172775,26.2,9.5,FALSE
DK004F,DNK,Aalborg,2020,1.7011144569393055,1.8,321792,62236,19.34044351630867,212,13.945900819481691,0.06910994764397906,0.5848167539267015,0.5947643979057592,0.2706806282722513,0.04607329842931937,31.3,6.9,FALSE
ES001F,ESP,Madrid,2020,80.94579007509296,3.1,7139955,1255247,17.580600998185563,54,403.98766466369034,0.7769633507853403,0.9586387434554974,0.42303664921465967,0.8858638743455497,0.7842931937172775,76.6,77.7,TRUE
ES002F,ESP,Barcelona,2020,42.4472223896882,2.3,5510555,1040808,18.887534921618602,54,203.7730963924974,0.5465968586387434,0.7832460732984293,0.5455497382198953,0.8858638743455497,0.5403141361256545,66,54.7,TRUE
ES003F,ESP,Valencia,2020,71.31261246900502,2.1,2386026,450838,18.894932410627547,84,389.48027530135664,0.7382198952879581,0.7183246073298429,0.5465968586387434,0.7732984293193718,0.7727748691099476,71,73.8,TRUE
ES004F,ESP,Sevilla,2020,125.21747809018427,3.6,1784685,297194,16.65246247937311,69,739.2922592181624,0.8774869109947644,0.9832460732984293,0.3549738219895288,0.8282722513089005,0.8806282722513089,78.5,87.7,TRUE
ES005F,ESP,Zaragoza,2020,90.95878937754598,2.3,795161,162445,20.429196099909326,83,440.3130409945865,0.8031413612565445,0.7832460732984293,0.6952879581151833,0.7774869109947644,0.8010471204188482,77.2,80.3,TRUE
ES006F,ESP,Málaga,2020,39.91255227553666,2.2,1302982,226036,17.347591908407022,103,368.7628091098401,0.5329842931937173,0.7539267015706806,0.40104712041884816,0.694240837696335,0.7549738219895288,62.7,53.3,FALSE
ES007F,ESP,Murcia,2020,107.9050841794764,1.9,1230708,192558,15.64611589426574,213,447.1782959406275,0.8450261780104712,0.6350785340314136,0.2931937172774869,0.26649214659685866,0.8041884816753927,56.9,84.5,FALSE
ES008F,ESP,Las Palmas,2020,1.5442555656834718,0.3,835034,138578,16.595491920089483,107,185.4454348983531,0.06492146596858639,0.027225130890052355,0.3507853403141361,0.6801047120418848,0.5256544502617801,33,6.5,FALSE
ES009F,ESP,Valladolid,2020,72.22975044008852,3.4,439202,98965,22.53291196306028,71,282.2359649154905,0.743455497382199,0.9774869109947644,0.8178010471204189,0.819371727748691,0.6670157068062827,80.5,74.3,TRUE
ES010F,ESP,Palma de Mallorca,2020,69.69799497170511,2.3,778823,124667,16.007103025976377,88,389.4484176980783,0.7287958115183246,0.7832460732984293,0.31308900523560207,0.7581151832460733,0.7717277486910995,67.1,72.9,TRUE
ES012F,ESP,Vitoria/Gasteiz,2020,22.21190806345462,1.4,297067,61819,20.809783651499494,57,110.47526299038212,0.4261780104712042,0.36020942408376966,0.7130890052356021,0.874869109947644,0.3968586387434555,55.4,42.6,FALSE
ES013F,ESP,Oviedo,2020,8.433604301502006,0.9,974322,252792,25.94542666592769,98,32.3860297802738,0.20523560209424083,0.12513089005235603,0.9151832460732985,0.7115183246073299,0.12146596858638743,41.6,20.5,FALSE
ES014F,ESP,Pamplona/Iruña,2020,29.248857111598813,1.2,426621,80087,18.772399858422347,51,175.3710868163547,0.46596858638743455,0.25287958115183246,0.5287958115183246,0.8994764397905759,0.5151832460732985,53.2,46.6,FALSE
ES015F,ESP,Santander,2020,12.65560618477666,0.6,428082,93792,21.909821015599814,138,74.17593334374125,0.25654450261780104,0.060209424083769635,0.7811518324607329,0.5534031413612566,0.2963350785340314,39,25.7,FALSE
ES017F,ESP,Badajoz,2020,108.34178609248922,3.3,191433,33391,17.44265617735709,139,679.8232653678529,0.8460732984293193,0.9738219895287958,0.41151832460732984,0.5471204188481675,0.8701570680628272,73,84.6,TRUE
ES018F,ESP,Logroño,2020,50.611529232067895,2.2,201062,39790,19.789915548437794,76,164.95484030823624,0.6104712041884817,0.7539267015706806,0.6397905759162303,0.7947643979057591,0.506806282722513,66.1,61,TRUE
ES019F,ESP,Bilbao,2020,18.21169592792421,1,1157547,262307,22.660591751350054,95,71.7124982156427,0.37591623036649213,0.16282722513089004,0.8209424083769633,0.7225130890052356,0.28167539267015707,47.3,37.6,FALSE
ES020F,ESP,Córdoba,2020,120.65008237229883,4.8,451916,87136,19.281459386257623,89,760.1887275655113,0.8701570680628272,1,0.5832460732984294,0.7513089005235603,0.8890052356020942,81.9,87,TRUE
ES021F,ESP,Alicante/Alacant,2020,55.273893635735575,1,953876,174098,18.25163857776063,146,440.51958221475974,0.6418848167539267,0.16282722513089004,0.48586387434554973,0.5094240837696336,0.8020942408376963,52,64.2,FALSE
ES022F,ESP,Vigo,2020,11.107682248690876,0.7,586916,130087,22.164500541815183,154,102.5836325779323,0.24293193717277486,0.07801047120418848,0.793717277486911,0.4738219895287958,0.38534031413612563,39.5,24.3,FALSE
ES024F,ESP,Santa Cruz de Tenerife,2020,4.135966873171354,1.6,762005,132551,17.39503021633716,65,128.75304586122004,0.12670157068062826,0.4722513089005236,0.406282722513089,0.83821989528795815,0.437696335078534,45.6,12.7,FALSE
ES025F,ESP,A Coruña,2020,6.692998575274359,0.8,519189,123698,23.825235126322013,92,41.130047574485445,0.18010471204188483,0.09895287958115183,0.86282722513089,0.7356020942408377,0.1612565445026178,40.8,18,FALSE
ES030F,ESP,Girona,2020,57.254532094945,2.1,271842,43137,15.868408855143796,94,205.71302962921501,0.6523560209424084,0.7183246073298429,0.3036649214659686,0.7261780104712042,0.5455497382198953,58.9,65.2,FALSE
ES031F,ESP,Cáceres,2020,106.84454072362416,1.9,134416,26081,19.403196048089512,224,645.2761343913544,0.8429319371727748,0.6350785340314136,0.6052356020942409,0.2418848167539267,0.86282722513089,63.8,84.3,FALSE
ES037F,ESP,Ferrol,2020,1.3889189387319816,0.8,146151,39257,26.86057570594796,235,30.428440288597642,0.060732984293193716,0.09895287958115183,0.9287958115183246,0.21727748691099477,0.1130890052356021,28.4,6.1,FALSE
ES041F,ESP,Guadalajara,2020,79.24604635222352,2.8,121242,18857,15.553191138384388,71,356.9499240176424,0.7727748691099476,0.9256544502617801,0.2858638743455497,0.819371727748691,0.7507853403141361,71.1,77.3,TRUE
ES042F,ESP,Manresa,2020,50.690075976391384,1.5,135676,26722,19.695450927208938,90,193.04863098925364,0.6115183246073298,0.42041884816753927,0.6293193717277487,0.7439790575916231,0.5340314136125655,58.8,61.2,FALSE
ES043F,ESP,Ciudad Real,2020,109.26717073676495,3.7,109815,18817,17.13518189682648,104,594.2626078914998,0.8481675392670157,0.9863874345549738,0.3863874345549738,0.6921465968586388,0.8534031413612565,75.3,84.8,TRUE
ES044F,ESP,Benidorm,2020,29.073560113569826,0.3,120822,24358,20.16023571866051,224,369.571933533078,0.4649214659685864,0.027225130890052355,0.6743455497382199,0.2418848167539267,0.7570680628272252,43.3,46.5,FALSE
ES059F,ESP,Granada,2020,93.65344788509242,2.3,582408,98905,16.982081290092168,86,394.01381614486826,0.8094240837696335,0.7832460732984293,0.37801047120418846,0.7643979057591623,0.7738219895287958,70.2,80.9,TRUE
ES062F,ESP,Jerez de la Frontera,2020,92.95295757978069,2.8,217538,36073,16.582390203090956,86,576.5126795036304,0.806282722513089,0.9256544502617801,0.3486910994764398,0.7643979057591623,0.8492146596858638,73.9,80.6,TRUE
ES063F,ESP,San Sebastián/Donostia,2020,20.700260602038338,0.3,504650,113552,22.50113940354701,119,76.44128578395447,0.41465968586387436,0.027225130890052355,0.8157068062827225,0.6319371727748692,0.3078534031413613,43.9,41.5,FALSE
ES065F,ESP,Almería,2020,48.551949998856266,0.9,247906,38853,15.672472630755205,133,394.2995234198238,0.587434554973822,0.12513089005235603,0.2942408376963351,0.5732984293193717,0.774869109947644,47.1,58.7,FALSE
ES066F,ESP,Burgos,2020,34.561724493307175,1.8,214540,48489,22.601379696093968,73,130.3844284018479,0.5015706806282723,0.5848167539267015,0.8198952879581152,0.8089005235602095,0.4418848167539267,63.1,50.2,FALSE
ES067F,ESP,Salamanca,2020,65.93558956260536,4.3,213759,49342,23.083004692200095,68,267.60356235739954,0.7130890052356021,0.9963350785340314,0.8397905759162304,0.8319371727748691,0.643979057591623,80.5,71.3,TRUE
ES068F,ESP,Albacete,2020,90.78033108367981,3.5,208658,36907,17.687795339742546,58,419.9962565658861,0.8010471204188482,0.9801047120418848,0.4356020942408377,0.868586387434555,0.7916230366492146,77.5,80.1,TRUE
ES069F,ESP,Castellón de la Plana/Castelló de la Plana,2020,51.618766359067116,1,351554,62690,17.832253366481392,129,296.1130899168605,0.6167539267015707,0.16282722513089004,0.44712041884816756,0.5895287958115183,0.6816753926701571,50,61.7,FALSE
ES070F,ESP,Huelva,2020,105.6558907334871,2.1,256117,44610,17.417820761605046,52,669.8484035146099,0.837696335078534,0.7183246073298429,0.4083769633507853,0.8958115183246074,0.8691099476439791,74.6,83.8,TRUE
ES071F,ESP,Cádiz,2020,21.074001817907792,1.7,252140,49834,19.76441659395574,22,525.9715309469788,0.4198952879581152,0.5287958115183246,0.6356020942408377,0.987434554973822,0.8397905759162304,68.2,42,TRUE
ES072F,ESP,León,2020,36.48619631191554,1.3,219641,53849,24.516825182912115,102,138.93335228334072,0.5130890052356021,0.2994764397905759,0.8848167539267016,0.6984293193717277,0.45549738219895286,57,51.3,FALSE
ES073F,ESP,Tarragona,2020,49.475758007347736,1.1,474142,81589,17.207714144707705,85,324.61563677362534,0.5958115183246073,0.20837696335078534,0.39267015706806285,0.7680628272251309,0.7130890052356021,53.6,59.6,FALSE
ES074F,ESP,Jaén,2020,115.71592083822526,1.2,251851,46383,18.416841704023412,97,686.5701750107758,0.8638743455497382,0.25287958115183246,0.5026178010471204,0.7172774869109948,0.8712041884816754,64.2,86.4,FALSE
ES075F,ESP,Lleida,2020,106.40564072664303,2.7,216921,39067,18.00978236316447,112,479.9083747319033,0.8397905759162304,0.9015706806282723,0.46701570680628274,0.6602094240837696,0.8240837696335078,73.9,84,TRUE
ES076F,ESP,Ourense,2020,36.49630877692143,3.2,196462,55814,28.409565208539057,152,129.36425481746505,0.5141361256544502,0.9670157068062827,0.9455497382198953,0.4837696335078534,0.4387434554973822,67,51.4,TRUE
ES079F,ESP,Algeciras,2020,19.834189047533993,1.1,146855,22798,15.524156480882503,97,315.8785352409095,0.39895287958115183,0.20837696335078534,0.28272251308900526,0.7172774869109948,0.6984293193717277,46.1,39.9,FALSE
ES089F,ESP,Eivissa,2020,76.31844329542403,0.7,151827,19091,12.57417982308812,70,486.1512803438897,0.7591623036649214,0.07801047120418848,0.16753926701570682,0.824607329842932,0.8272251308900523,53.1,75.9,FALSE
EE001F,EST,Tallinn,2020,2.02428783434858,2,689006,125373,18.19621309538669,117,14.506613198711436,0.08272251308900523,0.6785340314136126,0.4806282722513089,0.6408376963350786,0.048167539267015703,38.6,8.3,FALSE
EE002F,EST,Tartu,2020,5.626988358125998,0.7,178100,33093,18.58113419427288,174,21.21487475411448,0.1581151832460733,0.07801047120418848,0.5151832460732985,0.38848167539267014,0.07015706806282722,24.2,15.8,FALSE
FI001F,FIN,Helsinki,2020,0.7668174060210137,1.3,1692609,298855,17.65646998214,186,19.57176330968923,0.040837696335078534,0.2994764397905759,0.4324607329842932,0.34921465968586385,0.06387434554973823,23.7,4.1,FALSE
FI002F,FIN,Tampere,2020,0.9528709810666839,0.8,451972,91672,20.282672377934915,222,22.125887723361,0.04293193717277487,0.09895287958115183,0.6816753926701571,0.24659685863874345,0.07539267015706806,22.9,4.3,FALSE
FI003F,FIN,Turku,2020,1.783512352239663,1.4,366096,80390,21.958721209737337,202,21.95378810856414,0.07015706806282722,0.36020942408376966,0.7863874345549738,0.29476439790575915,0.0743455497382199,31.7,7,FALSE
FI004F,FIN,Oulu,2020,6.458093934338711e-4,2.1,267319,44594,16.681941799872064,278,7.501245095201597,0.01780104712041885,0.7183246073298429,0.35602094240837695,0.16858638743455498,0.025130890052356022,25.7,1.8,FALSE
FI008F,FIN,Kuopio,2020,0.002635876673906778,1.7,164537,38338,23.300534226344226,306,16.620529250213618,0.018848167539267015,0.5287958115183246,0.8481675392670157,0.15287958115183245,0.05445026178010471,32.1,1.9,FALSE
FI009F,FIN,Jyväskylä,2020,1.0022424682946864,0.9,187111,36421,19.464916546862558,219,20.957189183532662,0.049214659685863874,0.12513089005235603,0.6146596858638743,0.2554973821989529,0.06806282722513089,22.3,4.9,FALSE
FR001F,FRA,Paris,2020,19.857406786567044,2.7,13081499,1990855,15.218859856962876,75,133.83451066405854,0.4,0.9015706806282723,0.2680628272251309,0.7979057591623037,0.4513089005235602,56.4,40,FALSE
FR002F,FRA,Lyon,2020,47.12523408523637,2.7,2245335,378053,16.83726481794476,84,188.3613089191692,0.5769633507853403,0.9015706806282723,0.3643979057591623,0.7732984293193718,0.5308900523560209,62.9,57.7,FALSE
FR003F,FRA,Lille,2020,15.491762519388624,1.6,1570863,248624,15.827223634397143,99,84.33277031315218,0.3172774869109948,0.4722513089005236,0.30052356020942406,0.706282722513089,0.33507853403141363,42.6,31.7,FALSE
FR004F,FRA,Marseille,2020,27.0563122711205,2.1,1741640,355403,20.40622631542684,113,262.0337206339191,0.45340314136125653,0.7183246073298429,0.6931937172774869,0.6554973821989529,0.6376963350785341,63.2,45.3,FALSE
FR005F,FRA,Bordeaux,2020,38.74754280764933,2.1,1396939,252118,18.047888991573718,111,218.72777153100046,0.5256544502617801,0.7183246073298429,0.4701570680628272,0.6638743455497382,0.5654450261780105,58.9,52.6,FALSE
FR006F,FRA,Toulouse,2020,62.730105592096386,2.3,1462437,236468,16.169448666848556,131,252.99670831165173,0.6952879581151833,0.7832460732984293,0.3183246073298429,0.5821989528795811,0.6198952879581152,60,69.5,FALSE
FR007F,FRA,Nantes,2020,17.084192399226872,1.7,1020161,162850,15.96316659821342,132,104.8002962337262,0.3539267015706806,0.5287958115183246,0.31099476439790574,0.5774869109947643,0.39057591623036647,43.2,35.4,FALSE
FR008F,FRA,Nice,2020,22.870629872782605,2.5,616121,147795,23.987982879986237,168,49.757414897759794,0.43455497382198954,0.8486910994764398,0.8691099476439791,0.41256544502617803,0.1968586387434555,55.2,43.5,FALSE
FR009F,FRA,Strasbourg,2020,32.277377017684174,2.1,848048,151368,17.848989679829444,112,139.68219104652994,0.4869109947643979,0.7183246073298429,0.450261780104712,0.6602094240837696,0.4586387434554974,55.5,48.7,FALSE
FR010F,FRA,Rouen,2020,14.73674320630849,2.3,708302,133009,18.778571852119576,158,83.37965492893576,0.30261780104712044,0.7832460732984293,0.5319371727748691,0.4544502617801047,0.3308900523560209,48.1,30.3,FALSE
FR011F,FRA,Montpellier,2020,34.312788252217175,1.6,787274,147812,18.775165952387606,90,253.75962660443406,0.49947643979057593,0.4722513089005236,0.5298429319371728,0.7439790575916231,0.6240837696335079,57.4,49.9,FALSE
FR012F,FRA,Grenoble,2020,29.54454672119385,3,690709,130169,18.845707816171497,103,61.58210965359883,0.46910994764397906,0.9492146596858638,0.5392670157068062,0.694240837696335,0.24712041884816754,58,46.9,FALSE
FR013F,FRA,Tours,2020,27.595797012006486,2.2,528704,109149,20.644632913690838,142,150.3805287282445,0.45549738219895286,0.7539267015706806,0.7068062827225131,0.5329842931937173,0.4774869109947644,58.5,45.5,FALSE
FR014F,FRA,Cannes-Antibes,2020,24.376002950198306,1.9,389877,99920,25.62859568530588,208,146.0533803952328,0.44712041884816756,0.6350785340314136,0.9089005235602095,0.2806282722513089,0.46596858638743455,54.8,44.7,FALSE
FR015F,FRA,Toulon,2020,18.474245511916344,1.4,580012,150307,25.9144638386792,206,259.12356740002457,0.38219895287958117,0.36020942408376966,0.9141361256544502,0.28534031413612565,0.6356020942408377,51.5,38.2,FALSE
FR016F,FRA,Rennes,2020,14.644601405867345,2.1,770647,119235,15.47206438226581,115,72.25259288638692,0.2994764397905759,0.7183246073298429,0.27958115183246074,0.6507853403141362,0.2837696335078534,44.6,29.9,FALSE
FR017F,FRA,Reims,2020,28.803047464648973,2,358493,64016,17.856973497390467,93,148.6915306413269,0.4617801047120419,0.6785340314136126,0.45340314136125653,0.7308900523560209,0.4722513089005236,55.9,46.2,FALSE
FR018F,FRA,Orléans,2020,31.669344263501635,1.7,455481,84595,18.57267372294344,145,156.40661375949406,0.4806282722513089,0.5287958115183246,0.5130890052356021,0.5172774869109947,0.48795811518324606,50.6,48.1,FALSE
FR019F,FRA,Nancy,2020,20.108260853775057,2.3,511061,98690,19.31080634210006,107,119.64793534632432,0.4041884816753927,0.7832460732984293,0.5895287958115183,0.6801047120418848,0.4198952879581152,57.5,40.4,FALSE
FR020F,FRA,Dijon,2020,31.33562553544518,2.5,409064,80606,19.7049850390159,92,157.42488990376773,0.4774869109947644,0.8486910994764398,0.631413612565445,0.7356020942408377,0.49214659685863876,63.7,47.7,FALSE
FR021F,FRA,Clermont-Ferrand,2020,18.953580722824583,2.7,513646,103316,20.11424210448441,110,114.69883482119575,0.387434554973822,0.9015706806282723,0.6701570680628273,0.668586387434555,0.4073298429319372,60.7,38.7,FALSE
FR022F,FRA,Le Havre,2020,5.325005445431529,2.4,344075,68593,19.93547918331759,152,58.801033124889976,0.15287958115183245,0.8151832460732984,0.650261780104712,0.4837696335078534,0.23350785340314137,46.7,15.3,FALSE
FR023F,FRA,Saint-Étienne,2020,23.297085735911864,2.1,504642,107192,21.24119672956274,121,124.7395886980663,0.437696335078534,0.7183246073298429,0.743455497382199,0.6235602094240837,0.4293193717277487,59,43.8,FALSE
FR024F,FRA,Angers,2020,24.082556726305775,1.4,445743,84759,19.0152172888862,159,129.73769160966802,0.44502617801047123,0.36020942408376966,0.5570680628272251,0.4476439790575916,0.4397905759162304,45,44.5,FALSE
FR025F,FRA,Mulhouse,2020,31.181818684960124,2.1,396119,78301,19.767039702715596,140,116.20573509946158,0.47643979057591623,0.7183246073298429,0.6366492146596858,0.5424083769633508,0.41151832460732984,55.7,47.6,FALSE
FR026F,FRA,Lens,2020,15.898896870031887,1.4,302478,53987,17.848240202593246,242,86.69704438353067,0.32460732984293195,0.36020942408376966,0.4492146596858639,0.20157068062827224,0.34345549738219894,33.6,32.5,FALSE
FR027F,FRA,Metz,2020,21.457447414941797,2.4,372098,69615,18.708781020053856,156,119.5814145970939,0.42408376963350786,0.8151832460732984,0.5214659685863874,0.4654450261780105,0.418848167539267,52.9,42.4,FALSE
FR028F,FRA,Nîmes,2020,78.50031103462575,2,351527,73484,20.904226417885397,150,356.6122407427541,0.7654450261780105,0.6785340314136126,0.7183246073298429,0.49109947643979057,0.749738219895288,68.1,76.5,TRUE
FR029F,FRA,Le Mans,2020,24.701217470843563,2.6,379666,79955,21.059299489551343,151,123.16317060898784,0.4492146596858639,0.8759162303664921,0.7287958115183246,0.48795811518324606,0.4282722513089005,59.4,44.9,FALSE
FR030F,FRA,Saint-Denis,2020,27.582506050026403,0.9,315080,36469,11.574520756633236,166,250.1105526126795,0.4544502617801047,0.12513089005235603,0.14136125654450263,0.42041884816753927,0.6178010471204188,35.2,45.4,FALSE
FR031F,FRA,Caen,2020,13.936782256858088,1.8,474154,94754,19.98380273075836,162,70.40627864720196,0.28272251308900526,0.5848167539267015,0.6575916230366492,0.43455497382198954,0.2764397905759162,44.7,28.3,FALSE
FR032F,FRA,Limoges,2020,28.844165591557356,2.5,325398,76359,23.466339682481145,208,132.98951846480298,0.46282722513089003,0.8486910994764398,0.8544502617801047,0.2806282722513089,0.4492146596858639,57.9,46.3,FALSE
FR034F,FRA,Brest,2020,1.3585413106570003,0.9,368345,71676,19.45893116507622,155,8.035253381420052,0.05863874345549738,0.12513089005235603,0.612565445026178,0.4706806282722513,0.028272251308900525,25.9,5.9,FALSE
FR035F,FRA,Amiens,2020,15.306941317694202,1,354647,64324,18.137471908686667,141,88.16760866038832,0.31413612565445026,0.16282722513089004,0.47643979057591623,0.537696335078534,0.34764397905759165,36.8,31.4,FALSE
FR036F,FRA,Dunkerque,2020,12.233246415070884,1.1,252905,49573,19.60143136750954,155,60.295869238986995,0.2513089005235602,0.20837696335078534,0.6240837696335079,0.4706806282722513,0.24083769633507854,35.9,25.1,FALSE
FR037F,FRA,Perpignan,2020,49.81999104917867,1.4,415452,106061,25.529062322482503,90,184.7975705713451,0.6,0.36020942408376966,0.9068062827225131,0.7439790575916231,0.5235602094240838,62.7,60,FALSE
FR038F,FRA,Annecy,2020,18.544119565415325,1.7,300308,55968,18.636866150751896,122,60.85759020711947,0.3842931937172775,0.5287958115183246,0.518324607329843,0.6172774869109947,0.2450261780104712,45.9,38.4,FALSE
FR039F,FRA,Besançon,2020,36.13424807907333,2.6,275280,52610,19.111450159837258,175,151.06834437992111,0.5099476439790576,0.8759162303664921,0.5685863874345549,0.38481675392670156,0.47958115183246075,56.4,51,FALSE
FR040F,FRA,Bayonne,2020,13.664623927211766,1.9,267657,64001,23.911573394306892,160,142.8184620787818,0.2753926701570681,0.6350785340314136,0.8649214659685864,0.4424083769633508,0.4617801047120419,53.6,27.5,FALSE
FR042F,FRA,Pau,2020,32.50260274143798,1.5,285231,64089,22.469156578352283,188,148.73406283424487,0.48795811518324606,0.42041884816753927,0.8104712041884817,0.34293193717277487,0.4732984293193717,50.7,48.8,FALSE
FR043F,FRA,Avignon,2020,71.42633073378789,1.6,324783,68528,21.099626519860955,170,389.0670096072854,0.7403141361256544,0.4722513089005236,0.7319371727748691,0.4005235602094241,0.7706806282722513,62.3,74,FALSE
FR044F,FRA,Troyes,2020,27.70078841280032,1.7,216650,44835,20.694668820678515,136,153.46512913431576,0.45654450261780105,0.5287958115183246,0.7078534031413612,0.5638743455497383,0.48586387434554973,54.9,45.7,FALSE
FR045F,FRA,Valenciennes,2020,16.181006689801038,1.1,306203,53530,17.48186660483405,183,96.04811245601621,0.33612565445026177,0.20837696335078534,0.41465968586387436,0.3575916230366492,0.36649214659685864,33.7,33.6,FALSE
FR046F,FRA,Fort-de-France,2020,106.52416982902497,1.3,347170,73502,21.171760232739004,139,1476.8883445301026,0.8408376963350785,0.2994764397905759,0.7392670157068063,0.5471204188481675,0.9727748691099476,68,84.1,TRUE
FR047F,FRA,Poitiers,2020,32.68037846573333,1.5,287215,54897,19.11355604686385,160,157.43548730760742,0.48900523560209425,0.42041884816753927,0.5696335078534032,0.4424083769633508,0.4931937172774869,48.3,48.9,FALSE
FR048F,FRA,Valence,2020,41.707629650684545,1.9,251178,53593,21.336661650303768,106,178.59602095128255,0.5413612565445026,0.6350785340314136,0.7486910994764397,0.6858638743455497,0.5172774869109947,62.6,54.1,FALSE
FR050F,FRA,Chambéry,2020,25.073869906967033,2.5,216201,43352,20.05171113917142,204,77.13316793693059,0.450261780104712,0.8486910994764398,0.6638743455497382,0.29109947643979056,0.3089005235602094,51.3,45,FALSE
FR052F,FRA,Douai,2020,16.01048893209917,1.4,197627,37382,18.915431595885178,257,95.39138577055469,0.3298429319371728,0.36020942408376966,0.5486910994764398,0.18848167539267016,0.36544502617801045,35.9,33,FALSE
FR054F,FRA,La Rochelle,2020,13.514106700619715,2.2,237435,56439,23.770295028112958,133,143.12809597287193,0.2712041884816754,0.7539267015706806,0.8617801047120419,0.5732984293193717,0.46282722513089003,58.5,27.1,FALSE
FR055F,FRA,Lorient,2020,1.553148326515237,1.7,233616,55499,23.756506403670983,199,38.68247300764142,0.06596858638743455,0.5287958115183246,0.8596858638743455,0.30261780104712044,0.1518324607329843,38.2,6.6,FALSE
FR056F,FRA,Cherbourg-en-Cotentin,2020,1.2767582310197416,1.6,158912,33268,20.934857027788965,265,15.067620714965436,0.05549738219895288,0.4722513089005236,0.7214659685863875,0.18219895287958116,0.049214659685863874,29.6,5.5,FALSE
FR057F,FRA,Béziers,2020,43.740786109504675,1,197722,50307,25.443299177633243,85,218.8515141813588,0.5591623036649215,0.16282722513089004,0.9047120418848168,0.7680628272251309,0.5664921465968586,59.2,55.9,FALSE
FR058F,FRA,Chartres,2020,20.29589045790293,1.9,177020,35171,19.868376454637893,161,120.69726398109582,0.4073298429319372,0.6350785340314136,0.6450261780104712,0.43821989528795813,0.42408376963350786,51,40.7,FALSE
FR060F,FRA,Boulogne-sur-Mer,2020,8.437460213693216,1.7,164069,32795,19.98854140635952,116,54.7343176602833,0.20628272251308902,0.5287958115183246,0.6586387434554973,0.6471204188481675,0.21780104712041884,45.2,20.6,FALSE
FR061F,FRA,Calais,2020,6.169850387968251,1.2,143488,25127,17.511568911685995,118,50.88200393836385,0.17382198952879582,0.25287958115183246,0.4198952879581152,0.6350785340314136,0.20523560209424083,33.7,17.4,FALSE
FR063F,FRA,Montbéliard,2020,27.829898273172514,1.5,172655,39322,22.77489791781298,228,112.34215740319753,0.45759162303664924,0.42041884816753927,0.8293193717277487,0.23350785340314137,0.40104712041884816,46.8,45.8,FALSE
FR064F,FRA,Arras,2020,15.901729581998904,1.4,162655,31055,19.09255786787987,161,82.06304195877853,0.3256544502617801,0.36020942408376966,0.5664921465968586,0.43821989528795813,0.32774869109947646,40.4,32.6,FALSE
FR065F,FRA,Colmar,2020,24.244477431041634,2.1,204470,43257,21.155670758546485,99,121.6177333284749,0.44607329842931936,0.7183246073298429,0.7361256544502618,0.706282722513089,0.42513089005235605,60.6,44.6,FALSE
FR069F,FRA,Saint-Brieuc,2020,6.898783174583389,1.1,209731,48889,23.310335620389928,225,28.41620957219432,0.18429319371727748,0.20837696335078534,0.8492146596858638,0.23717277486910995,0.10471204188481675,31.7,18.4,FALSE
FR071F,FRA,Belfort,2020,29.734727167147195,1.7,120693,24325,20.154441434051684,138,116.52235441530198,0.4701570680628272,0.5287958115183246,0.6732984293193718,0.5534031413612566,0.41361256544502617,52.8,47,FALSE
FR072F,FRA,Cayenne,2020,340.18194481354055,2,151887,11797,7.766958330864393,142,1279.9120034524276,0.9968586387434555,0.6785340314136126,0.07329842931937172,0.5329842931937173,0.9633507853403142,64.9,99.7,TRUE
FR076F,FRA,Annemasse-Geneva (French part),2020,13.971704101392454,1.4,103347,15115,14.625485016497818,120,65.26697757176144,0.2869109947643979,0.36020942408376966,0.2387434554973822,0.6287958115183246,0.25968586387434556,35.5,28.7,FALSE
UK001F,GBR,London,2020,7.276030502166831,1.4,12451423,1733827,13.924729727678516,95,41.40439172491704,0.18952879581151832,0.36020942408376966,0.20209424083769634,0.7225130890052356,0.16230366492146597,32.7,19,FALSE
UK002F,GBR,West Midlands urban area,2020,3.083316725275398,1.4,3122915,528621,16.927165805025112,138,21.08910771818723,0.10261780104712041,0.36020942408376966,0.3738219895287958,0.5534031413612566,0.06910994764397906,29.2,10.3,FALSE
UK003F,GBR,Leeds,2020,1.1024068203207356,1.3,2965845,546734,18.434341646309903,197,8.730317315097192,0.05235602094240838,0.2994764397905759,0.5047120418848168,0.3099476439790576,0.032460732984293195,24,5.2,FALSE
UK006F,GBR,Liverpool,2020,0.48735211444083404,0.8,1548752,299786,19.3566174571526,125,9.346766042736007,0.0356020942408377,0.09895287958115183,0.5989528795811518,0.606282722513089,0.033507853403141365,27.5,3.6,FALSE
UK008F,GBR,Manchester,2020,1.4418704593987024,1.1,3399018,575078,16.918945413057536,169,11.004467441855985,0.06282722513089005,0.20837696335078534,0.37277486910994767,0.40785340314136126,0.03455497382198953,21.7,6.3,FALSE
UK009F,GBR,Cardiff,2020,3.571018097773474,1.6,928101,164072,17.678248380294818,135,11.580636330909616,0.11204188481675392,0.4722513089005236,0.43455497382198954,0.5664921465968586,0.0356020942408377,32.4,11.2,FALSE
UK010F,GBR,Sheffield,2020,1.2846726196788087,1.1,1204485,221160,18.361374363317104,188,12.21561582210979,0.05654450261780105,0.20837696335078534,0.49842931937172774,0.34293193717277487,0.03664921465968586,22.9,5.7,FALSE
UK011F,GBR,Bristol,2020,4.500083268848388,1.4,969256,166686,17.197314228645478,121,26.646275339069458,0.13298429319371727,0.36020942408376966,0.39057591623036647,0.6235602094240837,0.09633507853403141,32.1,13.3,FALSE
UK013F,GBR,Newcastle upon Tyne,2020,0.006213972279073036,1.7,1192598,238888,20.030890543167104,129,2.6605901084052745,0.019895287958115182,0.5287958115183246,0.6607329842931937,0.5895287958115183,0.012565445026178011,36.2,2,FALSE
UK014F,GBR,Leicester,2020,2.4960081052829803,1.3,910918,157119,17.248424117209233,116,24.00218093005344,0.09109947643979058,0.2994764397905759,0.3958115183246073,0.6471204188481675,0.08272251308900523,30.3,9.1,FALSE
UK017F,GBR,Cambridge,2020,5.311425314465266,1,376139,67089,17.83622543793651,137,39.73775933321938,0.1518324607329843,0.16282722513089004,0.4481675392670157,0.5602094240837696,0.15392670157068064,29.5,15.2,FALSE
UK018F,GBR,Exeter,2020,3.695086524888602,1.2,499742,122430,24.498641298910236,149,13.682528333820834,0.11518324607329843,0.25287958115183246,0.8837696335078534,0.49476439790575916,0.04502617801047121,35.8,11.5,FALSE
UK019F,GBR,Lincoln,2020,2.999322707268568,1.3,314384,67424,21.44638403990025,153,19.553506662729223,0.09947643979057591,0.2994764397905759,0.7528795811518325,0.4780104712041885,0.06282722513089005,33.9,9.9,FALSE
UK023F,GBR,Portsmouth,2020,4.99841617059818,0.6,542048,105829,19.52391670110396,117,27.317186379237928,0.14136125654450263,0.060209424083769635,0.618848167539267,0.6408376963350786,0.10052356020942409,31.2,14.1,FALSE
UK024F,GBR,Worcester,2020,3.7718063272649247,1.1,179710,40093,22.309832507929443,150,22.55516351080968,0.1162303664921466,0.20837696335078534,0.8020942408376963,0.49109947643979057,0.0774869109947644,33.9,11.6,FALSE
UK025F,GBR,Coventry,2020,4.455015268813709,1.4,765319,123792,16.17521582503505,131,26.027618433059406,0.1319371727748691,0.36020942408376966,0.3193717277486911,0.5821989528795811,0.09005235602094241,29.7,13.2,FALSE
UK026F,GBR,Kingston upon Hull,2020,0.5725180059454457,1.7,602327,130068,21.594250299256053,109,8.467747028314164,0.03664921465968586,0.5287958115183246,0.7654450261780105,0.6727748691099477,0.030366492146596858,40.7,3.7,FALSE
UK027F,GBR,Stoke-on-Trent,2020,1.994154630506694,1.5,484659,96411,19.892543004462933,175,13.338821609597256,0.0743455497382199,0.42041884816753927,0.6471204188481675,0.38481675392670156,0.04293193717277487,31.4,7.4,FALSE
UK029F,GBR,Nottingham,2020,2.0067150634581603,1.1,935049,162609,17.390425528501716,139,21.226583827326333,0.08167539267015707,0.20837696335078534,0.4041884816753927,0.5471204188481675,0.0712041884816754,26.3,8.2,FALSE
UK031F,GBR,Bath and North East Somerset,2020,5.473399715060333,1.8,196357,36991,18.838645935719125,168,24.999129784335803,0.1549738219895288,0.5848167539267015,0.5382198952879581,0.41256544502617803,0.08481675392670157,35.5,15.5,FALSE
UK033F,GBR,Guildford,2020,8.1101250869962,0.5,276908,53464,19.30749563031765,225,43.98310294832061,0.20104712041884817,0.04712041884816754,0.5884816753926702,0.23717277486910995,0.17382198952879582,25,20.1,FALSE
UK034F,GBR,Thanet,2020,2.567331293060047,1.2,141458,34032,24.058024289895233,89,22.78564379262644,0.09319371727748692,0.25287958115183246,0.8712041884816754,0.7513089005235603,0.078534031413612565,40.9,9.3,FALSE
UK041F,GBR,Ashford,2020,8.940335230190893,1.1,131018,25773,19.671342868918774,180,42.80288209100499,0.21047120418848167,0.20837696335078534,0.6261780104712041,0.36544502617801045,0.16963350785340314,31.6,21,FALSE
UK043F,GBR,East Staffordshire,2020,2,1.3,120923,23403,19.353638265673197,138,17.725946512880334,0.07801047120418848,0.2994764397905759,0.5979057591623037,0.5534031413612566,0.05549738219895288,31.7,7.8,FALSE
UK044F,GBR,Darlington,2020,0.9788847234362525,1.5,107402,22131,20.605761531442617,123,7.775414715339704,0.04397905759162304,0.42041884816753927,0.7036649214659686,0.612565445026178,0.027225130890052355,36.2,4.4,FALSE
UK045F,GBR,Worthing,2020,2.002378198002451,0.9,110727,25145,22.70900503039006,79,19.429688033848524,0.0806282722513089,0.12513089005235603,0.8251308900523561,0.7895287958115184,0.060732984293193716,37.6,8.1,FALSE
UK046F,GBR,Mansfield,2020,2,1.1,109351,21415,19.583725800404203,144,16.089766576900637,0.07801047120418848,0.20837696335078534,0.6209424083769634,0.5246073298429319,0.05235602094240838,29.7,7.8,FALSE
UK047F,GBR,Chesterfield,2020,1.1512222526287992,0.9,104930,22511,21.453349852282475,166,13.211647583151006,0.05340314136125655,0.12513089005235603,0.7549738219895288,0.42041884816753927,0.041884816753926704,27.9,5.3,FALSE
UK055F,GBR,Eastbourne,2020,0.589677863299197,0.2,103324,26162,25.320351515620764,120,15.800293042416639,0.03769633507853403,0.019895287958115182,0.9015706806282723,0.6287958115183246,0.050261780104712044,32.8,3.8,FALSE
UK056F,GBR,Hastings,2020,4.3296821570597706,1.1,189270,50365,26.610133671474614,171,40.98947568728632,0.12879581151832462,0.20837696335078534,0.9246073298429319,0.3947643979057592,0.16020942408376965,36.3,12.9,FALSE
UK062F,GBR,Halton,2020,1.3225229384592196,0.3,129759,24105,18.576746121656303,201,14.005323253457998,0.05759162303664921,0.027225130890052355,0.5141361256544502,0.29790575916230366,0.04712041884816754,18.9,5.8,FALSE
UK506F,GBR,Doncaster,2020,2,1.2,312785,60324,19.286091084930543,148,16.088351056442658,0.07801047120418848,0.25287958115183246,0.5863874345549738,0.4989528795811518,0.05130890052356021,29.4,7.8,FALSE
UK513F,GBR,Medway,2020,4.015048966400745,1.3,279142,45273,16.21862707869113,121,40.492182946027086,0.12356020942408377,0.2994764397905759,0.32460732984293195,0.6235602094240837,0.15602094240837697,30.5,12.4,FALSE
UK515F,GBR,Brighton and Hove,2020,2.5298856887117855,1.5,459450,81084,17.64805746000653,86,25.540494243275297,0.09214659685863874,0.42041884816753927,0.43036649214659684,0.7643979057591623,0.08691099476439791,35.9,9.2,FALSE
UK516F,GBR,Plymouth,2020,2.4233155858562894,2,406924,89995,22.115923366525443,158,8.623153817413781,0.09005235602094241,0.6785340314136126,0.7884816753926701,0.4544502617801047,0.031413612565445025,40.9,9,FALSE
UK517F,GBR,Swansea,2020,1.78616555604759,1.3,390949,79212,20.26146632936777,239,8.058473946229887,0.0712041884816754,0.2994764397905759,0.6795811518324607,0.2099476439790576,0.02931937172774869,25.8,7.1,FALSE
UK518F,GBR,Derby,2020,1.999620400686915,1.3,495159,91296,18.43771394642933,149,18.164193096867145,0.07539267015706806,0.2994764397905759,0.5057591623036649,0.49476439790575916,0.05759162303664921,28.7,7.5,FALSE
UK520F,GBR,Southampton,2020,5.587466890496963,1.4,695204,141790,20.395452270125027,166,32.84504965870006,0.15706806282722513,0.36020942408376966,0.6910994764397905,0.42041884816753927,0.12356020942408377,35,15.7,FALSE
UK525F,GBR,Milton Keynes,2020,6,0.2,270203,39017,14.439884087149292,198,35.69700212598772,0.17015706806282724,0.019895287958115182,0.225130890052356,0.3068062827225131,0.13507853403141362,17.1,17,FALSE
UK528F,GBR,Northampton,2020,5.941693045629566,1.2,406733,72609,17.851760245664845,152,29.912047472690134,0.16544502617801046,0.25287958115183246,0.4513089005235602,0.4837696335078534,0.11099476439790576,29.3,16.5,FALSE
UK531F,GBR,Warrington,2020,2.192877739271657,0.7,209397,40052,19.127303638543054,176,12.860982234515536,0.08586387434554973,0.07801047120418848,0.5717277486910994,0.381151832460733,0.039790575916230364,23.1,8.6,FALSE
UK532F,GBR,Luton,2020,6,1,213528,26972,12.631598666217076,64,37.53466996125348,0.17015706806282724,0.16282722513089004,0.16858638743455498,0.8429319371727748,0.14136125654450263,29.7,17,FALSE
UK533F,GBR,York,2020,2,1.3,211012,38874,18.422648948874947,118,12.610804713494897,0.07801047120418848,0.2994764397905759,0.5036649214659686,0.6350785340314136,0.0387434554973822,31.1,7.8,FALSE
UK535F,GBR,Swindon,2020,6,1.5,222881,36873,16.543805887446663,122,33.236143292561096,0.17015706806282724,0.42041884816753927,0.34345549738219894,0.6172774869109947,0.12670157068062826,33.6,17,FALSE
UK539F,GBR,Bournemouth,2020,3.205334357247326,2.1,396989,86843,21.87541720299555,137,24.044278995965964,0.10575916230366492,0.7183246073298429,0.7801047120418848,0.5602094240837696,0.08376963350785341,45,10.6,FALSE
UK542F,GBR,Telford and Wrekin,2020,2.9094406256546237,0.5,181322,31739,17.504219013688356,231,17.98151270281276,0.09842931937172775,0.04712041884816754,0.418848167539267,0.22722513089005236,0.05654450261780105,17,9.8,FALSE
UK543F,GBR,North East Lincolnshire,2020,0.4555069095776623,1,159364,33258,20.869205090233677,118,12.497127776120593,0.03455497382198953,0.16282722513089004,0.7151832460732984,0.6350785340314136,0.03769633507853403,31.7,3.5,FALSE
UK545F,GBR,Peterborough,2020,4.836746383339198,1.4,202626,30493,15.048907840060012,170,32.02854735810238,0.13926701570680627,0.36020942408376966,0.25863874345549737,0.4005235602094241,0.12041884816753927,25.6,13.9,FALSE
UK546F,GBR,Colchester,2020,5.053822409000869,0.6,344553,78107,22.669081389510467,169,23.08826333238817,0.14345549738219895,0.060209424083769635,0.8219895287958116,0.40785340314136126,0.0806282722513089,30.3,14.3,FALSE
UK548F,GBR,Basingstoke and Deane,2020,7.523702940175476,1.2,177760,31320,17.619261926192618,145,38.60094717753265,0.19267015706806281,0.25287958115183246,0.42513089005235605,0.5172774869109947,0.15078534031413612,30.8,19.3,FALSE
UK549F,GBR,Bedford,2020,6,0.5,174687,31422,17.987600680073502,133,37.55194335856403,0.17015706806282724,0.04712041884816754,0.4649214659685864,0.5732984293193717,0.14345549738219895,28,17,FALSE
UK552F,GBR,Reading,2020,6.629281307339283,1.1,334282,50906,15.228459803399526,145,41.56693379946368,0.17905759162303664,0.20837696335078534,0.27015706806282724,0.5172774869109947,0.16335078534031414,26.8,17.9,FALSE
UK553F,GBR,Blackpool,2020,0.1104757417825816,0.9,332659,82586,24.826023044619266,122,5.175390138164004,0.023036649214659685,0.12513089005235603,0.8890052356020942,0.6172774869109947,0.020942408376963352,33.5,2.3,FALSE
UK554F,GBR,Maidstone,2020,7.667807119957041,1.4,173132,33395,19.288750779751865,146,46.68813111631917,0.19581151832460733,0.36020942408376966,0.587434554973822,0.5094240837696336,0.18848167539267016,36.8,19.6,FALSE
UK556F,GBR,Dacorum,2020,5.890698723039961,0.9,155457,27150,17.464636523282966,146,37.047433268300935,0.1643979057591623,0.12513089005235603,0.41361256544502617,0.5094240837696336,0.13926701570680627,27,16.4,FALSE
UK557F,GBR,Blackburn with Darwen,2020,1.0268854001790764,1.2,293189,51702,17.634358724235902,178,6.61680966594341,0.050261780104712044,0.25287958115183246,0.4272251308900524,0.37225130890052355,0.02198952879581152,22.5,5,FALSE
UK558F,GBR,Newport,2020,3.3116518408672238,1.5,251279,46197,18.384743651479035,247,19.531045901397,0.1068062827225131,0.42041884816753927,0.5005235602094241,0.19633507853403143,0.061780104712041886,25.7,10.7,FALSE
UK559F,GBR,Middlesbrough,2020,1.0429372431122237,0.9,569768,109821,19.274687241122702,184,3.8372285105711614,0.05130890052356021,0.12513089005235603,0.5821989528795811,0.3544502617801047,0.016753926701570682,22.6,5.1,FALSE
UK560F,GBR,Oxford,2020,5.957290282583169,0.8,553098,99728,18.030801051531554,156,32.6504126827419,0.16649214659685863,0.09895287958115183,0.46910994764397906,0.4654450261780105,0.1225130890052356,26.5,16.6,FALSE
UK561F,GBR,Torbay,2020,2.8071172657552244,0.8,136218,37143,27.26732149936132,179,7.752824199484261,0.09633507853403141,0.09895287958115183,0.9329842931937172,0.3680628272251309,0.02617801047120419,30.5,9.6,FALSE
UK562F,GBR,Preston,2020,0.9961446856737691,1,255233,45235,17.72302170957517,170,6.890863163562776,0.04712041884816754,0.16282722513089004,0.43664921465968587,0.4005235602094241,0.023036649214659685,21.4,4.7,FALSE
UK566F,GBR,Norwich,2020,4.021248082621799,2.3,417174,89871,21.542809475183017,158,18.470871330757618,0.12460732984293194,0.7832460732984293,0.7633507853403141,0.4544502617801047,0.05863874345549738,43.7,12.5,FALSE
UK567F,GBR,Slough,2020,7,0.5,149577,15557,10.400663203567394,60,44.706708231770655,0.18534031413612564,0.04712041884816754,0.12774869109947645,0.8607329842931937,0.17801047120418848,28,18.5,FALSE
UK568F,GBR,Cheshire West and Chester,2020,1.8958429427249435,0.7,500670,108209,21.612838796013342,196,13.3564260378547,0.07225130890052356,0.07801047120418848,0.768586387434555,0.31204188481675393,0.04397905759162304,25.5,7.2,FALSE
UK569F,GBR,Ipswich,2020,5.306061182364564,1,479087,117095,24.44128101994001,121,23.983011191043904,0.14973821989528796,0.16282722513089004,0.8795811518324608,0.6235602094240837,0.08167539267015707,37.9,15,FALSE
UK571F,GBR,Cheltenham,2020,3.781457846247258,1,212667,44454,20.903102032755434,162,26.574771304179393,0.11832460732984293,0.16282722513089004,0.7172774869109948,0.43455497382198954,0.09424083769633508,30.5,11.8,FALSE
UK572F,GBR,Gloucester,2020,3,0.6,129709,22126,17.058184088999223,110,26.526957079118176,0.10052356020942409,0.060209424083769635,0.3832460732984293,0.668586387434555,0.09319371727748692,26.1,10.1,FALSE
UK573F,GBR,Bracknell Forest,2020,7.599394347062538,0.7,124165,18616,14.992952925542625,215,45.84778601962558,0.19476439790575917,0.07801047120418848,0.2554973821989529,0.2628272251308901,0.18429319371727748,19.5,19.5,FALSE
UK576F,GBR,Crawley,2020,8.948804625980598,0.8,112474,15499,13.78007361701371,177,42.111208534254274,0.21151832460732983,0.09895287958115183,0.19581151832460733,0.37801047120418846,0.16649214659685863,21,21.2,FALSE
HU001F,HUN,Budapest,2020,37.010614693421104,2,3097127,602791,19.462908689246518,124,151.63597286211723,0.5162303664921466,0.6785340314136126,0.6136125654450262,0.6099476439790575,0.4837696335078534,58,51.6,FALSE
HU002F,HUN,Miskolc,2020,39.55822051249609,1.5,345395,65993,19.106530204548417,239,115.18124850301069,0.5308900523560209,0.42041884816753927,0.5675392670157068,0.2099476439790576,0.4083769633507853,42.7,53.1,FALSE
HU003F,HUN,Nyíregyháza,2020,49.95962704454924,1.1,238937,41562,17.394543331505794,199,164.30421534342747,0.6020942408376964,0.20837696335078534,0.40523560209424087,0.30261780104712044,0.5057591623036649,40.5,60.2,FALSE
HU004F,HUN,Pécs,2020,49.002017746281624,2.2,264510,55425,20.953839174322333,204,184.8983189581875,0.5895287958115183,0.7539267015706806,0.7225130890052356,0.29109947643979056,0.5246073298429319,57.6,59,FALSE
HU005F,HUN,Debrecen,2020,51.42847468629915,1.6,405765,74378,18.330314344509752,171,180.24491937898247,0.6146596858638743,0.4722513089005236,0.4952879581151832,0.3947643979057592,0.5193717277486911,49.9,61.5,FALSE
HU006F,HUN,Szeged,2020,56.84282187462235,1.4,246455,50229,20.380596863524783,182,205.49805606590854,0.6460732984293194,0.36020942408376966,0.6890052356020943,0.36020942408376966,0.5445026178010471,52,64.6,FALSE
HU007F,HUN,Gyõr,2020,39.35850653805298,1.3,261121,46758,17.906640982533002,209,152.47727585636625,0.5298429319371728,0.2994764397905759,0.45968586387434557,0.27853403141361255,0.4848167539267016,41,53,FALSE
HU009F,HUN,Székesfehérvár,2020,39.62053744973938,1.2,257778,49515,19.20838861345809,171,157.69458141758523,0.5319371727748691,0.25287958115183246,0.5759162303664922,0.3947643979057592,0.4952879581151832,45,53.2,FALSE
HU010F,HUN,Szombathely,2020,24.01738799680559,1.4,166700,33723,20.229754049190163,136,116.14066863567267,0.44397905759162304,0.36020942408376966,0.6785340314136126,0.5638743455497383,0.41047120418848165,49.1,44.4,FALSE
HU019F,HUN,Sopron,2020,17.90198511316491,0.8,101162,18594,18.38041952511813,141,127.12319025104337,0.36963350785340315,0.09895287958115183,0.49947643979057593,0.537696335078534,0.43455497382198954,38.8,37,FALSE
IT001F,ITA,Roma,2020,65.06889878573679,3.2,4407616,961431,21.812948314916724,90,269.947839050305,0.7068062827225131,0.9670157068062827,0.7780104712041885,0.7439790575916231,0.6513089005235602,76.9,70.7,TRUE
IT002F,ITA,Milano,2020,79.1087160152494,1.8,5073004,1151595,22.700455193806274,106,233.7888790817409,0.7696335078534031,0.5848167539267015,0.8240837696335078,0.6858638743455497,0.5905759162303665,69.1,77,TRUE
IT003F,ITA,Napoli,2020,58.534403087164264,2,3436701,611540,17.7943906089008,107,296.9872169297501,0.6649214659685864,0.6785340314136126,0.44502617801047123,0.6801047120418848,0.6837696335078534,63,66.5,FALSE
IT004F,ITA,Torino,2020,20.876500106196165,2,1794629,456332,25.427651063255972,58,150.90223170244747,0.4178010471204188,0.6785340314136126,0.9036649214659686,0.868586387434555,0.47853403141361256,66.9,41.8,TRUE
IT005F,ITA,Palermo,2020,57.87667874102391,3.4,1007609,205068,20.351942072768306,106,398.6581702825618,0.6565445026178011,0.9774869109947644,0.6869109947643979,0.6858638743455497,0.7790575916230367,75.7,65.7,TRUE
IT006F,ITA,Genova,2020,19.400157364706267,2.3,692330,200232,28.92146808602834,81,83.16756888660494,0.393717277486911,0.7832460732984293,0.9528795811518325,0.7858638743455497,0.3298429319371728,64.9,39.4,TRUE
IT007F,ITA,Firenze,2020,59.53905446541874,2.7,799594,206600,25.83811284226745,90,208.32935039916507,0.6722513089005235,0.9015706806282723,0.9109947643979057,0.7439790575916231,0.5476439790575917,75.5,67.2,TRUE
IT008F,ITA,Bari,2020,58.50804984729841,1.4,687190,153681,22.363683988416597,63,348.9430164104822,0.6628272251308901,0.36020942408376966,0.806282722513089,0.8486910994764398,0.7455497382198953,68.5,66.3,TRUE
IT009F,ITA,Bologna,2020,87.7948002149991,2.4,870310,212899,24.462432926198712,98,314.1463875171671,0.7916230366492146,0.8151832460732984,0.881675392670157,0.7115183246073299,0.6973821989528796,77.9,79.2,TRUE
IT010F,ITA,Catania,2020,83.76026912750267,1.4,820885,164035,19.982701596447736,113,409.3112390061862,0.7853403141361257,0.36020942408376966,0.6565445026178011,0.6554973821989529,0.7863874345549738,64.9,78.5,TRUE
IT011F,ITA,Venezia,2020,57.02036587519473,1.4,556272,144134,25.91070555411741,88,244.8570758444932,0.6492146596858639,0.36020942408376966,0.9130890052356021,0.7581151832460733,0.6094240837696335,65.8,64.9,TRUE
IT012F,ITA,Verona,2020,69.34887161018965,1.4,561094,127537,22.73005949092309,85,204.32178447952592,0.7256544502617801,0.36020942408376966,0.8272251308900523,0.7680628272251309,0.5413612565445026,64.5,72.6,TRUE
IT013F,ITA,Cremona,2020,88.05979130562244,1.7,148020,38344,25.904607485474937,77,310.91584658636043,0.7947643979057591,0.5287958115183246,0.912041884816754,0.7931937172774869,0.6963350785340314,74.5,79.5,TRUE
IT014F,ITA,Trento,2020,2.3589479830783078,1.4,332315,73766,22.197613709883694,126,19.762877970569765,0.08900523560209424,0.36020942408376966,0.7947643979057591,0.6031413612565445,0.06492146596858639,38.2,8.9,FALSE
IT015F,ITA,Trieste,2020,31.805510597887427,1.8,231445,66805,28.86430901510078,89,130.63637689838296,0.4837696335078534,0.5848167539267015,0.949738219895288,0.7513089005235603,0.44397905759162304,64.3,48.4,FALSE
IT016F,ITA,Perugia,2020,61.63176209978673,1.7,281710,67463,23.94767668879344,158,268.56884750538296,0.6900523560209424,0.5287958115183246,0.8680628272251308,0.4544502617801047,0.6471204188481675,63.8,69,FALSE
IT017F,ITA,Ancona,2020,57.36874034464091,1.3,220301,55473,25.180548431464224,102,326.65464173039015,0.6534031413612565,0.2994764397905759,0.8984293193717278,0.6984293193717277,0.7151832460732984,65.3,65.3,TRUE
IT018F,ITA,Pescara,2020,54.57170721529529,1.5,315518,72194,22.88110345527038,110,209.5958932912023,0.6335078534031413,0.42041884816753927,0.8335078534031414,0.668586387434555,0.5486910994764398,62.1,63.4,FALSE
IT020F,ITA,Caserta,2020,62.05345052385407,2.5,284734,54909,19.284314482991142,109,332.55073080753886,0.6921465968586388,0.8486910994764398,0.5853403141361256,0.6727748691099477,0.724607329842932,70.5,69.2,TRUE
IT021F,ITA,Taranto,2020,82.93141919104778,1.7,378233,87206,23.056158505471494,71,473.7985224289927,0.7842931937172775,0.5287958115183246,0.8387434554973822,0.819371727748691,0.8209424083769633,75.8,78.4,TRUE
IT024F,ITA,Reggio di Calabria,2020,51.61559440993173,1.7,226315,51676,22.833661047654818,108,214.46291556910185,0.6157068062827226,0.5287958115183246,0.8303664921465969,0.675392670157068,0.5570680628272251,64.1,61.6,FALSE
IT025F,ITA,Sassari,2020,19.879839445242755,1.6,217092,50848,23.422327860999022,112,278.83920206596895,0.40104712041884816,0.4722513089005236,0.8523560209424084,0.6602094240837696,0.66178010471204185,61,40.1,FALSE
IT026F,ITA,Cagliari,2020,55.18868303772166,2,499440,114687,22.96311869293609,58,449.07063238572056,0.6408376963350786,0.6785340314136126,0.8366492146596859,0.868586387434555,0.8052356020942408,76.6,64.1,TRUE
IT027F,ITA,Padova,2020,71.35607817452365,1.4,561695,131708,23.44831269639217,127,271.0093892047977,0.7392670157068063,0.36020942408376966,0.8534031413612565,0.599476439790576,0.6523560209424084,64.1,73.9,FALSE
IT028F,ITA,Brescia,2020,79.18232453260373,1.6,476949,106862,22.405330548968546,116,166.72383120856688,0.7717277486910995,0.4722513089005236,0.8083769633507853,0.6471204188481675,0.5089005235602094,64.2,77.2,FALSE
IT029F,ITA,Modena,2020,88.20030177782773,1.8,372132,83723,22.498199563595712,70,321.45708483145864,0.7958115183246073,0.5848167539267015,0.8146596858638744,0.824607329842932,0.7089005235602094,74.6,79.6,TRUE
IT030F,ITA,Foggia,2020,89.80162779440934,2,222947,49711,22.297227592208014,22,436.7018264540102,0.8,0.6785340314136126,0.8010471204188482,0.987434554973822,0.8,81.3,80,TRUE
IT031F,ITA,Salerno,2020,59.759813153654164,1.2,233336,51689,22.152175403709673,140,260.4808940994328,0.6732984293193718,0.25287958115183246,0.7926701570680629,0.5424083769633508,0.6366492146596858,58,67.3,FALSE
IT032F,ITA,Piacenza,2020,80.64646278296266,1.6,210432,51418,24.434496654501217,60,186.20583245410424,0.7759162303664922,0.4722513089005236,0.8785340314136125,0.8607329842931937,0.5287958115183246,70.3,77.6,TRUE
IT033F,ITA,Bolzano,2020,1.6009950686216468,2.9,215689,45842,21.253749611709452,72,19.248073070165248,0.06701570680628273,0.9397905759162304,0.7445026178010471,0.8136125654450261,0.05968586387434555,52.5,6.7,FALSE
IT034F,ITA,Udine,2020,57.84770230061843,1.5,242355,63446,26.17895236326876,135,117.64447521206583,0.6554973821989529,0.42041884816753927,0.9172774869109948,0.5664921465968586,0.41465968586387436,59.5,65.5,FALSE
IT035F,ITA,La Spezia,2020,22.76341844007994,1.3,198587,53536,26.958461530714498,105,99.73450191457599,0.4324607329842932,0.2994764397905759,0.9298429319371728,0.6900523560209424,0.38010471204188484,54.6,43.2,FALSE
IT036F,ITA,Lecce,2020,81.76456811189307,2.1,265694,63580,23.929783886726835,54,505.32141928704453,0.7801047120418848,0.7183246073298429,0.8670157068062827,0.8858638743455497,0.8345549738219895,81.7,78,TRUE
IT038F,ITA,Pesaro,2020,36.158945081545596,1.4,128719,30766,23.901677297057933,75,224.356618591716,0.5109947643979058,0.36020942408376966,0.8638743455497382,0.7979057591623037,0.5738219895287958,62.1,51.1,FALSE
IT039F,ITA,Como,2020,49.35385091525289,1.4,180040,44239,24.571761830704286,236,107.8642767195627,0.5947643979057592,0.36020942408376966,0.8869109947643979,0.21413612565445025,0.3958115183246073,49,59.5,FALSE
IT040F,ITA,Pisa,2020,52.517128801991646,1.6,205197,51403,25.050561168048265,103,242.10896693184435,0.6198952879581152,0.4722513089005236,0.8942408376963351,0.694240837696335,0.6020942408376964,65.7,62,TRUE
IT041F,ITA,Treviso,2020,67.56427137067705,0.9,201764,47118,23.35302630796376,157,201.94960712869812,0.7193717277486911,0.12513089005235603,0.8513089005235602,0.46020942408376964,0.5392670157068062,53.9,71.9,FALSE
IT042F,ITA,Varese,2020,57.110546236900994,1,189775,47846,25.21196153339481,235,125.08475222490658,0.650261780104712,0.16282722513089004,0.8994764397905759,0.21727748691099477,0.431413612565445,47.2,65,FALSE
IT043F,ITA,Asti,2020,78.13966704688538,2.3,114229,30170,26.411856883978675,54,271.52764298490484,0.7643979057591623,0.7832460732984293,0.9204188481675393,0.8858638743455497,0.6534031413612565,80.1,76.4,TRUE
IT044F,ITA,Pavia,2020,85.80339474932643,1.5,138155,33145,23.991169338786147,132,321.26107546918064,0.787434554973822,0.42041884816753927,0.8701570680628272,0.5774869109947643,0.7057591623036649,67.2,78.7,TRUE
IT046F,ITA,Cosenza,2020,30.401381133065083,2.8,240548,51579,21.442290104261936,153,160.34013461910277,0.4743455497382199,0.9256544502617801,0.7507853403141361,0.4780104712041885,0.49947643979057593,62.6,47.4,FALSE
IT047F,ITA,Savona,2020,15.531337003331899,0.8,102235,30311,29.648359172494743,95,106.35777919740723,0.3183246073298429,0.09895287958115183,0.9633507853403142,0.7225130890052356,0.39267015706806285,49.9,31.8,FALSE
IT050F,ITA,Avellino,2020,70.22043723638411,2,143589,30846,21.482146961118193,149,258.30079544095094,0.7329842931937173,0.6785340314136126,0.7602094240837697,0.49476439790575916,0.6324607329842932,66,73.3,TRUE
IT051F,ITA,Pordenone,2020,62.054718595228245,1.1,151893,36986,24.350035880521155,187,148.0370024688689,0.6931937172774869,0.20837696335078534,0.875392670157068,0.3460732984293194,0.46910994764397906,51.8,69.3,FALSE
IT052F,ITA,Lecco,2020,28.985277316169963,0.4,133738,33598,25.122253959233724,152,47.9628322485716,0.4638743455497382,0.03664921465968586,0.8973821989528796,0.4837696335078534,0.19267015706806281,41.5,46.4,FALSE
IT064F,ITA,Messina,2020,45.53587588887744,1.4,286496,67563,23.58252820283704,105,295.02063837819475,0.5664921465968586,0.36020942408376966,0.856544502617801,0.6900523560209424,0.6795811518324607,63.1,56.6,FALSE
IT065F,ITA,Prato,2020,54.783203564991375,1.8,286019,64875,22.682059583454247,92,191.4403177288853,0.6356020942408377,0.5848167539267015,0.8230366492146597,0.7356020942408377,0.5329842931937173,66.2,63.6,TRUE
IT066F,ITA,Parma,2020,79.12443258577308,1.7,369410,82271,22.270918491648846,74,229.6469428381086,0.7706806282722513,0.5287958115183246,0.7979057591623037,0.8036649214659686,0.5832460732984294,69.7,77.1,TRUE
IT067F,ITA,Livorno,2020,24.406264445782945,2.8,177160,46742,26.384059607134795,59,254.7841475390265,0.4481675392670157,0.9256544502617801,0.9193717277486911,0.8638743455497382,0.625130890052356,75.6,44.8,TRUE
IT068F,ITA,Reggio nell'Emilia,2020,80.51174852242157,2.1,295641,63845,21.595448533863706,92,252.75251483295995,0.774869109947644,0.7183246073298429,0.7664921465968586,0.7356020942408377,0.618848167539267,72.3,77.5,TRUE
IT069F,ITA,Ravenna,2020,78.51319025669719,1.7,198758,50922,25.62010082613027,97,377.0497336685949,0.7664921465968586,0.5287958115183246,0.9078534031413612,0.7172774869109948,0.762303664921466,73.7,76.6,TRUE
IT070F,ITA,Ferrara,2020,86.86113478136282,1.7,230495,65849,28.568515586021388,107,368.77092890054314,0.7895287958115184,0.5287958115183246,0.9476439790575916,0.6801047120418848,0.7560209424083769,74,79,TRUE
IT071F,ITA,Rimini,2020,57.731013873645146,1,259521,60581,23.34339032294111,84,255.94312412689845,0.6544502617801047,0.16282722513089004,0.8502617801047121,0.7732984293193718,0.6282722513089005,61.4,65.4,FALSE
IT072F,ITA,Siracusa,2020,76.20304280306148,1.4,231419,50217,21.69960115634412,74,424.4321182264181,0.7581151832460733,0.36020942408376966,0.7738219895287958,0.8036649214659686,0.7958115183246073,69.8,75.8,TRUE
IT073F,ITA,Bergamo,2020,52.3613283296342,1.5,548373,118522,21.613390885400996,141,110.6681309609462,0.6178010471204188,0.42041884816753927,0.7696335078534031,0.537696335078534,0.39790575916230364,54.9,61.8,FALSE
IT074F,ITA,Forlì,2020,69.6896105081489,1.5,172765,43964,25.447283882730876,121,242.44326799240267,0.7277486910994765,0.42041884816753927,0.9057591623036649,0.6235602094240837,0.6041884816753926,65.6,72.8,TRUE
IT075F,ITA,Latina,2020,62.91570345724015,2,202822,42633,21.01990908284111,64,291.4820611988899,0.6963350785340314,0.6785340314136126,0.7256544502617801,0.8429319371727748,0.6743455497382199,72.4,69.6,TRUE
IT076F,ITA,Vicenza,2020,69.50393131863414,1.2,264451,59202,22.386755958570774,98,197.50753393268332,0.7267015706806282,0.25287958115183246,0.8073298429319372,0.7115183246073299,0.53717277486911,60.7,72.7,FALSE
IT077F,ITA,Terni,2020,69.07753399636626,2.5,170923,46601,27.264323701315796,130,273.7391222409681,0.724607329842932,0.8486910994764398,0.9319371727748691,0.5858638743455498,0.6586387434554973,75,72.5,TRUE
IT078F,ITA,Novara,2020,77.20715837758641,1.2,198208,46096,23.256377139166936,58,228.3768888378048,0.762303664921466,0.25287958115183246,0.8460732984293193,0.868586387434555,0.5801047120418849,66.2,76.2,TRUE
IT079F,ITA,Alessandria,2020,81.04226136167001,1.6,135181,36187,26.769294501446208,57,256.3911976433806,0.7780104712041885,0.4722513089005236,0.9277486910994764,0.874869109947644,0.6303664921465969,73.7,77.8,TRUE
IT080F,ITA,Arezzo,2020,56.72852852831096,1,152840,38339,25.084401989008114,97,216.41949391612565,0.643979057591623,0.16282722513089004,0.8963350785340314,0.7172774869109948,0.5591623036649215,59.6,64.4,FALSE
IT081F,ITA,Grosseto,2020,74.86030075927347,2.2,108922,28804,26.444611740511558,72,296.8010460431283,0.7539267015706806,0.7539267015706806,0.9225130890052357,0.8136125654450261,0.6827225130890052,78.5,75.4,TRUE
IT082F,ITA,Brindisi,2020,60.18678876437776,1.8,173996,42083,24.186188188234212,66,510.54812572473196,0.6795811518324607,0.5848167539267015,0.8722513089005236,0.8361256544502618,0.8366492146596859,76.2,68,TRUE
IT083F,ITA,Trapani,2020,42.959176163670136,2.7,115216,26706,23.179072351062352,48,483.09158195557035,0.5486910994764398,0.9015706806282723,0.8429319371727748,0.9136125654450262,0.8261780104712042,80.7,54.9,TRUE
JPN01F,JPN,Tokyo,2020,60.58996012722908,2.4,36803277,8975268,24.38714356876427,38,318.57056963767747,0.6827225130890052,0.8151832460732984,0.8764397905759163,0.9549738219895288,0.7026178010471205,80.6,68.3,TRUE
JPN02F,JPN,Osaka,2020,61.503103834197695,2.5,17006838,4652977,27.359448005561056,48,323.7776386969404,0.6879581151832461,0.8486910994764398,0.9340314136125655,0.9136125654450262,0.7109947643979058,81.9,68.8,TRUE
JPN03F,JPN,Nagoya,2020,71.26558892971549,1.9,8685436,2205615,25.394407373446768,49,287.35312133463253,0.7371727748691099,0.6350785340314136,0.9026178010471204,0.9062827225130891,0.6712041884816754,77,73.7,TRUE
JPN04F,JPN,Fukuoka,2020,63.79060383192827,1.8,2854986,660344,23.129500459897177,48,350.4031415653305,0.7015706806282722,0.5848167539267015,0.8408376963350785,0.9136125654450262,0.7465968586387435,75.7,70.2,TRUE
JPN05F,JPN,Sapporo,2020,15.976020278671289,1,2232726,624915,27.988879961087925,45,51.74492676351269,0.3287958115183246,0.16282722513089004,0.9424083769633508,0.9293193717277487,0.2094240837696335,51.5,32.9,FALSE
JPN06F,JPN,Sendai,2020,43.70370106728494,1.5,1574959,386539,24.542797622033337,63,151.35307151563256,0.5581151832460733,0.42041884816753927,0.8858638743455497,0.8486910994764398,0.4816753926701571,63.9,55.8,FALSE
JPN07F,JPN,Okayama,2020,60.94510971328503,1.4,1534416,428279,27.911531162344502,84,354.4157349120163,0.6848167539267016,0.36020942408376966,0.9413612565445026,0.7732984293193718,0.7476439790575916,70.1,68.5,TRUE
JPN08F,JPN,Hiroshima,2020,43.41049622372737,2.5,1463193,379724,25.951737057243985,113,253.52405140949904,0.556020942408377,0.8486910994764398,0.9162303664921466,0.6554973821989529,0.6219895287958115,72,55.6,TRUE
JPN09F,JPN,Kitakyushu,2020,60.013973157488145,1.4,1306029,407936,31.23483475481785,88,396.1127469834799,0.6764397905759162,0.36020942408376966,0.9801047120418848,0.7581151832460733,0.7759162303664922,71,67.6,TRUE
JPN10F,JPN,Naha,2020,59.17093274265741,0.9,1231077,264660,21.49824909408591,74,927.002464273005,0.6680628272251309,0.12513089005235603,0.7612565445026178,0.8036649214659686,0.9151832460732985,65.5,66.8,TRUE
JPN11F,JPN,Kumamoto,2020,54.9661287181028,2.3,1166947,322312,27.62010614021031,58,303.17914223834515,0.6366492146596858,0.7832460732984293,0.9382198952879581,0.868586387434555,0.6921465968586388,78.4,63.7,TRUE
JPN12F,JPN,Yokkaichi,2020,66.76270827653512,0.7,1051314,283505,26.966729255008495,73,325.05527839308496,0.7162303664921466,0.07801047120418848,0.930890052356021,0.8089005235602095,0.7141361256544503,65,71.6,TRUE
JPN13F,JPN,Takasaki,2020,53.850939655165,1.6,1043229,311131,29.823845004308737,62,157.69415010393914,0.6272251308900524,0.4722513089005236,0.9654450261780104,0.8528795811518325,0.4942408376963351,68.2,62.7,TRUE
JPN15F,JPN,Niigata,2020,52.41705797885193,1.1,789275,230990,29.2660986348231,73,280.17975814340724,0.618848167539267,0.20837696335078534,0.9602094240837696,0.8089005235602095,0.6638743455497382,65.2,61.9,TRUE
JPN16F,JPN,Utsunomiya,2020,58.35908792888557,1.9,877771,232704,26.510786982026065,46,216.05441038273307,0.6596858638743456,0.6350785340314136,0.9235602094240838,0.9256544502617801,0.5581151832460733,74,66,TRUE
JPN17F,JPN,Kanazawa,2020,41.823250364062055,1.2,747576,196002,26.218337667340844,48,186.00186921919058,0.5445026178010471,0.25287958115183246,0.9183246073298429,0.9136125654450262,0.5277486910994764,63.1,54.5,FALSE
JPN18F,JPN,Oita,2020,57.006450012291715,2.9,721283,217735,30.18718034391494,88,300.89260991321896,0.6481675392670158,0.9397905759162304,0.9706806282722513,0.7581151832460733,0.6890052356020943,80.1,64.8,TRUE
JPN19F,JPN,Kagoshima,2020,58.156838170798295,2.7,716629,199376,27.8213692161495,94,408.41421445757607,0.6586387434554973,0.9015706806282723,0.9403141361256544,0.7261780104712042,0.7853403141361257,80.2,65.9,TRUE
JPN20F,JPN,Himeji,2020,48.26345299772108,2,707867,198526,28.045663945345666,122,291.54832752319686,0.5832460732984294,0.6785340314136126,0.9434554973821989,0.6172774869109947,0.675392670157068,70,58.3,TRUE
JPN21F,JPN,Mito,2020,61.99930764340878,1.7,696312,198896,28.56420684980296,81,297.79585106158913,0.6910994764397905,0.5287958115183246,0.9465968586387434,0.7858638743455497,0.6858638743455497,72.8,69.1,TRUE
JPN22F,JPN,Shizuoka,2020,49.610560793657534,2,693389,209628,30.232380380998258,166,133.75336739291774,0.5979057591623037,0.6785340314136126,0.9717277486910995,0.42041884816753927,0.450261780104712,62.4,59.8,FALSE
JPN23F,JPN,Toyohashi,2020,56.9131880621974,1.4,660296,176724,26.76436022632274,74,333.89311635796844,0.6471204188481675,0.36020942408376966,0.9267015706806283,0.8036649214659686,0.7277486910994765,69.3,64.7,TRUE
JPN24F,JPN,Nagasaki,2020,38.790380149332414,1.2,613089,192468,31.39315825271698,153,358.82833741902954,0.5267015706806283,0.25287958115183246,0.981151832460733,0.4780104712041885,0.7528795811518325,59.8,52.7,FALSE
JPN25F,JPN,Matsuyama,2020,61.13777188715714,1.6,630338,178040,28.245163705821323,64,291.0272550217336,0.6869109947643979,0.4722513089005236,0.9445026178010472,0.8429319371727748,0.6732984293193718,72.4,68.7,TRUE
JPN26F,JPN,Toyama,2020,53.135270477060686,0.4,584304,176357,30.182405049426325,51,131.70821422267306,0.625130890052356,0.03664921465968586,0.9696335078534032,0.8994764397905759,0.44607329842931936,59.5,62.5,FALSE
JPN27F,JPN,Kofu,2020,20.711549581891855,1.2,574093,165752,28.87197718836495,70,111.12147906724695,0.4157068062827225,0.25287958115183246,0.9507853403141361,0.824607329842932,0.39895287958115183,56.9,41.6,FALSE
JPN28F,JPN,Takamatsu,2020,65.3691524212371,0.8,564694,167443,29.651988510591575,138,334.05653261991995,0.7109947643979058,0.09895287958115183,0.9643979057591623,0.5534031413612566,0.7287958115183246,61.1,71.1,FALSE
JPN29F,JPN,Nagano,2020,28.518128299819132,2.1,561036,172362,30.722092699933693,51,92.77520608823612,0.4586387434554974,0.7183246073298429,0.9759162303664921,0.8994764397905759,0.3581151832460733,68.2,45.9,TRUE
JPN30F,JPN,Tokushima,2020,40.143532233714915,0.4,550022,171289,31.14220885710026,162,322.2201442417523,0.5361256544502618,0.03664921465968586,0.9780104712041885,0.43455497382198954,0.7099476439790576,53.9,53.6,FALSE
JPN31F,JPN,Numazu,2020,43.959244724071176,2.4,534914,163491,30.563978508694856,87,211.92248647591973,0.562303664921466,0.8151832460732984,0.974869109947644,0.7617801047120419,0.5507853403141362,73.3,56.2,TRUE
JPN32F,JPN,Fukui,2020,40.87866190409653,1.3,539154,162117,30.06877441324742,37,180.730646050396,0.5382198952879581,0.2994764397905759,0.9685863874345549,0.9575916230366492,0.5204188481675392,65.7,53.8,TRUE
JPN33F,JPN,Wakayama,2020,38.71080992969271,1.2,526137,163977,31.1662171639706,85,316.37735605033845,0.5246073298429319,0.25287958115183246,0.9790575916230366,0.7680628272251309,0.6994764397905759,64.5,52.5,TRUE
JPN34F,JPN,Koriyama,2020,43.06667697849149,2.4,506325,140633,27.775243173850786,28,162.09046690003362,0.5507853403141362,0.8151832460732984,0.9392670157068063,0.9738219895287958,0.5015706806282723,75.6,55.1,TRUE
JPN35F,JPN,Kochi,2020,58.511401113484524,1.4,496170,156332,31.507749360098355,98,246.59545973989,0.6638743455497382,0.36020942408376966,0.9821989528795811,0.7115183246073299,0.612565445026178,66.6,66.4,TRUE
JPN36F,JPN,Miyazaki,2020,48.17938423055948,1.8,491767,142607,28.998895818548213,88,328.71841028801674,0.5821989528795811,0.5848167539267015,0.956020942408377,0.7581151832460733,0.7183246073298429,72,58.2,TRUE
JPN37F,JPN,Morioka,2020,18.33875406875151,0.1,457552,132575,28.974848760359478,82,87.4271976693973,0.37801047120418846,0.015706806282722512,0.9539267015706806,0.7811518324607329,0.34554973821989526,49.5,37.8,FALSE
JPN38F,JPN,Fujieda,2020,49.959664749768166,2.5,446327,134945,30.234558966856138,153,285.7441363622761,0.6031413612565445,0.8486910994764398,0.9727748691099476,0.4780104712041885,0.6701570680628273,71.5,60.3,TRUE
JPN39F,JPN,Fukushima,2020,38.68713665809921,1.5,426758,136803,32.05634106449088,100,160.1020288034116,0.5235602094240838,0.42041884816753927,0.9863874345549738,0.7031413612565445,0.49842931937172774,62.6,52.4,FALSE
JPN40F,JPN,Matsumoto,2020,4.6631763649883355,1.1,423668,123334,29.11100201100862,41,69.49273650014808,0.13403141361256546,0.20837696335078534,0.9570680628272251,0.9450261780104712,0.27015706806282724,50.3,13.4,FALSE
JPN41F,JPN,Yamagata,2020,37.2563310971817,1.6,411146,126932,30.872731341178074,61,122.95685986882053,0.518324607329843,0.4722513089005236,0.9769633507853404,0.8570680628272251,0.4272251308900524,65,51.8,TRUE
JPN42F,JPN,Kurume,2020,67.59594466176335,1.1,413913,113294,27.371452454984503,47,355.3266693486479,0.7204188481675393,0.20837696335078534,0.9350785340314136,0.9204188481675393,0.7486910994764397,70.7,72,TRUE
JPN43F,JPN,Akita,2020,18.216620098645006,0,383233,127468,33.261227503894496,82,156.55531635424694,0.3769633507853403,0.012041884816753926,0.9895287958115183,0.7811518324607329,0.48900523560209425,53,37.7,FALSE
JPN44F,JPN,Asahikawa,2020,15.143690993662728,0.9,376426,129446,34.388166598481504,64,40.63182251316384,0.3099476439790576,0.12513089005235603,0.9958115183246073,0.8429319371727748,0.15706806282722513,48.6,31,FALSE
JPN45F,JPN,Kusatsu,2020,60.442062060519625,0.8,400942,87869,21.915638670929958,48,347.1714842804066,0.6816753926701571,0.09895287958115183,0.7821989528795812,0.9136125654450262,0.743455497382199,64.4,68.2,FALSE
JPN46F,JPN,Fuji,2020,38.901486934122694,2.5,380653,110363,28.993072430796552,106,151.58193654237323,0.5277486910994764,0.8486910994764398,0.9549738219895288,0.6858638743455497,0.4827225130890052,70,52.8,TRUE
JPN47F,JPN,Isesaki,2020,65.2502677481554,0.4,367943,106310,28.893062240618793,110,196.493860470195,0.7078534031413612,0.03664921465968586,0.9518324607329843,0.668586387434555,0.5350785340314136,58,70.8,FALSE
JPN48F,JPN,Hakodate,2020,5.310256414350655,0.4,323072,112308,34.76252971473851,36,40.931993817619784,0.15078534031413612,0.03664921465968586,0.9968586387434555,0.9596858638743455,0.15916230366492146,46.1,15.1,FALSE
JPN49F,JPN,Hachinohe,2020,28.599118368520994,0.4,309126,99746,32.26710144083642,75,136.07986715652873,0.45968586387434557,0.03664921465968586,0.987434554973822,0.7979057591623037,0.4544502617801047,54.7,46,FALSE
JPN50F,JPN,Hitachi,2020,49.069983545436706,1.5,292610,99568,34.02754519667817,117,229.16446458381714,0.5905759162303665,0.42041884816753927,0.993717277486911,0.6408376963350786,0.5821989528795811,64.6,59.1,TRUE
JPN51F,JPN,Aomori,2020,29.354788947007375,1.1,293259,92778,31.63688070954344,53,120.2574831980252,0.46701570680628274,0.20837696335078534,0.9853403141361257,0.8910994764397906,0.42198952879581153,59.5,46.7,FALSE
JPN52F,JPN,Shimonoseki,2020,52.957898178989296,1.1,255051,90326,35.414877808751974,156,321.44581919597863,0.6230366492146597,0.20837696335078534,0.9979057591623036,0.4654450261780105,0.7078534031413612,60.1,62.3,FALSE
JPN53F,JPN,Obihiro,2020,13.723950287816645,1.6,257810,77218,29.951514681354485,84,52.21843576843681,0.2764397905759162,0.4722513089005236,0.9664921465968587,0.7732984293193718,0.21047120418848167,54,27.6,FALSE
JPN54F,JPN,Shunan,2020,36.29807543516766,1.4,243225,79089,32.5168054270737,89,277.28239113082606,0.512041884816754,0.36020942408376966,0.9884816753926702,0.7513089005235603,0.6607329842931937,65.5,51.2,TRUE
JPN55F,JPN,Ube,2020,43.21467381694723,1.5,222896,74459,33.40526523580504,157,357.17079445617077,0.5528795811518324,0.42041884816753927,0.9916230366492147,0.46020942408376964,0.7518324607329843,63.5,55.3,FALSE
JPN56F,JPN,Yonago,2020,29.933215365771332,0,225526,71158,31.552016175518567,134,240.3152313635569,0.4732984293193717,0.012041884816753926,0.9832460732984293,0.5696335078534032,0.6,52.8,47.3,FALSE
JPN57F,JPN,Ashikaga,2020,72.27057859285502,1.2,223218,68102,30.509188327106237,90,319.2205122497959,0.7445026178010471,0.25287958115183246,0.9738219895287958,0.7439790575916231,0.7036649214659686,68.4,74.5,TRUE
JPN58F,JPN,Omuta,2020,67.43022208689675,1.5,206953,76816,37.117606413050304,121,380.93979382755606,0.7183246073298429,0.42041884816753927,0.9989528795811519,0.6235602094240837,0.7654450261780105,70.5,71.8,TRUE
JPN59F,JPN,Marugame,2020,67.39982072143017,1.1,208157,62422,29.987941793934386,89,346.00680980191805,0.7172774869109948,0.20837696335078534,0.9675392670157068,0.7513089005235603,0.7413612565445026,67.7,71.7,TRUE
JPN60F,JPN,Kushiro,2020,11.947629048401945,0,194029,66032,34.03202614042231,64,31.942226683056827,0.2481675392670157,0.012041884816753926,0.9947643979057592,0.8429319371727748,0.1193717277486911,44.3,24.8,FALSE
JPN61F,JPN,Tomakomai,2020,7.771189162533752,1.2,170113,50022,29.4051600994633,53,28.9095844546876,0.19790575916230366,0.25287958115183246,0.9612565445026178,0.8910994764397906,0.10575916230366492,48.2,19.8,FALSE
KOR01F,KOR,Seoul,2020,35.821958957932964,2.1,24406796,3467633,14.207653474876423,46,214.13413113738167,0.5057591623036649,0.7183246073298429,0.2136125654450262,0.9256544502617801,0.5549738219895288,58.4,50.6,FALSE
KOR02F,KOR,Busan,2020,34.359546652074144,1.7,4509051,801046,17.765290301662144,56,237.57371484138278,0.5005235602094241,0.5287958115183246,0.4418848167539267,0.8806282722513089,0.5937172774869109,58.9,50.1,FALSE
KOR03F,KOR,Daegu,2020,61.537041159728446,2.7,2418346,400494,16.56065757339934,39,269.5631149825605,0.6890052356020943,0.9015706806282723,0.34450261780104713,0.9513089005235602,0.650261780104712,70.7,68.9,TRUE
KOR04F,KOR,Gwangju,2020,49.59085088933809,2.8,1558864,236893,15.196514898028308,41,241.26260691632484,0.5968586387434555,0.9256544502617801,0.2670157068062827,0.9450261780104712,0.6010471204188481,66.7,59.7,TRUE
KOR05F,KOR,Daejeon,2020,60.18592322878745,2.4,1463882,210784,14.398974780754186,60,257.64389578794123,0.6785340314136126,0.8151832460732984,0.22303664921465968,0.8607329842931937,0.631413612565445,64.2,67.9,FALSE
KOR06F,KOR,Changwon,2020,59.34844102204425,1.9,1100920,166991,15.168313773934527,105,275.1124005518806,0.669109947643979,0.6350785340314136,0.2638743455497382,0.6900523560209424,0.6596858638743456,58.4,66.9,FALSE
KOR07F,KOR,Ulsan,2020,41.44396359905756,1.3,913479,110384,12.083912164373784,64,253.42050120006033,0.5403141361256545,0.2994764397905759,0.15706806282722513,0.8429319371727748,0.6209424083769634,49.2,54,FALSE
KOR08F,KOR,Cheongju,2020,57.952774405923925,2.2,881800,119738,13.578816058063053,40,256.20275168519635,0.6575916230366492,0.7539267015706806,0.1905759162303665,0.9486910994764398,0.6293193717277487,63.6,65.8,FALSE
KOR09F,KOR,Jeonju,2020,49.33510723207692,2.8,749041,119972,16.016746746840294,43,231.45841470439925,0.5937172774869109,0.9256544502617801,0.31413612565445026,0.9366492146596859,0.5884816753926702,67.2,59.4,TRUE
KOR10F,KOR,Cheonan,2020,55.997903218588284,1.7,658808,72151,10.951749219803038,108,262.37658962293284,0.6429319371727749,0.5287958115183246,0.13089005235602094,0.675392670157068,0.6387434554973822,52.3,64.3,FALSE
KOR11F,KOR,Gyeongsan,2020,59.9146586122416,1.7,263728,44579,16.903400473214827,112,272.0252942340904,0.675392670157068,0.5287958115183246,0.36963350785340315,0.6602094240837696,0.6565445026178011,57.8,67.5,FALSE
KOR12F,KOR,Pohang,2020,34.72592705770624,1,502916,87960,17.48999832974095,102,227.63872588228475,0.5026178010471204,0.16282722513089004,0.4157068062827225,0.6984293193717277,0.5769633507853403,47.1,50.3,FALSE
KOR13F,KOR,Gumi,2020,64.75138107998555,1.6,531086,58333,10.983720150785372,145,269.1260138299913,0.7057591623036649,0.4722513089005236,0.1319371727748691,0.5172774869109947,0.6492146596858639,49.5,70.6,FALSE
KOR14F,KOR,Jeju,2020,20.40010568908996,1.8,492466,70720,14.360382239586084,188,216.5170672186059,0.4094240837696335,0.5848167539267015,0.22198952879581152,0.34293193717277487,0.5602094240837696,42.4,40.9,FALSE
KOR15F,KOR,Jinju,2020,60.12640208310313,2.6,348096,59032,16.958540172825888,166,273.7100340564217,0.6774869109947644,0.8759162303664921,0.37591623036649213,0.42041884816753927,0.6575916230366492,60.1,67.7,FALSE
KOR16F,KOR,Wonju,2020,43.29988337929726,1.3,354376,53390,15.065918685238278,111,178.68287616311179,0.5539267015706806,0.2994764397905759,0.25968586387434556,0.6638743455497382,0.518324607329843,45.9,55.4,FALSE
KOR17F,KOR,Iksan,2020,47.26117052610566,2.1,282276,56167,19.89790134478312,74,264.88456913939467,0.5780104712041885,0.7183246073298429,0.6481675392670158,0.8036649214659686,0.6408376963350786,67.8,57.8,TRUE
KOR18F,KOR,Chuncheon,2020,40.136782815278565,1.4,282765,50567,17.883047760507843,82,156.88567970823675,0.5350785340314136,0.36020942408376966,0.45759162303664924,0.7811518324607329,0.49109947643979057,52.5,53.5,FALSE
KOR19F,KOR,Gunsan,2020,20.67784290224372,0.6,267859,50700,18.92786876677655,93,240.2755437370555,0.41361256544502617,0.060209424083769635,0.5497382198952879,0.7308900523560209,0.5989528795811518,47.1,41.4,FALSE
KOR20F,KOR,Suncheon,2020,43.30603098251235,2.3,282189,44445,15.750082391588617,205,220.1903037566449,0.5549738219895288,0.7832460732984293,0.29842931937172773,0.2879581151832461,0.5675392670157068,49.8,55.5,FALSE
KOR21F,KOR,Gangneung,2020,14.306653929904048,0.9,213321,45484,21.32185766989654,182,116.314422116298,0.2942408376963351,0.12513089005235603,0.7476439790575916,0.36020942408376966,0.41256544502617803,38.8,29.4,FALSE
LT001F,LTU,Vilnius,2020,9.642276485383961,1.9,974616,179803,18.44859924318911,229,44.77800179780302,0.2198952879581152,0.6350785340314136,0.5078534031413613,0.23141361256544501,0.17905759162303664,35.5,22,FALSE
LT002F,LTU,Kaunas,2020,10.31858841089321,1.8,495721,97715,19.71169266583421,210,50.584460292252274,0.22827225130890053,0.5848167539267015,0.6324607329842932,0.2764397905759162,0.2,38.4,22.8,FALSE
LT003F,LTU,Panevėžys,2020,12.676981750501383,1.8,125107,27111,21.6702502657725,159,46.192883530073026,0.25863874345549737,0.5848167539267015,0.7706806282722513,0.4476439790575916,0.18638743455497384,45,25.9,FALSE
LT005F,LTU,Klaipėda,2020,4.7050240962715675,0.8,244835,45871,18.735474911675208,148,37.546549678339225,0.13717277486910995,0.09895287958115183,0.5267015706806283,0.4989528795811518,0.1424083769633508,28.1,13.7,FALSE
LT006F,LTU,Šiauliai,2020,6.697659163732264,0.5,141769,27928,19.69965225119737,328,35.19239616103224,0.181151832460733,0.04712041884816754,0.6303664921465969,0.14031413612565444,0.1319371727748691,22.6,18.1,FALSE
LU001F,LUX,Luxembourg,2020,15.02902147841643,1.3,585056,84897,14.510918612919106,138,79.53753638463448,0.3089005235602094,0.2994764397905759,0.23350785340314137,0.5534031413612566,0.3204188481675393,34.3,30.9,FALSE
LV001F,LVA,Rīga,2020,8.751601390402435,1.9,1156317,229219,19.823197272028345,154,31.64800450720949,0.2094240837696335,0.6350785340314136,0.643979057591623,0.4738219895287958,0.11832460732984293,41.6,20.9,FALSE
LV002F,LVA,Liepāja,2020,1.9824336013819475,2.2,102108,22264,21.804364006737963,178,26.36315551413571,0.07329842931937172,0.7539267015706806,0.7769633507853403,0.37225130890052355,0.09109947643979058,41.4,7.3,FALSE
LV004F,LVA,Daugavpils,2020,5.379179916342904,2.1,108192,24886,23.00170068027211,158,39.75127692789107,0.15392670157068064,0.7183246073298429,0.837696335078534,0.4544502617801047,0.1549738219895288,46.4,15.4,FALSE
MEX01F,MEX,Ciudad de Mexico,2020,22.821823490184762,4.5,20817678,1814251,8.714953704250782,28,106.81920011245715,0.43350785340314135,0.9979057591623036,0.10575916230366492,0.9738219895287958,0.3947643979057592,58.1,43.4,FALSE
MEX02F,MEX,Guadalajara,2020,187.63186073537148,1.8,5419526,390181,7.19954106687559,27,695.3121317770348,0.9455497382198953,0.5848167539267015,0.05654450261780105,0.9780104712041885,0.8732984293193717,68.8,94.6,TRUE
MEX03F,MEX,Monterrey,2020,151.7352914257941,3.3,5337207,366235,6.861922350023149,26,807.8409754814635,0.9078534031413612,0.9738219895287958,0.04607329842931937,0.981151832460733,0.8963350785340314,76.1,90.8,TRUE
MEX04F,MEX,Puebla,2020,5.823536395669072,2.2,2891641,203627,7.041918412417032,43,182.06835831040684,0.1612565445026178,0.7539267015706806,0.05235602094240838,0.9366492146596859,0.5225130890052356,48.5,16.1,FALSE
MEX05F,MEX,Toluca,2020,0.015112754850640326,4.1,2407965,146066,6.065951955281742,45,28.397165081216865,0.020942408376963352,0.993193717277487,0.024083769633507852,0.9293193717277487,0.10366492146596859,41.4,2.1,FALSE
MEX06F,MEX,Tijuana,2020,82.80189088918684,0.9,1961388,102736,5.237923348159569,41,387.5852531039878,0.7832460732984293,0.12513089005235603,0.011518324607329843,0.9450261780104712,0.7696335078534031,52.7,78.3,FALSE
MEX07F,MEX,Leon,2020,120.03286436778879,2.3,1752266,102520,5.850709880805768,21,412.4586951186193,0.8680628272251308,0.7832460732984293,0.01780104712041885,0.9900523560209424,0.787434554973822,68.9,86.8,TRUE
MEX08F,MEX,Queretaro,2020,64.01774414592472,2.7,1848293,115063,6.225365783455329,37,345.5273370859571,0.7026178010471205,0.9015706806282723,0.02931937172774869,0.9575916230366492,0.7403141361256544,66.6,70.3,TRUE
MEX09F,MEX,Merida,2020,316.50819094795565,2.4,1651213,136419,8.261744547796075,48,1890.9797147049615,0.9916230366492147,0.8151832460732984,0.09005235602094241,0.9136125654450262,0.993717277486911,76.1,99.2,TRUE
MEX10F,MEX,Juarez,2020,178.63644147782574,3,1543822,81670,5.29011764309616,19,1139.4362884565146,0.9413612565445026,0.9492146596858638,0.012565445026178011,0.9926701570680628,0.9465968586387434,76.8,94.1,TRUE
MEX11F,MEX,San Luis Potosi,2020,88.02109481733297,1.8,1469722,103250,7.025138087338966,28,373.86357106210386,0.793717277486911,0.5848167539267015,0.05130890052356021,0.9738219895287958,0.7591623036649214,63.3,79.4,FALSE
MEX12F,MEX,Torreon,2020,246.1426724127147,3.2,1276769,92491,7.24414518209637,18,1075.099186236253,0.9759162303664921,0.9670157068062827,0.060732984293193716,0.993717277486911,0.9350785340314136,78.6,97.6,TRUE
MEX13F,MEX,Mexicali,2020,218.65914221544566,2.2,1067390,77141,7.2270678945839855,7,1708.6943051529965,0.9633507853403142,0.7539267015706806,0.05968586387434555,0.9968586387434555,0.9884816753926702,75.2,96.3,TRUE
MEX14F,MEX,Cuernavaca,2020,159.41958541272683,1.3,1045496,97050,9.28267540000153,97,611.986073424475,0.9193717277486911,0.2994764397905759,0.1162303664921466,0.7172774869109948,0.8596858638743455,58.2,91.9,FALSE
MEX15F,MEX,Villahermosa,2020,301.35777102281577,1.4,978662,65505,6.693322107121764,91,1752.7171866009273,0.9884816753926702,0.36020942408376966,0.039790575916230364,0.7392670157068063,0.9905759162303664,62.4,98.8,FALSE
MEX16F,MEX,Culiacan,2020,318.9884589537781,2.8,1025957,71902,7.008285922314483,41,1471.8660871813918,0.9926701570680628,0.9256544502617801,0.050261780104712044,0.9450261780104712,0.9706806282722513,77.7,99.3,TRUE
MEX17F,MEX,Morelia,2020,45.69495958919364,4.1,1032898,81108,7.852469459714318,35,249.7212061639866,0.5685863874345549,0.993193717277487,0.078534031413612565,0.962303664921466,0.6167539267015707,64.4,56.9,FALSE
MEX18F,MEX,Chihuahua,2020,149.35147809600517,2.5,956109,74867,7.830383355872605,35,736.1026772840157,0.9068062827225131,0.8486910994764398,0.07643979057591622,0.962303664921466,0.8795811518324608,73.5,90.7,TRUE
MEX19F,MEX,Veracruz,2020,252.67939717881552,2,929176,88554,9.530379605155536,46,1586.9792706067524,0.9790575916230366,0.6785340314136126,0.11832460732984293,0.9256544502617801,0.9790575916230366,73.6,97.9,TRUE
MEX20F,MEX,Hermosillo,2020,229.2589963145893,1.4,955828,64914,6.791389245763882,46,1870.7221804202475,0.9696335078534032,0.36020942408376966,0.04397905759162304,0.9256544502617801,0.9926701570680628,65.8,97,TRUE
MEX21F,MEX,Aguascalientes,2020,106.54991243262556,3.2,968960,64821,6.689749834874505,22,421.7637185921563,0.8418848167539267,0.9670157068062827,0.0387434554973822,0.987434554973822,0.793717277486911,72.6,84.2,TRUE
MEX22F,MEX,Acapulco de Juarez,2020,349.57132987727886,1.8,790622,69583,8.801045252978035,72,1423.3591857504755,0.9989528795811519,0.5848167539267015,0.10785340314136126,0.8136125654450261,0.9685863874345549,69.5,99.9,TRUE
MEX23F,MEX,Tampico,2020,174.84085627341994,2.6,846737,76671,9.054877724724442,62,1500.362705414356,0.9382198952879581,0.8759162303664921,0.11204188481675392,0.8528795811518325,0.9738219895287958,75.1,93.8,TRUE
MEX24F,MEX,Oaxaca de Juarez,2020,23.283616581316746,1.5,916262,70431,7.686775180024927,58,246.4950194056985,0.43664921465968587,0.42041884816753927,0.0712041884816754,0.868586387434555,0.6115183246073298,48.2,43.7,FALSE
MEX25F,MEX,Reynosa,2020,247.47055250769336,2.6,856116,45855,5.3561666876918546,75,1546.7603124312673,0.9769633507853404,0.8759162303664921,0.013612565445026177,0.7979057591623037,0.9759162303664921,72.8,97.7,TRUE
MEX26F,MEX,Xalapa,2020,60.658748493552785,0.9,829055,72085,8.694839304991827,59,396.5600875386806,0.6837696335078534,0.12513089005235603,0.10471204188481675,0.8638743455497382,0.7769633507853403,51.1,68.4,FALSE
MEX27F,MEX,Saltillo,2020,19.426684267250973,2.6,895167,55887,6.243192610987671,41,298.5426299525211,0.3947643979057592,0.8759162303664921,0.030366492146596858,0.9450261780104712,0.6869109947643979,58.7,39.5,FALSE
MEX28F,MEX,Benito Juarez,2020,94.24097633705293,2.4,959270,35488,3.699479812774297,27,1631.4122724908812,0.8136125654450261,0.8151832460732984,0.0031413612565445027,0.9780104712041885,0.9842931937172775,71.9,81.4,TRUE
MEX29F,MEX,Celaya,2020,116.83008194922326,1.3,679833,47031,6.918022514352789,24,487.9873142669611,0.8649214659685864,0.2994764397905759,0.048167539267015703,0.9832460732984293,0.8282722513089005,60.5,86.5,FALSE
MEX30F,MEX,Durango,2020,43.1918347118738,3.1,698517,47943,6.8635409016530735,21,225.9411973252995,0.5518324607329843,0.9586387434554974,0.04712041884816754,0.9900523560209424,0.574869109947644,62.5,55.2,FALSE
MEX31F,MEX,Tuxtla Gutierrez,2020,239.15666514395335,1.8,620825,40401,6.507630974912415,43,826.7387710027652,0.974869109947644,0.5848167539267015,0.033507853403141365,0.9366492146596859,0.8994764397905759,68.6,97.5,TRUE
MEX32F,MEX,Pachuca de Soto,2020,10.712818228378893,2.7,718602,52235,7.268975037642534,56,126.67393016593145,0.23769633507853402,0.9015706806282723,0.061780104712041886,0.8806282722513089,0.43350785340314135,50.3,23.8,FALSE
MEX33F,MEX,Irapuato,2020,189.19814131598807,2,614285,41987,6.835100971047641,20,582.5608540580682,0.9465968586387434,0.6785340314136126,0.04502617801047121,0.9916230366492147,0.8502617801047121,70.2,94.7,TRUE
MEX34F,MEX,Ahome,2020,233.31668674227535,0.7,565235,48596,8.597486001397648,38,1733.1728243803661,0.9727748691099476,0.07801047120418848,0.10052356020942409,0.9549738219895288,0.9895287958115183,61.9,97.3,FALSE
MEX35F,MEX,Matamoros,2020,216.7911683239417,2.4,552903,34082,6.164191548969711,53,1367.3347805407188,0.9612565445026178,0.8151832460732984,0.027225130890052355,0.8910994764397906,0.9664921465968587,73.2,96.1,TRUE
MEX36F,MEX,Ensenada,2020,82.54993889187298,-1.6,569542,38021,6.675714872652061,77,856.0987014289057,0.7811518324607329,0.0031413612565445027,0.03769633507853403,0.7931937172774869,0.9047120418848168,50.4,78.1,FALSE
MEX37F,MEX,Poza Rica de Hidalgo,2020,271.86025662347146,2.1,502812,52720,10.485032179025163,100,1123.943502440177,0.9842931937172775,0.7183246073298429,0.12879581151832462,0.7031413612565445,0.9424083769633508,69.5,98.4,TRUE
MEX38F,MEX,Tepic,2020,302.18129919492765,1,497798,39003,7.83510580596949,43,1024.1376582380549,0.9895287958115183,0.16282722513089004,0.0774869109947644,0.9366492146596859,0.9287958115183246,61.9,99,FALSE
MEX39F,MEX,Orizaba,2020,0.7314039623779635,2.2,498774,46152,9.25308857318144,111,98.19584949689639,0.039790575916230364,0.7539267015706806,0.11413612565445026,0.6638743455497382,0.37801047120418846,39,4,FALSE
MEX40F,MEX,Mazatlan,2020,194.4086266330219,2.3,509444,42590,8.360094534433617,33,1166.3676534806852,0.9507853403141361,0.7832460732984293,0.09319371727748692,0.9649214659685864,0.9486910994764398,74.8,95.1,TRUE
MEX41F,MEX,Cajeme,2020,264.175379722181,2.7,444303,39178,8.817856282761989,27,2001.7492305598055,0.9821989528795811,0.9015706806282723,0.10890052356020942,0.9780104712041885,0.9968586387434555,79.4,98.2,TRUE
MEX42F,MEX,Nuevo Laredo,2020,232.56012658322476,2.5,434172,26722,6.154703665828289,81,1702.300989269547,0.9706806282722513,0.8486910994764398,0.02617801047120419,0.7858638743455497,0.987434554973822,72.4,97.1,TRUE
MEX43F,MEX,Guadalupe,2020,41.70813797159546,2.1,452506,27449,6.065996914958034,68,264.91922031275766,0.5424083769633508,0.7183246073298429,0.025130890052356022,0.8319371727748691,0.6418848167539267,55.2,54.2,FALSE
MEX44F,MEX,Coatzacoalcos,2020,261.1196382179697,1.6,348771,28834,8.267315803206115,52,1511.842290934642,0.9801047120418848,0.4722513089005236,0.09109947643979058,0.8958115183246074,0.974869109947644,68.3,98,TRUE
MEX45F,MEX,Tapachula,2020,336.56922411860995,-0,363610,24358,6.6989356728362806,75,1080.1364366376115,0.9947643979057592,0.012041884816753926,0.040837696335078534,0.7979057591623037,0.9382198952879581,55.7,99.5,FALSE
MEX46F,MEX,Victoria,2020,227.9712078086626,3.3,356090,28770,8.079418124631413,48,1123.1200208703492,0.9675392670157068,0.9738219895287958,0.08376963350785341,0.9136125654450262,0.9413612565445026,77.6,96.8,TRUE
MEX47F,MEX,Tlaxcala,2020,0.4087489349009177,2.8,363273,27199,7.487206591186243,93,75.60291416964631,0.031413612565445025,0.9256544502617801,0.06806282722513089,0.7308900523560209,0.30052356020942406,41.1,3.1,FALSE
MEX48F,MEX,Cordoba,2020,54.520355431200116,1.7,347451,30728,8.84383697269543,99,333.5042835388257,0.6324607329842932,0.5287958115183246,0.1099476439790576,0.706282722513089,0.7267015706806282,54.1,63.2,FALSE
MEX49F,MEX,Uruapan,2020,37.58109683034992,0.7,363491,26883,7.39578146364009,61,302.99102235969286,0.5204188481675392,0.07801047120418848,0.06596858638743455,0.8570680628272251,0.6910994764397905,44.3,52,FALSE
MEX50F,MEX,Tehuacan,2020,89.52550994236768,2.2,384769,22185,5.765797140622036,56,214.1587053742379,0.7979057591623037,0.7539267015706806,0.016753926701570682,0.8806282722513089,0.556020942408377,60.1,79.8,FALSE
MEX51F,MEX,Minatitlan,2020,267.3972174988525,2.4,324469,28495,8.782040811294761,67,1476.054113598621,0.9832460732984293,0.8151832460732984,0.1068062827225131,0.8345549738219895,0.9717277486910995,74.2,98.3,TRUE
MEX52F,MEX,Cuautla,2020,228.44789798420183,1,337616,28395,8.410442633050566,69,775.0639326075299,0.9685863874345549,0.16282722513089004,0.09528795811518324,0.8282722513089005,0.8910994764397906,58.9,96.9,FALSE
MEX53F,MEX,Chilpancingo de los Bravo,2020,168.65205339762915,-0.6,355374,22725,6.394671529149572,53,800.7510751462311,0.9319371727748691,0.004188481675392671,0.032460732984293195,0.8910994764397906,0.8942408376963351,55.1,93.2,FALSE
MEX54F,MEX,Monclova,2020,222.97359616546143,1.5,324736,25143,7.742597063460781,38,1221.775414303044,0.9664921465968587,0.42041884816753927,0.07225130890052356,0.9549738219895288,0.956020942408377,67.4,96.6,TRUE
MEX55F,MEX,Los Cabos,2020,124.74730931147688,0.6,360168,11804,3.2773594544768,52,1189.5673121756959,0.875392670157068,0.060209424083769635,0.0020942408376963353,0.8958115183246074,0.949738219895288,55.7,87.5,FALSE
MEX56F,MEX,Colima,2020,346.42113686966513,1.6,313246,27027,8.628043135427108,47,1099.9743554849142,0.9979057591623036,0.4722513089005236,0.10261780104712041,0.9204188481675393,0.9403141361256544,68.7,99.8,TRUE
MEX57F,MEX,La Paz,2020,195.56351201809082,1.7,297478,23205,7.800576849380459,66,1153.5298680878905,0.9518324607329843,0.5287958115183246,0.07539267015706806,0.8361256544502618,0.9476439790575916,66.8,95.2,TRUE
MEX58F,MEX,Campeche,2020,281.55907935864474,1.4,297654,24029,8.072795930845881,41,2003.0820806996835,0.9863874345549738,0.36020942408376966,0.08272251308900523,0.9450261780104712,0.9979057591623036,67.4,98.6,TRUE
MEX59F,MEX,Puerto Vallarta,2020,219.20954589704823,1.3,297239,17515,5.892564569252352,82,950.2302307997768,0.9643979057591623,0.2994764397905759,0.020942408376963352,0.7811518324607329,0.9193717277486911,59.7,96.4,FALSE
MEX60F,MEX,Salamanca,2020,151.7759779068103,2.2,276924,23119,8.348499949444612,23,561.282530753927,0.9089005235602095,0.7539267015706806,0.09214659685863874,0.9848167539267015,0.8481675392670157,71.8,90.9,TRUE
MEX61F,MEX,San Juan del Rio,2020,31.7762727126072,3.7,303331,18882,6.224883048550923,49,255.73923387515944,0.4827225130890052,0.9863874345549738,0.028272251308900525,0.9062827225130891,0.6261780104712041,60.6,48.3,FALSE
MEX62F,MEX,Zamora,2020,154.64523746086232,1.3,278199,21227,7.63014964108426,42,469.3075478322176,0.9109947643979057,0.2994764397905759,0.07015706806282722,0.9413612565445026,0.8136125654450261,60.7,91.1,FALSE
MEX63F,MEX,Tulancingo de Bravo,2020,5.5025720896308385,2.4,271850,19640,7.224572374471216,68,37.100891998259584,0.15602094240837697,0.8151832460732984,0.05863874345549738,0.8319371727748691,0.14031413612565444,40,15.6,FALSE
MEX64F,MEX,Carmen,2020,262.4739776477139,1.8,251309,14773,5.87842058979185,29,2040.0276566332384,0.981151832460733,0.5848167539267015,0.019895287958115182,0.9712041884816754,0.9989528795811519,71.1,98.1,TRUE
MEX65F,MEX,Nogales,2020,145.53693164942172,0.1,271398,12708,4.682422125439391,64,910.5926138922471,0.900523560209424,0.015706806282722512,0.009424083769633508,0.8429319371727748,0.9130890052356021,53.6,90.1,FALSE
MEX66F,MEX,Othon P. Blanco,2020,308.54884695294743,2,236134,15920,6.741934664216081,43,1675.9687541998792,0.9905759162303664,0.6785340314136126,0.041884816753926704,0.9366492146596859,0.9863874345549738,72.7,99.1,TRUE
MEX67F,MEX,Fresnillo,2020,56.77269067690957,1.7,244429,16315,6.674739904021209,43,268.17144519385374,0.6450261780104712,0.5287958115183246,0.03664921465968586,0.9366492146596859,0.6460732984293194,55.9,64.5,FALSE
MEX68F,MEX,San Cristobal de las Casas,2020,54.72926142096773,1.7,222102,9905,4.459662677508532,65,120.06809214607718,0.6345549738219896,0.5287958115183246,0.007329842931937173,0.83821989528795815,0.42094240837696334,48.6,63.5,FALSE
MEX69F,MEX,Solidaridad,2020,143.47312934865258,1.9,345978,7523,2.1744157142939726,47,1620.2919954274641,0.8973821989528796,0.6350785340314136,0.0010471204188481676,0.9204188481675393,0.9821989528795811,68.7,89.7,TRUE
MEX70F,MEX,Apizaco,2020,2.8140663896309874,3.1,211273,15404,7.29104050209918,62,74.48660372061698,0.09738219895287958,0.9586387434554974,0.06387434554973823,0.8528795811518325,0.2973821989528796,45.4,9.7,FALSE
MEX71F,MEX,San Luis Rio Colorado,2020,221.77965253524206,2.3,202880,14401,7.098284700315458,9,1926.8877622199072,0.9654450261780104,0.7832460732984293,0.05445026178010471,0.9958115183246073,0.9947643979057592,75.9,96.5,TRUE
MEX72F,MEX,San Francisco del Rincon,2020,169.03677639662882,1.1,218431,12837,5.876913075524994,43,535.9593210936893,0.9329842931937172,0.20837696335078534,0.018848167539267015,0.9366492146596859,0.8429319371727748,58.8,93.3,FALSE
MEX73F,MEX,San Martin Texmelucan,2020,2.219844984639573,2.7,205081,13450,6.558384248175111,46,89.45467485481774,0.08691099476439791,0.9015706806282723,0.0356020942408377,0.9256544502617801,0.3518324607329843,46,8.7,FALSE
MEX74F,MEX,Lazaro Cardenas,2020,358.3731174963427,1.7,199731,11434,5.724699721124913,57,1430.0218027365615,1,0.5287958115183246,0.014659685863874346,0.874869109947644,0.9696335078534032,67.8,100,TRUE
MEX75F,MEX,Ciudad Valles,2020,299.10536517679765,1.8,182221,16376,8.98688954621037,93,1325.997208415427,0.987434554973822,0.5848167539267015,0.11099476439790576,0.7308900523560209,0.9654450261780104,67.6,98.7,TRUE
MEX77F,MEX,Cuauhtemoc,2020,32.92467924290699,1.9,184241,13213,7.1715850435028035,71,272.0234990056902,0.49109947643979057,0.6350785340314136,0.05549738219895288,0.819371727748691,0.6554973821989529,53.1,49.1,FALSE
MEX78F,MEX,Navojoa,2020,278.77151789501215,2,167300,15492,9.260011954572624,39,1938.4152661740895,0.9853403141361257,0.6785340314136126,0.11518324607329843,0.9513089005235602,0.9958115183246073,74.5,98.5,TRUE
MEX79F,MEX,Zitacuaro,2020,12.834861212690514,3.8,158984,11582,7.285009812308156,91,199.5366417418355,0.25968586387434556,0.9884816753926702,0.06282722513089005,0.7392670157068063,0.5382198952879581,51.8,26,FALSE
MEX80F,MEX,Lagos de Moreno,2020,93.80879325221731,2.6,175460,11474,6.5393821953721645,57,340.2615013712932,0.8104712041884817,0.8759162303664921,0.03455497382198953,0.874869109947644,0.7361256544502618,66.6,81,TRUE
MEX81F,MEX,Piedras Negras,2020,211.1448915938966,3.1,179251,10326,5.760637318620259,73,1613.9177631912823,0.9591623036649215,0.9586387434554974,0.015706806282722512,0.8089005235602095,0.981151832460733,74.5,95.9,TRUE
MEX82F,MEX,Comitan de Dominguez,2020,128.36200293148505,0.8,171486,10378,6.051805978330592,49,430.0188153822148,0.881675392670157,0.09895287958115183,0.023036649214659685,0.9062827225130891,0.7979057591623037,54.2,88.2,FALSE
MEX83F,MEX,Delicias,2020,205.44323808239673,2.7,153019,12460,8.142779654814108,44,1258.7527787996453,0.9581151832460733,0.9015706806282723,0.08691099476439791,0.9314136125654451,0.9570680628272251,76.7,95.8,TRUE
MEX84F,MEX,Tuxpan,2020,238.47038407286936,1.6,156266,15332,9.811475304928775,184,1271.2144068218092,0.9738219895287958,0.4722513089005236,0.1225130890052356,0.3544502617801047,0.9591623036649215,57.6,97.4,FALSE
MEX85F,MEX,Iguala de la Independencia,2020,338.65674714262127,1.3,156882,13176,8.398669063372472,82,1611.975582349508,0.9958115183246073,0.2994764397905759,0.09424083769633508,0.7811518324607329,0.9801047120418848,63,99.6,FALSE
MEX86F,MEX,Acuna,2020,200.7737719943397,2.9,165997,7122,4.290438983837057,94,1219.1177566476142,0.9570680628272251,0.9397905759162304,0.005235602094240838,0.7261780104712042,0.9539267015706806,71.6,95.7,TRUE
MEX87F,MEX,Uriangato,2020,108.5966938186077,3.3,140251,14267,10.172476488581186,52,402.8919227828777,0.8471204188481676,0.9738219895287958,0.12460732984293194,0.8958115183246074,0.7832460732984293,72.5,84.7,TRUE
MEX88F,MEX,Teziutlan,2020,50.34721105453625,0.2,141254,8851,6.26601724552933,169,120.33704952526435,0.6073298429319371,0.019895287958115182,0.031413612565445025,0.40785340314136126,0.42303664921465967,29.8,60.7,FALSE
MEX89F,MEX,Apatzingan,2020,335.5405112546233,1.5,127953,8910,6.963494408102975,69,1634.1466737176688,0.993717277486911,0.42041884816753927,0.049214659685863874,0.8282722513089005,0.9853403141361257,65.5,99.4,TRUE
MEX90F,MEX,Zapotlan el Grande,2020,77.000958515681,2,134306,10895,8.112072431611395,27,293.6813282317499,0.7602094240837697,0.6785340314136126,0.08481675392670157,0.9780104712041885,0.6774869109947644,63.6,76,FALSE
MEX91F,MEX,Hidalgo del Parral,2020,140.07882294384484,0.3,118939,10250,8.617862938144762,107,715.0194497346686,0.8931937172774869,0.027225130890052355,0.10157068062827225,0.6801047120418848,0.8764397905759163,51.6,89.3,FALSE
NL001F,NLD,Amsterdam,2020,10.428100023985378,1.8,2854989,492209,17.240311608906374,129,51.252606537742594,0.23141361256544501,0.5848167539267015,0.3947643979057592,0.5895287958115183,0.20732984293193718,40.2,23.1,FALSE
NL002F,NLD,Alkmaar,2020,5.813601996375838,1.6,271508,58849,21.67486777553516,156,32.92449285632984,0.16020942408376965,0.4722513089005236,0.7727748691099476,0.4654450261780105,0.12460732984293194,39.9,16,FALSE
NL003F,NLD,Almelo,2020,17.37808162338857,2.2,152571,30238,19.818969528940624,256,72.32586204506245,0.35916230366492147,0.7539267015706806,0.6429319371727749,0.19109947643979058,0.2858638743455497,44.7,35.9,FALSE
NL005F,NLD,Alphen aan den Rijn,2020,13.285639121888462,1.4,111897,21396,19.121156063165234,145,56.347852280354374,0.2670157068062827,0.36020942408376966,0.5706806282722513,0.5172774869109947,0.22303664921465968,38.8,26.7,FALSE
NL006F,NLD,Amersfoort,2020,13.967049645551347,1.6,230848,38511,16.682405738841144,127,73.18414603098732,0.2858638743455497,0.4722513089005236,0.35706806282722514,0.599476439790576,0.29214659685863875,40.1,28.6,FALSE
NL007F,NLD,Apeldoorn,2020,16.110990013222533,2.1,242274,54120,22.338344188811014,191,72.42958233135752,0.33298429319371725,0.7183246073298429,0.8041884816753927,0.33141361256544505,0.28900523560209423,49.5,33.3,FALSE
NL008F,NLD,Arnhem,2020,15.62970880636037,1.6,416586,83501,20.04412054173688,225,74.96305756780751,0.3204188481675393,0.4722513089005236,0.66178010471204185,0.23717277486910995,0.29842931937172773,39.8,32,FALSE
NL011F,NLD,Breda,2020,14.493077726497454,1.8,350023,71036,20.294666350496968,147,81.44321990149908,0.2963350785340314,0.5848167539267015,0.6837696335078534,0.5036649214659686,0.3256544502617801,47.9,29.6,FALSE
NL012F,NLD,Deventer,2020,17.47880692635231,3,118971,22283,18.729774482857167,201,72.26631830161178,0.36020942408376966,0.9492146596858638,0.5246073298429319,0.29790575916230366,0.2848167539267016,48.3,36,FALSE
NL014F,NLD,Eindhoven,2020,17.750938377198608,2,817604,165089,20.191804345379914,161,96.18533308585758,0.36544502617801045,0.6785340314136126,0.6764397905759162,0.43821989528795813,0.36963350785340315,50.6,36.5,FALSE
NL015F,NLD,Enschede,2020,17.01191994251311,1.9,404400,83300,20.598417408506428,189,76.15264829585084,0.34973821989528797,0.6350785340314136,0.7026178010471205,0.3392670157068063,0.3057591623036649,46.6,35,FALSE
NL017F,NLD,s-Gravenhage,2020,6.744843411374083,1.8,1179415,199401,16.906771577434576,122,56.281959621112655,0.18219895287958116,0.5848167539267015,0.3717277486910995,0.6172774869109947,0.22094240837696336,39.5,18.2,FALSE
NL018F,NLD,Groningen,2020,11.00010617525401,2,708620,144492,20.39061838503006,143,45.461424309229685,0.24083769633507854,0.6785340314136126,0.6900523560209424,0.5287958115183246,0.181151832460733,46.4,24.1,FALSE
NL022F,NLD,Heerlen,2020,19,2.4,257069,63863,24.842746499966935,270,96.14790831841582,0.38952879581151834,0.8151832460732984,0.8900523560209425,0.17905759162303664,0.36858638743455496,52.8,39,FALSE
NL025F,NLD,s-Hertogenbosch,2020,14.161386435651929,1.7,285341,55249,19.36244703705391,155,80.74172709360896,0.29214659685863875,0.5287958115183246,0.6,0.4706806282722513,0.3225130890052356,44.3,29.2,FALSE
NL028F,NLD,Leeuwarden,2020,5.714427677342712,1.9,282098,58611,20.776822239080037,127,36.22605404880889,0.15916230366492146,0.6350785340314136,0.7120418848167539,0.599476439790576,0.13717277486910995,44.9,15.9,FALSE
NL029F,NLD,Leiden,2020,12.856033205845533,1.4,357897,67108,18.750646135620023,146,50.63457483089353,0.2607329842931937,0.36020942408376966,0.5277486910994764,0.5094240837696336,0.20104712041884817,37.2,26.1,FALSE
NL031F,NLD,Maastricht,2020,18.15582411253864,1.8,196521,46699,23.76285486029483,142,91.94782435754735,0.3738219895287958,0.5848167539267015,0.8607329842931937,0.5329842931937173,0.35602094240837695,54.2,37.4,FALSE
NL033F,NLD,Nijmegen,2020,16.2076987550175,1.8,322878,60948,18.876479661048446,151,75.9031993290582,0.33717277486910996,0.5848167539267015,0.5424083769633508,0.48795811518324606,0.30261780104712044,45.1,33.7,FALSE
NL037F,NLD,Rotterdam,2020,11.134319608729793,1.8,1820732,341020,18.729829541085675,137,67.26101506929027,0.24397905759162303,0.5848167539267015,0.5256544502617801,0.5602094240837696,0.26596858638743454,43.6,24.4,FALSE
NL038F,NLD,Roosendaal,2020,14.762445818321867,1.6,130413,29008,22.24318127794008,152,79.02308249867096,0.30471204188481676,0.4722513089005236,0.7968586387434555,0.4837696335078534,0.3183246073298429,47.5,30.5,FALSE
NL039F,NLD,Sittard-Geleen,2020,18.99798300977396,1.5,164911,41324,25.058364814960797,240,102.91902152756776,0.38848167539267014,0.42041884816753927,0.8952879581151832,0.20628272251308902,0.38848167539267014,46,38.8,FALSE
NL041F,NLD,Tilburg,2020,16.460590332415194,1.7,417770,81340,19.470043325274673,135,84.95646971002822,0.3413612565445026,0.5287958115183246,0.6157068062827226,0.5664921465968586,0.3382198952879581,47.8,34.1,FALSE
NL042F,NLD,Utrecht,2020,13.01169212375711,2.1,933421,153418,16.436099037840375,117,66.99497212877395,0.2649214659685864,0.7183246073298429,0.33298429319371725,0.6408376963350786,0.2649214659685864,44.4,26.5,FALSE
NL044F,NLD,Venlo,2020,19.379641585330173,1.1,201138,44492,22.120136423748868,294,98.19534676353574,0.39267015706806285,0.20837696335078534,0.7895287958115184,0.16178010471204188,0.3769633507853403,38.6,39.3,FALSE
NL047F,NLD,Zwolle,2020,14.879103727840922,1.8,395118,73074,18.494221979256828,165,64.11814912635042,0.3078534031413613,0.5848167539267015,0.5089005235602094,0.42670157068062825,0.2554973821989529,41.7,30.8,FALSE
NO001F,NOR,Oslo,2020,0.15198813722436627,1.4,1445221,214066,14.811990692081004,156,20.697047307927253,0.027225130890052355,0.36020942408376966,0.24607329842931938,0.4654450261780105,0.06701570680628273,23.3,2.7,FALSE
NO003F,NOR,Trondheim,2020,1.4408807069529002,2.3,266573,40434,15.168077787322797,201,13.190980343360799,0.061780104712041886,0.7832460732984293,0.2628272251308901,0.29790575916230366,0.040837696335078534,28.9,6.2,FALSE
NZL01F,NZL,Auckland,2020,0.9827082895677028,1.8,1685890,203855,12.091832800479272,151,38.501753704886085,0.04502617801047121,0.5848167539267015,0.1581151832460733,0.48795811518324606,0.14973821989528796,28.5,4.5,FALSE
NZL02F,NZL,Christchurch,2020,7.0615489538528164,1.7,510310,77840,15.253473378926534,159,46.15131268089124,0.18638743455497384,0.5287958115183246,0.27225130890052357,0.4476439790575916,0.18534031413612564,32.4,18.6,FALSE
NZL04F,NZL,Hamilton,2020,6.185734089235686,1.8,216740,26255,12.113592322598505,180,37.61338954352677,0.17486910994764399,0.5848167539267015,0.16020942408376965,0.36544502617801045,0.14450261780104712,28.6,17.5,FALSE
NZL05F,NZL,Tauranga,2020,4.787417892278336,0.7,172950,33510,19.375542064180397,215,36.410008379026706,0.1382198952879581,0.07801047120418848,0.6020942408376964,0.2628272251308901,0.1382198952879581,24.4,13.8,FALSE
NZL06F,NZL,Dunedin,2020,0.4501794263928225,1,132520,21565,16.273015393902806,218,2.6830933424743613,0.033507853403141365,0.16282722513089004,0.3267015706806283,0.25759162303664923,0.013612565445026177,15.9,3.4,FALSE
PL001F,POL,Warszawa,2020,12.675987245750727,1.9,3482580,625793,17.96923545187763,124,71.49973973560184,0.25759162303664923,0.6350785340314136,0.4638743455497382,0.6099476439790575,0.2806282722513089,44.9,25.8,FALSE
PL002F,POL,Łódź,2020,9.14865159532726,1.1,1056095,236745,22.417017408471775,147,70.790736548057,0.2136125654450262,0.20837696335078534,0.8094240837696335,0.5036649214659686,0.27958115183246074,40.3,21.4,FALSE
PL003F,POL,Kraków,2020,10.40254834533871,1.5,1432848,251670,17.564319453284646,155,58.72909552060311,0.23036649214659685,0.42041884816753927,0.42198952879581153,0.4706806282722513,0.2324607329842932,35.5,23,FALSE
PL004F,POL,Wrocław,2020,16.358944913099556,2.8,1017549,181414,17.828527176578227,163,80.04078185740987,0.3403141361256545,0.9256544502617801,0.44607329842931936,0.4319371727748691,0.32146596858638743,49.3,34,FALSE
PL005F,POL,Poznań,2020,13.553687513504958,1.4,979645,167835,17.132226469792627,195,76.33552321737419,0.27225130890052357,0.36020942408376966,0.38534031413612563,0.3162303664921466,0.3068062827225131,32.8,27.2,FALSE
PL006F,POL,Gdańsk,2020,5.097549393930885,1.7,705308,128972,18.285911970373228,165,41.708145804233844,0.14450261780104712,0.5287958115183246,0.49109947643979057,0.42670157068062825,0.1643979057591623,35.1,14.5,FALSE
PL007F,POL,Szczecin,2020,10.598098330014425,1.7,521951,104223,19.967966341668088,166,73.91164440405005,0.2356020942408377,0.5287958115183246,0.6534031413612565,0.42041884816753927,0.2942408376963351,42.6,23.6,FALSE
PL008F,POL,Bydgoszcz,2020,8.457831968317379,1.4,555639,107491,19.345474309758675,153,56.054166425711045,0.20732984293193718,0.36020942408376966,0.5958115183246073,0.4780104712041885,0.2198952879581152,37.2,20.7,FALSE
PL009F,POL,Lublin,2020,9.802438020487616,1.5,685209,130704,19.075055931839774,142,63.13486097411583,0.22408376963350785,0.42041884816753927,0.5633507853403141,0.5329842931937173,0.2534031413612565,39.9,22.4,FALSE
PL010F,POL,Katowice,2020,10.00208644768068,1.4,1312450,272045,20.728027734389883,240,59.42951926620291,0.225130890052356,0.36020942408376966,0.7089005235602094,0.20628272251308902,0.23769633507853402,34.8,22.5,FALSE
PL011F,POL,Białystok,2020,11.6221775428145,0.4,469774,83452,17.764286656988254,117,60.70381825932665,0.24607329842931938,0.03664921465968586,0.4397905759162304,0.6408376963350786,0.24397905759162303,32.1,24.6,FALSE
PL012F,POL,Kielce,2020,8.404500607972933,1,400751,75681,18.884793799641173,164,64.58349646344229,0.20418848167539266,0.16282722513089004,0.5445026178010471,0.42984293193717277,0.25654450261780104,32,20.4,FALSE
PL013F,POL,Toruń,2020,9.585049816122408,1.6,325406,57874,17.785166837735016,173,58.44696813089908,0.218848167539267,0.4722513089005236,0.44293193717277485,0.3910994764397906,0.23141361256544501,35.1,21.9,FALSE
PL014F,POL,Olsztyn,2020,5.88576967609885,1.2,269995,47635,17.64291931332062,137,44.458316571069304,0.16335078534031414,0.25287958115183246,0.4293193717277487,0.5602094240837696,0.17591623036649215,31.6,16.3,FALSE
PL015F,POL,Rzeszów,2020,6.359566077890408,1.1,477577,79898,16.72986764437986,129,62.98503120744993,0.17801047120418848,0.20837696335078534,0.35916230366492147,0.5895287958115183,0.2513089005235602,31.7,17.8,FALSE
PL016F,POL,Opole,2020,15.340176203585655,1.2,266435,50731,19.040666579090583,184,78.07839295252393,0.31518324607329845,0.25287958115183246,0.5591623036649215,0.3544502617801047,0.31413612565445026,35.9,31.5,FALSE
PL017F,POL,Gorzów Wielkopolski,2020,13.951439472733961,1.6,166973,31665,18.964143903505356,183,83.76256180741699,0.2837696335078534,0.4722513089005236,0.5507853403141362,0.3575916230366492,0.3319371727748691,39.9,28.4,FALSE
PL019F,POL,Jelenia Góra,2020,3.0945334859388844,0.7,126226,28376,22.48031308922092,231,29.271570825377232,0.10366492146596859,0.07801047120418848,0.8115183246073299,0.22722513089005236,0.10785340314136126,26.6,10.4,FALSE
PL020F,POL,Nowy Sącz,2020,7.893048873545797,1,262499,38099,14.513960053181155,186,34.04842479951423,0.19895287958115182,0.16282722513089004,0.23455497382198953,0.34921465968586385,0.12879581151832462,21.5,19.9,FALSE
PL024F,POL,Częstochowa,2020,8.139288936970095,1.1,394149,83555,21.19883597319795,237,70.06962482959808,0.2031413612565445,0.20837696335078534,0.7403141361256544,0.21256544502617802,0.2743455497382199,32.8,20.3,FALSE
PL025F,POL,Radom,2020,9.753777026526018,1.7,328662,59740,18.17672867566071,159,68.50090618419391,0.22198952879581152,0.5287958115183246,0.47958115183246075,0.4476439790575916,0.26910994764397905,38.9,22.2,FALSE
PL026F,POL,Płock,2020,10.565670285216575,1.4,224003,42298,18.882782819872947,169,67.55770911159831,0.23350785340314137,0.36020942408376966,0.543455497382199,0.40785340314136126,0.2670157068062827,36.2,23.4,FALSE
PL027F,POL,Kalisz,2020,16.693713536033375,1.6,206005,39815,19.32720079609718,147,87.54263804971838,0.34450261780104713,0.4722513089005236,0.5905759162303665,0.5036649214659686,0.34659685863874345,45.2,34.5,FALSE
PL028F,POL,Koszalin,2020,4.942044623243472,1.3,178662,35374,19.7993977454635,160,47.94174069759738,0.14031413612565444,0.2994764397905759,0.6408376963350786,0.4424083769633508,0.19162303664921465,34.3,14,FALSE
PL033F,POL,Lubin,2020,16.97422956494895,1,117078,23501,20.072942824441824,128,95.23921903603014,0.3486910994764398,0.16282722513089004,0.6670157068062827,0.5942408376963351,0.3643979057591623,42.7,34.9,FALSE
PL034F,POL,Piła,2020,9.164666936474234,1.1,111559,20375,18.26387830654631,178,59.344908913220806,0.21465968586387435,0.20837696335078534,0.4869109947643979,0.37225130890052355,0.2356020942408377,30.4,21.5,FALSE
PL035F,POL,Inowrocław,2020,10.082320817662065,1.3,119117,23293,19.55472350714004,125,60.43156320134863,0.22722513089005236,0.2994764397905759,0.6198952879581152,0.606282722513089,0.24293193717277486,39.9,22.7,FALSE
PL037F,POL,Gniezno,2020,12.203770321895757,2,103454,18514,17.895876428170975,181,66.38435392187465,0.25026178010471206,0.6785340314136126,0.4586387434554974,0.36282722513089005,0.2638743455497382,40.3,25,FALSE
PL039F,POL,Ostrów Wielkopolski,2020,16.955605121118854,1.7,137691,25159,18.272072974994735,147,88.25965617277181,0.34764397905759165,0.5287958115183246,0.48795811518324606,0.5036649214659686,0.3486910994764398,44.3,34.8,FALSE
PL042F,POL,Chełm,2020,9.734825135827021,1.4,122592,23834,19.44172539806839,187,58.95145920707554,0.22094240837696336,0.36020942408376966,0.6094240837696335,0.3460732984293194,0.23455497382198953,35.4,22.1,FALSE
PL058F,POL,Bielsko-Biała,2020,5.2246272423231614,1.6,367275,70579,19.21693553876523,238,37.616775137457736,0.14764397905759163,0.4722513089005236,0.5769633507853403,0.21151832460732983,0.14554973821989528,31.1,14.8,FALSE
PL060F,POL,Rybnik,2020,10.88313061530183,0.8,208203,37470,17.996858834887107,327,57.45653520279093,0.23979057591623038,0.09895287958115183,0.46596858638743455,0.14136125654450263,0.22827225130890053,23.5,24,FALSE
PL062F,POL,Wałbrzych,2020,2.177066265079215,1.4,159092,35537,22.337389686470722,345,28.105428783230156,0.08481675392670157,0.36020942408376966,0.8031413612565445,0.12722513089005236,0.10261780104712041,29.6,8.5,FALSE
PL063F,POL,Elbląg,2020,3.805849810387893,1.8,149374,29017,19.425736741333832,2086,45.658954013797995,0.1193717277486911,0.5848167539267015,0.606282722513089,0.0010471204188481676,0.18219895287958116,29.9,11.9,FALSE
PL064F,POL,Włocławek,2020,11.039069464149044,1.3,195949,39473,20.144527402538415,1093,66.16450538219561,0.2418848167539267,0.2994764397905759,0.6722513089005235,0.0031413612565445027,0.2617801047120419,29.6,24.2,FALSE
PL067F,POL,Legnica,2020,17.28190066375247,1.6,180780,35585,19.684146476380132,145,69.85359545540683,0.35602094240837695,0.4722513089005236,0.6282722513089005,0.5172774869109947,0.2732984293193717,44.9,35.6,FALSE
PT001F,PRT,Lisboa,2020,12.994870947467362,1.9,3028851,650033,21.46137264593075,89,267.9979506047084,0.2638743455497382,0.6350785340314136,0.7560209424083769,0.7513089005235603,0.6450261780104712,61,26.4,FALSE
PT002F,PRT,Porto,2020,28.788310604518365,1.2,1510723,321315,21.26895532801182,138,185.62731531718745,0.4607329842931937,0.25287958115183246,0.7455497382198953,0.5534031413612566,0.5267015706806283,50.8,46.1,FALSE
PT003F,PRT,Braga,2020,53.12224427122151,1.2,259189,48672,18.77857470803159,98,181.84617825999874,0.6240837696335079,0.25287958115183246,0.5329842931937173,0.7115183246073299,0.5214659685863874,52.9,62.4,FALSE
PT004F,PRT,Funchal,2020,0.9128390147081098,0.9,228396,43933,19.23545070841871,125,42.78471680185965,0.041884816753926704,0.12513089005235603,0.5790575916230366,0.606282722513089,0.16858638743455498,30.4,4.2,FALSE
PT005F,PRT,Coimbra,2020,48.50115540785534,2.4,268990,69473,25.827354176735195,158,217.46201392901241,0.5842931937172775,0.8151832460732984,0.9099476439790576,0.4544502617801047,0.5633507853403141,66.5,58.4,TRUE
SK001F,SVK,Bratislava,2020,31.45094817689923,1.5,983876,169019,17.178892462058226,159,132.14688455753645,0.47853403141361256,0.42041884816753927,0.38952879581151834,0.4476439790575916,0.44712041884816756,43.7,47.9,FALSE
SK002F,SVK,Košice,2020,8.11808456858363,1,384398,62598,16.284684103455273,125,69.71065964348614,0.20209424083769634,0.16282722513089004,0.32774869109947646,0.606282722513089,0.2712041884816754,31.4,20.2,FALSE
SK003F,SVK,Banská Bystrica,2020,1.3811691383870897,0.9,110674,21015,18.988199577136456,222,20.499984472457722,0.05968586387434555,0.12513089005235603,0.5539267015706806,0.24659685863874345,0.06596858638743455,21,6,FALSE
SK005F,SVK,Prešov,2020,2.572351509212445,0.6,176481,26526,15.030513199721216,139,42.29127064399052,0.09424083769633508,0.060209424083769635,0.25759162303664923,0.5471204188481675,0.16753926701570682,22.5,9.4,FALSE
SK006F,SVK,Žilina,2020,0.4310671555645507,0.6,222268,35342,15.900624471358901,128,25.587565746582477,0.032460732984293195,0.060209424083769635,0.3068062827225131,0.5942408376963351,0.08795811518324607,21.6,3.2,FALSE
SI001F,SVN,Ljubljana,2020,14.695741083981494,1.6,900826,173704,19.282747167599513,181,59.399510350756636,0.30052356020942406,0.4722513089005236,0.5842931937172775,0.36282722513089005,0.23664921465968586,39.1,30.1,FALSE
SI002F,SVN,Maribor,2020,22.641822251355944,1,256905,54214,21.102742258811624,113,83.89211833287588,0.431413612565445,0.16282722513089004,0.7329842931937173,0.6554973821989529,0.33298429319371725,46.3,43.1,FALSE
SE001F,SWE,Stockholm,2020,0.13614058543548768,1.4,2477029,402324,16.24219982890794,157,26.448148469611453,0.025130890052356022,0.36020942408376966,0.3256544502617801,0.46020942408376964,0.09214659685863874,25.3,2.5,FALSE
SE002F,SWE,Göteborg,2020,0.2107181554606643,1,1059136,181609,17.14690087014321,192,21.444241716967465,0.028272251308900525,0.16282722513089004,0.387434554973822,0.3287958115183246,0.07225130890052356,19.6,2.8,FALSE
SE003F,SWE,Malmö,2020,3.594804564876173,1.6,844079,149044,17.657588922363903,101,22.44974758124925,0.1130890052356021,0.4722513089005236,0.43350785340314135,0.7015706806282722,0.07643979057591622,35.9,11.3,FALSE
SE006F,SWE,Uppsala,2020,3.403964673283827,1.4,310624,56648,18.23683939425157,144,37.84941953913001,0.10890052356020942,0.36020942408376966,0.4848167539267016,0.5246073298429319,0.14659685863874344,32.5,10.9,FALSE
SE007F,SWE,Linköping,2020,3.8503137492762147,1.1,257634,50616,19.646475232306294,198,30.700839041117415,0.12146596858638743,0.20837696335078534,0.625130890052356,0.3068062827225131,0.11413612565445026,27.5,12.1,FALSE
SE008F,SWE,Örebro,2020,3.6329081567058594,1.8,213391,41095,19.2580755514525,173,35.672565949564216,0.11413612565445026,0.5848167539267015,0.5801047120418849,0.3910994764397906,0.13403141361256546,36.1,11.4,FALSE
SE010F,SWE,Västerås,2020,5.875932112290014,1.9,204910,42240,20.613928065980186,194,43.023428482669736,0.16230366492146597,0.6350785340314136,0.7057591623036649,0.3219895287958115,0.17172774869109947,39.9,16.2,FALSE
SE011F,SWE,Norrköping,2020,1.658434818178343,1.4,187596,39259,20.92741849506386,177,29.654901928446126,0.06806282722513089,0.36020942408376966,0.7204188481675393,0.37801047120418846,0.10890052356020942,32.7,6.8,FALSE
SE012F,SWE,Helsingborg,2020,3.1176041599066107,1.5,251118,51303,20.429837765512627,179,26.597221765146028,0.10471204188481675,0.42041884816753927,0.6963350785340314,0.3680628272251309,0.09528795811518324,33.7,10.5,FALSE
TR001F,TUR,Ankara,2020,86.04931322372703,3.9,5067565,437971,8.642632112266936,43,335.15506932820915,0.7884816753926701,0.9900523560209424,0.10366492146596859,0.9366492146596859,0.7329842931937173,71,78.8,TRUE
TR002F,TUR,Adana,2020,156.95650072471352,3.7,1788876,141305,7.899094179808998,44,879.66936798934,0.9162303664921466,0.9863874345549738,0.07958115183246073,0.9314136125654451,0.9099476439790576,76.5,91.6,TRUE
TR003F,TUR,Antalya,2020,112.45247602279048,4.7,1420166,115403,8.126021887582155,84,550.7736938016577,0.856544502617801,0.9989528795811519,0.08586387434554973,0.7732984293193718,0.8450261780104712,71.2,85.7,TRUE
TR004F,TUR,Balikesir,2020,39.18891902327569,2.8,366270,42873,11.705299369317716,36,331.60557680072935,0.5287958115183246,0.9256544502617801,0.14764397905759163,0.9596858638743455,0.7235602094240837,65.7,52.9,TRUE
TR005F,TUR,Bursa,2020,47.712163163469995,2.4,2023467,171200,8.460726070650027,31,238.23212161476408,0.5801047120418849,0.8151832460732984,0.09738219895287958,0.9680628272251309,0.5947643979057592,61.1,58,FALSE
TR006F,TUR,Denizli,2020,120.59504583173597,3,664154,54166,8.155638601890525,63,661.2173024689575,0.8691099476439791,0.9492146596858638,0.08795811518324607,0.8486910994764398,0.8659685863874346,72.4,86.9,TRUE
TR007F,TUR,Diyarbakir,2020,141.39870290890866,4,1117349,48034,4.298925402895604,39,838.5299043520007,0.8942408376963351,0.9916230366492147,0.0062827225130890054,0.9513089005235602,0.9015706806282723,74.9,89.4,TRUE
TR008F,TUR,Edirne,2020,98.92925088140773,1.5,180901,20664,11.422822427736717,35,460.32178987750723,0.8240837696335078,0.42041884816753927,0.13507853403141362,0.962303664921466,0.8115183246073299,63.1,82.4,FALSE
TR009F,TUR,Erzurum,2020,3.021491520515269,1.7,417784,29425,7.043113187675928,78,38.0740840564426,0.10157068062827225,0.5287958115183246,0.05340314136125655,0.7910994764397906,0.1486910994764398,32.5,10.2,FALSE
TR010F,TUR,Gaziantep,2020,134.25495834671995,1.7,1748528,87354,4.995859374285113,27,758.9966669244309,0.8890052356020942,0.5287958115183246,0.010471204188481676,0.9780104712041885,0.8879581151832461,65.9,88.9,TRUE
TR011F,TUR,Hatay,2020,132.14569203982376,3,549443,37168,6.764668946551326,74,650.6469499095996,0.8869109947643979,0.9492146596858638,0.04293193717277487,0.8036649214659686,0.8638743455497382,70.9,88.7,TRUE
TR012F,TUR,Istanbul,2020,5.970041308081298,2.1,13552993,1017532,7.507802889000238,30,292.8845899013604,0.16753926701570682,0.7183246073298429,0.06910994764397906,0.9696335078534032,0.6764397905759162,52,16.8,FALSE
TR013F,TUR,Izmir,2020,110.33971266237667,4.3,2959835,339440,11.46820684261116,49,622.7163297065241,0.8502617801047121,0.9963350785340314,0.13612565445026178,0.9062827225130891,0.8607329842931937,75,85,TRUE
TR014F,TUR,Kars,2020,0.705860593634076,0.6,118201,8529,7.2156749942893885,91,52.47161906842082,0.0387434554973822,0.060209424083769635,0.05759162303664921,0.7392670157068063,0.21151832460732983,22.1,3.9,FALSE
TR015F,TUR,Kastamonu,2020,34.12970562838094,1.7,151500,16383,10.813861386138614,106,139.26965035388415,0.4973821989528796,0.5287958115183246,0.12984293193717278,0.6858638743455497,0.45654450261780105,46,49.7,FALSE
TR016F,TUR,Kayseri,2020,52.95364902753846,2.8,1160351,90421,7.7925558731797535,50,283.1853688170422,0.6219895287958115,0.9256544502617801,0.0743455497382199,0.9020942408376963,0.6680628272251309,63.8,62.2,FALSE
TR017F,TUR,Kocaeli,2020,29.889755158796042,1.9,600052,50943,8.489764220434228,93,204.85630990578883,0.4722513089005236,0.6350785340314136,0.09947643979057591,0.7308900523560209,0.543455497382199,49.6,47.2,FALSE
TR018F,TUR,Konya,2020,63.38139825433207,3.9,1359251,99349,7.309098908148679,53,334.7884530518274,0.6994764397905759,0.9900523560209424,0.06492146596858639,0.8910994764397906,0.7298429319371728,67.5,69.9,TRUE
TR019F,TUR,Malatya,2020,119.0516521446672,2.4,635137,52126,8.207048243134945,47,509.3292477154938,0.8670157068062827,0.8151832460732984,0.08900523560209424,0.9204188481675393,0.8356020942408376,70.5,86.7,TRUE
TR020F,TUR,Manisa,2020,111.43804237396989,3.2,420015,35514,8.455412306703332,33,593.2672322268172,0.8523560209424084,0.9670157068062827,0.09633507853403141,0.9649214659685864,0.8513089005235602,74.6,85.2,TRUE
TR021F,TUR,Nevsehir,2020,62.546917846752734,2.4,150267,12003,7.987781748487692,70,284.81327819116046,0.694240837696335,0.8151832460732984,0.0806282722513089,0.824607329842932,0.669109947643979,61.7,69.4,FALSE
TR022F,TUR,Samsun,2020,21.35880370177813,1.8,658836,62504,9.487034709700138,31,113.27294048358539,0.42198952879581153,0.5848167539267015,0.11727748691099477,0.9680628272251309,0.4031413612565445,49.9,42.2,FALSE
TR023F,TUR,Siirt,2020,129.24209332823318,1.3,169615,7616,4.490168911947646,39,688.8023463729506,0.8827225130890053,0.2994764397905759,0.008376963350785341,0.9513089005235602,0.8722513089005236,60.3,88.3,FALSE
TR024F,TUR,Trabzon,2020,15.182274239358875,0.9,330373,31518,9.540125857742613,61,50.53427133396442,0.31099476439790574,0.12513089005235603,0.1193717277486911,0.8570680628272251,0.19895287958115182,32.2,31.1,FALSE
TR025F,TUR,Van,2020,5.18387551162877,1.1,496623,19989,4.024984746981111,49,94.42464092014586,0.14659685863874344,0.20837696335078534,0.004188481675392671,0.9062827225130891,0.362303664921466,32.6,14.7,FALSE
TR026F,TUR,Zonguldak,2020,7.434493554618805,1.9,201968,24873,12.315317277984631,159,127.56819259795625,0.19162303664921465,0.6350785340314136,0.1643979057591623,0.4476439790575916,0.4356020942408377,37.5,19.2,FALSE
USA01F,USA,New York (Greater),2020,50.105024721779685,2.4,19797949,3279366,16.564170359262974,190,269.08738845028034,0.6041884816753926,0.8151832460732984,0.34554973821989526,0.33507853403141363,0.6481675392670158,55,60.4,FALSE
USA02F,USA,Los Angeles (Greater),2020,122.5251742413948,-5,17812851,2575120,14.456529165376166,102,1269.1988060770266,0.8722513089005236,0.0010471204188481676,0.22722513089005236,0.6984293193717277,0.9581151832460733,55.1,87.2,FALSE
USA03F,USA,Chicago,2020,44.36808752202044,2.4,9424738,1455074,15.438880104677711,295,263.52064461877444,0.5643979057591623,0.8151832460732984,0.27853403141361255,0.16020942408376965,0.6397905759162303,49.2,56.4,FALSE
USA04F,USA,Washington (Greater),2020,75.9929559035105,2.7,9175206,1331105,14.507630673360358,300,385.06296149110926,0.7570680628272252,0.9015706806282723,0.2324607329842932,0.1549738219895288,0.768586387434555,56.3,75.7,FALSE
USA05F,USA,San Francisco (Greater),2020,48.53370623013334,2.5,6676598,1047565,15.690101455861203,128,426.5278427737286,0.5863874345549738,0.8486910994764398,0.29528795811518327,0.5942408376963351,0.7968586387434555,62.4,58.6,FALSE
USA06F,USA,Philadelphia (Greater),2020,69.84758619697071,2.6,6478776,1083681,16.72663169709834,272,347.7005569329641,0.7308900523560209,0.8759162303664921,0.3581151832460733,0.17643979057591622,0.7445026178010471,57.7,73.1,FALSE
USA07F,USA,Dallas,2020,133.3614534330689,2.9,7917643,958206,12.102162221762208,297,891.3368856792741,0.8879581151832461,0.9397905759162304,0.15916230366492146,0.1586387434554974,0.9109947643979057,61.1,88.8,FALSE
USA08F,USA,Houston,2020,166.50131186786274,2.6,7240092,864010,11.933688135454632,333,976.8891916101896,0.9277486910994764,0.8759162303664921,0.1549738219895288,0.1382198952879581,0.9225130890052357,60.4,92.8,FALSE
USA09F,USA,Miami (Greater),2020,161.14640943526317,1.1,6337776,1226119,19.346202832034454,178,1285.9903701314915,0.9204188481675393,0.20837696335078534,0.5968586387434555,0.37225130890052355,0.9643979057591623,61.2,92,FALSE
USA100F,USA,Escambia,2020,128.25445626848364,2.4,509863,86957,17.054973590945018,778,746.054534288053,0.8806282722513089,0.8151832460732984,0.38219895287958117,0.008376963350785341,0.8837696335078534,59.4,88.1,FALSE
USA101F,USA,Caddo,2020,129.86237755968563,2.7,439772,77210,17.556824900175545,604,791.4396296290214,0.8837696335078534,0.9015706806282723,0.42094240837696334,0.023036649214659685,0.8931937172774869,62.5,88.4,FALSE
USA102F,USA,Tulare,2020,176.07806690334687,3,468274,55360,11.822138320726754,110,598.8274223798388,0.9403141361256544,0.9492146596858638,0.15078534031413612,0.668586387434555,0.8544502617801047,71.3,94,TRUE
USA103F,USA,Newport News,2020,73.37386881769773,2.2,442347,70599,15.960094676803505,510,451.8386724395135,0.749738219895288,0.7539267015706806,0.3099476439790576,0.049214659685863874,0.8083769633507853,53.4,75,FALSE
USA104F,USA,York,2020,68.4356038166455,1.9,450374,82670,18.35585535577098,359,329.0601130539338,0.7225130890052356,0.6350785340314136,0.4973821989528796,0.1162303664921466,0.7193717277486911,53.8,72.3,FALSE
USA105F,USA,Genesee,2020,53.87615873470173,2.2,405242,74116,18.28931848130253,667,237.4512899784194,0.6293193717277487,0.7539267015706806,0.49214659685863876,0.013612565445026177,0.5926701570680628,49.6,62.9,FALSE
USA106F,USA,Jefferson (TX),2020,135.33194442497486,2.3,426811,69212,16.216076905234402,861,859.7059554680127,0.8910994764397906,0.7832460732984293,0.32356020942408376,0.005235602094240838,0.9057591623036649,58.2,89.1,FALSE
USA107F,USA,Santa Barbara,2020,7.1362572307247705,1.8,445285,71166,15.982123808347463,140,383.5964438053134,0.187434554973822,0.5848167539267015,0.31204188481675393,0.5424083769633508,0.7675392670157068,47.9,18.7,FALSE
USA108F,USA,Lafayette,2020,144.34997244095652,1.6,440393,66860,15.181894353452485,383,863.0376734605078,0.8994764397905759,0.4722513089005236,0.26596858638743454,0.10261780104712041,0.9068062827225131,52.9,89.9,FALSE
USA109F,USA,Monterey,2020,37.74295253180505,0.3,431854,62300,14.426171808064762,108,464.3956077569316,0.5214659685863874,0.027225130890052355,0.22408376963350785,0.675392670157068,0.812565445026178,45.2,52.1,FALSE
USA10F,USA,Atlanta,2020,98.95946017181416,2.3,5719067,727188,12.715150915350353,475,482.88596173560404,0.8251308900523561,0.7832460732984293,0.17382198952879582,0.06230366492146597,0.8251308900523561,53.4,82.5,FALSE
USA110F,USA,Mobile,2020,125.05253682049158,2.1,413119,70290,17.014467986221888,625,752.6185029168217,0.8764397905759163,0.7183246073298429,0.38010471204188484,0.01780104712041885,0.8858638743455497,57.6,87.6,FALSE
USA111F,USA,Berks,2020,63.638015313748035,2.4,421131,75453,17.91675274439545,373,297.5261640188691,0.7005235602094241,0.8151832460732984,0.4607329842931937,0.10575916230366492,0.6848167539267016,55.3,70.1,FALSE
USA112F,USA,Cameron,2020,215.93747659140234,2.7,424174,60007,14.14678881779647,221,1375.7831625055117,0.9602094240837696,0.9015706806282723,0.21151832460732983,0.24973821989528797,0.9675392670157068,65.8,96,TRUE
USA113F,USA,Bell,2020,143.33805742371587,2.2,466996,54938,11.764126459327274,341,1009.6538555421006,0.8963350785340314,0.7539267015706806,0.14973821989528796,0.1319371727748691,0.9256544502617801,57.2,89.6,FALSE
USA114F,USA,Nueces,2020,161.30853931058283,2.5,430165,65614,15.253216788906583,190,1275.7983114509975,0.9214659685863874,0.8486910994764398,0.2712041884816754,0.33507853403141363,0.9602094240837696,66.7,92.1,TRUE
USA115F,USA,Marion (OR),2020,55.051984786448934,2.7,436272,73545,16.857602596545274,282,155.67681605100736,0.6387434554973822,0.9015706806282723,0.3675392670157068,0.16753926701570682,0.4869109947643979,51.2,63.9,FALSE
USA116F,USA,Allen,2020,59.37711401214485,1.8,415853,64601,15.534575919856294,572,306.55155954766906,0.6701570680628273,0.5848167539267015,0.2837696335078534,0.028272251308900525,0.694240837696335,45.2,67,FALSE
USA117F,USA,Scott,2020,59.464926897142895,2.7,378378,71895,19.00084042941186,564,301.7314233806793,0.6712041884816754,0.9015706806282723,0.5549738219895288,0.03193717277486911,0.6900523560209424,57,67.1,FALSE
USA118F,USA,Stark,2020,50.26563099099209,1.8,370173,75084,20.28348907132611,679,240.18831361808373,0.606282722513089,0.5848167539267015,0.6827225130890052,0.010471204188481676,0.5968586387434555,49.6,60.6,FALSE
USA119F,USA,Tallahassee,2020,157.02155786331045,2.3,389300,60052,15.425635756486,338,834.4651730785615,0.9172774869109948,0.7832460732984293,0.2764397905759162,0.13507853403141362,0.900523560209424,60.3,91.7,FALSE
USA11F,USA,Boston,2020,46.28746613798618,0.9,4438351,722923,16.288098890781733,233,229.69355781796625,0.5738219895287958,0.12513089005235603,0.3287958115183246,0.2198952879581152,0.5842931937172775,36.6,57.4,FALSE
USA120F,USA,Cumberland (NC),2020,101.56809047936534,2.7,392297,48309,12.314394451142885,692,519.8588655421241,0.8324607329842932,0.9015706806282723,0.16335078534031414,0.009424083769633508,0.8387434554973822,54.9,83.2,FALSE
USA121F,USA,Lane,2020,37.02351019364107,2.9,382958,78126,20.4006705696186,345,135.14648898976546,0.5172774869109947,0.9397905759162304,0.6921465968586388,0.12722513089005236,0.45340314136125653,54.6,51.7,FALSE
USA122F,USA,Winnebago (IL),2020,55.064889165513605,2.6,334700,60458,18.063340304750522,503,258.86244351193244,0.6397905759162303,0.8759162303664921,0.4722513089005236,0.05340314136125655,0.6345549738219896,53.5,64,FALSE
USA123F,USA,Chatham,2020,96.19663885293019,2.7,395787,59887,15.131118505660874,529,784.1604618667113,0.8178010471204189,0.9015706806282723,0.2617801047120419,0.041884816753926704,0.8921465968586387,58.3,81.8,FALSE
USA124F,USA,Vanderburgh,2020,95.1596261252119,1.5,349470,63300,18.11314275903511,465,449.10152483563564,0.8167539267015707,0.42041884816753927,0.47539267015706804,0.06701570680628273,0.806282722513089,51.7,81.7,FALSE
USA125F,USA,Washtenaw,2020,46.08469364865502,2.1,367108,54784,14.923128888501477,361,230.54554757600238,0.5727748691099477,0.7183246073298429,0.2513089005235602,0.11361256544502618,0.587434554973822,44.9,57.3,FALSE
USA126F,USA,Lubbock,2020,137.1132552829384,4.2,373624,50375,13.482806243710254,185,936.5372159225263,0.8921465968586387,0.9947643979057592,0.187434554973822,0.3518324607329843,0.9172774869109948,66.9,89.2,TRUE
USA127F,USA,Madison,2020,101.06379074719892,2.4,377894,58867,15.577648758646605,493,470.89791794217746,0.831413612565445,0.8151832460732984,0.2879581151832461,0.05549738219895288,0.8167539267015707,56.1,83.1,FALSE
USA129F,USA,Peoria,2020,72.8987801636213,2.6,314531,59083,18.784475934009684,665,344.6682640430491,0.7465968586387435,0.8759162303664921,0.5340314136125655,0.014659685863874346,0.7382198952879581,58.2,74.7,FALSE
USA12F,USA,Phoenix,2020,200.23299210699568,1.8,5036609,826013,16.400181153629358,113,1827.2448935122043,0.9549738219895288,0.5848167539267015,0.3319371727748691,0.6554973821989529,0.9916230366492147,70.4,95.5,TRUE
USA130F,USA,Collier,2020,165.52316958086553,1.9,391598,130527,33.33188627112498,284,1276.0163138076828,0.9267015706806283,0.6350785340314136,0.9905759162303664,0.16649214659685863,0.9612565445026178,73.6,92.7,TRUE
USA131F,USA,Luzerne,2020,35.90445986987296,1.9,317231,64535,20.34321992491276,235,187.29566648611697,0.506806282722513,0.6350785340314136,0.6858638743455497,0.21727748691099477,0.5298429319371728,51.5,50.7,FALSE
USA132F,USA,Lancaster (NE),2020,85.0726209381211,2.8,351443,52368,14.9008516317013,347,470.6281741842098,0.7863874345549738,0.9256544502617801,0.24921465968586387,0.12460732984293194,0.8157068062827225,58,78.6,FALSE
USA133F,USA,Thurston,2020,13.589531635498531,1.6,361033,69248,19.180518124381983,518,93.44256309960956,0.2732984293193717,0.4722513089005236,0.574869109947644,0.04659685863874346,0.3612565445026178,34.6,27.3,FALSE
USA134F,USA,Sebastian,2020,117.7610143586056,2.6,310610,55478,17.8609832265542,672,542.1626676445624,0.8659685863874346,0.8759162303664921,0.45549738219895286,0.011518324607329843,0.8439790575916231,61.1,86.6,FALSE
USA135F,USA,Roanoke,2020,65.283230559361,2.1,313951,65999,21.022070323075894,668,280.6728015444046,0.7089005235602094,0.7183246073298429,0.7267015706806282,0.012565445026178011,0.6649214659685864,56.6,70.9,FALSE
USA136F,USA,Muscogee,2020,125.49216417777286,3.1,322549,48222,14.950286623117728,789,721.3770952116568,0.8785340314136125,0.9586387434554974,0.2523560209424084,0.007329842931937173,0.8774869109947644,59.5,87.9,FALSE
USA137F,USA,Brown,2020,34.18887128598152,2,323322,54235,16.774299305336477,475,158.27942331195956,0.49842931937172774,0.6785340314136126,0.362303664921466,0.06230366492146597,0.4973821989528796,42,49.8,FALSE
USA139F,USA,Larimer,2020,73.81004020947108,1.9,359793,59754,16.607882865981274,308,128.49690815702522,0.7507853403141361,0.6350785340314136,0.35287958115183243,0.15078534031413612,0.43664921465968587,46.5,75.1,FALSE
USA13F,USA,Detroit (Greater),2020,44.25717542145581,2.7,4373217,756004,17.287136677644856,431,230.38173168083202,0.5633507853403141,0.9015706806282723,0.39790575916230364,0.078534031413612565,0.5863874345549738,50.6,56.3,FALSE
USA140F,USA,Boulder,2020,70.61827365778974,2,327069,50623,15.477773803081307,263,118.1304658323733,0.7350785340314137,0.6785340314136126,0.2806282722513089,0.18586387434554974,0.4167539267015707,45.9,73.5,FALSE
USA141F,USA,Potter,2020,127.07240039661357,2,293625,44406,15.123371647509579,269,812.7051054072731,0.8795811518324608,0.6785340314136126,0.2607329842931937,0.18010471204188483,0.8984293193717278,57.9,88,FALSE
USA142F,USA,Cumberland (ME),2020,14.558928400527616,0.6,297753,57914,19.45034978656806,461,141.9210635625957,0.2973821989528796,0.060209424083769635,0.6104712041884817,0.06963350785340314,0.45968586387434557,29.9,29.7,FALSE
USA143F,USA,Erie (PA),2020,16.612355725702837,1.7,268831,51306,19.084852565366344,357,134.6898499233506,0.3424083769633508,0.5287958115183246,0.5643979057591623,0.11989528795811519,0.4523560209424084,40.2,34.2,FALSE
USA144F,USA,St. Lucie,2020,155.97041971874586,1.3,335119,83706,24.977992892077143,355,1197.7069361476897,0.912041884816754,0.2994764397905759,0.8931937172774869,0.12146596858638743,0.9507853403141361,63.5,91.2,FALSE
USA145F,USA,Nashville,2020,98.6031770753573,2,352384,40134,11.389279876498366,412,421.2567565834077,0.8230366492146597,0.6785340314136126,0.13403141361256546,0.08900523560209424,0.7926701570680629,50.3,82.3,FALSE
USA146F,USA,Atlantic City,2020,47.42545991271957,2,263339,50195,19.060982232027918,61,337.26695434773546,0.5790575916230366,0.6785340314136126,0.5602094240837696,0.8570680628272251,0.7340314136125654,68.2,57.9,TRUE
USA147F,USA,McLennan,2020,143.4934839375301,2.4,295131,46917,15.897008447096374,430,994.1273945195629,0.8984293193717278,0.8151832460732984,0.3057591623036649,0.08010471204188482,0.9246073298429319,60.5,89.8,FALSE
USA148F,USA,Durham,2020,99.06689159437414,2,326421,45768,14.021156727048812,322,472.65425896755414,0.8261780104712042,0.6785340314136126,0.20523560209424083,0.14345549738219895,0.818848167539267,53.4,82.6,FALSE
USA149F,USA,Lackawanna,2020,31.843707828279044,1.8,260498,55912,21.463504518268856,314,158.1526451473401,0.4848167539267016,0.5848167539267015,0.7581151832460733,0.1486910994764398,0.4963350785340314,49.5,48.5,FALSE
USA14F,USA,Seattle,2020,13.91141390433137,1.6,4011066,558828,13.932156688521205,362,57.03330787260076,0.2806282722513089,0.4722513089005236,0.20418848167539266,0.11204188481675392,0.2261780104712042,25.9,28.1,FALSE
USA150F,USA,St. Joseph,2020,58.46686541516343,2,271650,44898,16.527885146327996,624,258.37064461653785,0.66178010471204185,0.6785340314136126,0.3424083769633508,0.018848167539267015,0.6335078534031413,46.7,66.2,FALSE
USA151F,USA,Santa Cruz,2020,2.08680021269686,0.9,270819,48357,17.85583729354292,141,115.9638223112652,0.08376963350785341,0.12513089005235603,0.4523560209424084,0.537696335078534,0.4094240837696335,32.2,8.4,FALSE
USA152F,USA,Webb,2020,232.76318962597298,2.7,285084,28552,10.015293737985997,118,1627.8284167509112,0.9717277486910995,0.9015706806282723,0.12356020942408377,0.6350785340314136,0.9832460732984293,72.3,97.2,TRUE
USA153F,USA,Minnehaha,2020,65.32196510016229,2.5,300149,43892,14.623403709490953,345,340.3598348206019,0.7099476439790576,0.8486910994764398,0.23769633507853402,0.12722513089005236,0.7371727748691099,53.2,71,FALSE
USA154F,USA,Merced,2020,170.52087182376584,2.5,278938,32555,11.671052348550575,131,972.4640075430923,0.9350785340314136,0.8486910994764398,0.14659685863874344,0.5821989528795811,0.9214659685863874,68.7,93.5,TRUE
USA155F,USA,Benton (WA),2020,110.38410162824994,1.9,302756,41934,13.850757705875358,216,558.602387646629,0.8513089005235602,0.6350785340314136,0.2,0.2607329842931937,0.8471204188481676,55.9,85.1,FALSE
USA156F,USA,Weld,2020,100.605846081323,2.1,331780,42058,12.676472361203206,190,450.1474755794449,0.8303664921465969,0.7183246073298429,0.17172774869109947,0.33507853403141363,0.8073298429319372,57.3,83,FALSE
USA157F,USA,Kalamazoo,2020,50.75006063374198,2,266005,41858,15.735794439954136,561,223.64831278445382,0.612565445026178,0.6785340314136126,0.2973821989528796,0.034031413612565446,0.5706806282722513,43.9,61.3,FALSE
USA158F,USA,Butte,2020,147.75172788812026,2.7,242726,44051,18.148447220322502,329,853.3424982144118,0.9036649214659686,0.9015706806282723,0.4774869109947644,0.13926701570680627,0.9036649214659686,66.5,90.4,TRUE
USA159F,USA,Sangamon,2020,75.5075639818904,2.4,238486,45698,19.161711798596144,617,339.2318189793739,0.7560209424083769,0.8151832460732984,0.5738219895287958,0.020942408376963352,0.7350785340314137,58,75.6,FALSE
USA15F,USA,Minneapolis,2020,43.9261827988316,2.8,3616321,534323,14.775320000630474,474,223.9543238923038,0.5612565445026177,0.9256544502617801,0.2418848167539267,0.06387434554973823,0.5727748691099477,47.3,56.1,FALSE
USA160F,USA,Yakima,2020,81.72333912319694,1,251925,36074,14.31934107373226,170,244.16451542473254,0.7790575916230367,0.16282722513089004,0.218848167539267,0.4005235602094241,0.6073298429319371,43.4,77.9,FALSE
USA161F,USA,Brazos,2020,163.474429677998,2.4,282020,32638,11.5729380894972,300,987.1510871653617,0.9246073298429319,0.8151832460732984,0.14031413612565444,0.1549738219895288,0.9235602094240838,59.2,92.5,FALSE
USA162F,USA,Tuscaloosa,2020,121.43484966693455,2.4,253264,38427,15.172705161412598,411,661.147721658936,0.8712041884816754,0.8151832460732984,0.2649214659685864,0.09109947643979058,0.8649214659685864,58.1,87.1,FALSE
USA163F,USA,Champaign,2020,74.63935132046691,2.1,245345,35506,14.471866147669608,348,346.54398205299094,0.7528795811518325,0.7183246073298429,0.2293193717277487,0.12303664921465969,0.7424083769633508,51.3,75.3,FALSE
USA164F,USA,Linn,2020,46.63836849169677,2.5,253282,42684,16.85236218918044,410,243.42477743402196,0.5759162303664922,0.8486910994764398,0.36649214659685864,0.09319371727748692,0.606282722513089,49.8,57.6,FALSE
USA165F,USA,Lafayette (IN),2020,73.27656893023855,2.2,257259,36227,14.08191744506509,342,324.4459222514613,0.7486910994764397,0.7539267015706806,0.2094240837696335,0.13036649214659685,0.7120418848167539,51.1,74.9,FALSE
USA166F,USA,Shawnee,2020,93.5646672447097,2.6,231167,44909,19.427080854966324,530,489.52928691766004,0.8083769633507853,0.8759162303664921,0.6073298429319371,0.040837696335078534,0.8293193717277487,63.2,80.8,FALSE
USA167F,USA,Weber,2020,61.11709385486921,3.1,261963,31905,12.17920087951352,275,255.8637013902753,0.6858638743455497,0.9586387434554974,0.1612565445026178,0.17172774869109947,0.6272251308900524,52.1,68.6,FALSE
USA168F,USA,Outagamie,2020,34.786090035322694,1.9,238877,37843,15.842044231968753,497,189.07185810602755,0.5036649214659686,0.6350785340314136,0.30157068062827225,0.05445026178010471,0.5319371727748691,40.5,50.4,FALSE
USA169F,USA,Cass,2020,45.86471035416209,2.9,260767,35108,13.463360011044342,317,218.24593029749602,0.5717277486910994,0.9397905759162304,0.18638743455497384,0.14712041884816754,0.5643979057591623,48.2,57.2,FALSE
USA16F,USA,San Diego,2020,89.50074121459437,-2.1,3334413,493960,14.814001744834847,170,742.1335976389056,0.7968586387434555,0.0020942408376963353,0.24712041884816754,0.4005235602094241,0.881675392670157,46.6,79.7,FALSE
USA170F,USA,Benton (AR),2020,95.08575788155915,1.6,286700,39441,13.756888733868156,479,459.03327862536935,0.8157068062827225,0.4722513089005236,0.19476439790575917,0.060732984293193716,0.8104712041884817,47.1,81.6,FALSE
USA171F,USA,Las Cruces,2020,170.73777555723427,1.2,220845,36715,16.624782086984084,72,1038.9756644026081,0.93717277486911,0.25287958115183246,0.3539267015706806,0.8136125654450261,0.9319371727748691,65.8,93.7,TRUE
USA172F,USA,Rochester (MN),2020,38.603361317137264,1.8,222877,38396,17.227439349955358,392,207.0216708826622,0.5225130890052356,0.5848167539267015,0.393717277486911,0.09842931937172775,0.5465968586387434,42.9,52.3,FALSE
USA173F,USA,Jackson (OR),2020,59.151397075420334,2.1,221706,50907,22.96148954020189,294,226.51703786825323,0.6670157068062827,0.7183246073298429,0.8356020942408376,0.16178010471204188,0.5759162303664922,59.2,66.7,FALSE
USA175F,USA,Whatcom,2020,7.281660136572081,1.5,230501,42026,18.23245886134984,337,31.073872854527224,0.1905759162303665,0.42041884816753927,0.4837696335078534,0.13664921465968585,0.1162303664921466,27,19.1,FALSE
USA176F,USA,Broome,2020,29.81926411764815,2.1,189897,37575,19.787042449327792,244,148.5502952723859,0.4712041884816754,0.7183246073298429,0.6387434554973822,0.19947643979057592,0.4712041884816754,50,47.1,FALSE
USA177F,USA,Saginaw,2020,53.16272813059722,1.4,190103,38117,20.05070935229849,642,247.06642379690237,0.6261780104712041,0.36020942408376966,0.6628272251308901,0.015706806282722512,0.6136125654450262,45.6,62.6,FALSE
USA178F,USA,Yuma,2020,217.69386462208385,0.4,217074,43351,19.970609101043884,54,2080.8526038336963,0.962303664921466,0.03664921465968586,0.6544502617801047,0.8858638743455497,1,70.8,96.2,TRUE
USA179F,USA,Racine,2020,15.732554349339832,1,195982,34012,17.354655019338512,412,172.37675842338393,0.32146596858638743,0.16282722513089004,0.40209424083769635,0.08900523560209424,0.5141361256544502,29.8,32.1,FALSE
USA17F,USA,St. Louis,2020,97.79477668812554,2.8,2604030,450971,17.318195258887187,458,423.12078583631137,0.8219895287958116,0.9256544502617801,0.39895287958115183,0.07382198952879582,0.7947643979057591,60.3,82.2,FALSE
USA180F,USA,Punta Gorda,2020,199.78051620371778,1.7,230112,87699,38.111441385064666,1273,1201.0648293121274,0.9539267015706806,0.5287958115183246,1,0.0020942408376963353,0.9518324607329843,68.7,95.4,TRUE
USA181F,USA,Benton (MN),2020,42.975074281892134,2.1,202859,31526,15.540843640163857,487,213.11725056059836,0.5497382198952879,0.7183246073298429,0.2848167539267016,0.05968586387434555,0.5539267015706806,43.3,55,FALSE
USA182F,USA,Harrison,2020,113.29541155870321,1.9,208696,33112,15.866140223099627,937,751.9224486064554,0.8586387434554974,0.6350785340314136,0.30261780104712044,0.004188481675392671,0.8848167539267016,53.7,85.9,FALSE
USA183F,USA,McLean,2020,71.80789146400333,2.4,186800,27332,14.63169164882227,359,345.17773899800545,0.7413612565445026,0.8151832460732984,0.23979057591623038,0.1162303664921466,0.7392670157068063,53,74.1,FALSE
USA184F,USA,Woodbury,2020,72.65306282608367,2.1,185979,30841,16.583055076110742,446,397.94825490948347,0.7455497382198953,0.7183246073298429,0.34973821989528797,0.07539267015706806,0.7780104712041885,53.3,74.6,FALSE
USA185F,USA,Tampa-Hernando,2020,193.16079640481027,1,197792,54621,27.615373725934315,554,1012.7427238477986,0.949738219895288,0.16282722513089004,0.93717277486911,0.0356020942408377,0.9267015706806283,60.2,95,FALSE
USA187F,USA,Johnson,2020,53.85324366744047,2.4,191644,27030,14.1042766796769,319,281.82234892212875,0.6282722513089005,0.8151832460732984,0.21047120418848167,0.1450261780104712,0.6659685863874345,49.3,62.8,FALSE
USA188F,USA,Taylor,2020,148.12534805962247,2.6,176264,27666,15.695774520038125,384,1128.0515627802909,0.9047120418848168,0.8759162303664921,0.2963350785340314,0.10157068062827225,0.9434554973821989,62.4,90.5,FALSE
USA189F,USA,Pitt,2020,105.83710122308003,2.7,182581,25854,14.160290501202207,410,528.66516251093,0.8387434554973822,0.9015706806282723,0.21256544502617802,0.09319371727748692,0.8408376963350785,57.7,83.9,FALSE
USA18F,USA,Denver,2020,87.79908903928249,2.7,2986213,407528,13.64698365454842,242,232.89652114036164,0.7926701570680629,0.9015706806282723,0.193717277486911,0.20157068062827224,0.5895287958115183,53.6,79.3,FALSE
USA190F,USA,Winnebago (WI),2020,29.53920806866401,1,171695,29290,17.059320306357204,534,197.44035040784124,0.4680628272251309,0.16282722513089004,0.3842931937172775,0.0387434554973822,0.5361256544502618,31.8,46.8,FALSE
USA191F,USA,Sutter,2020,165.31781827317502,2.5,176393,26098,14.795371698423407,165,932.5593774555778,0.9256544502617801,0.8486910994764398,0.2450261780104712,0.42670157068062825,0.9162303664921466,67.2,92.6,TRUE
USA192F,USA,Rock,2020,50.15013389866442,1.8,163140,28415,17.417555473826162,514,245.9426488745279,0.6052356020942409,0.5848167539267015,0.4073298429319372,0.048167539267015703,0.6104712041884817,45.1,60.5,FALSE
USA193F,USA,Pueblo,2020,112.44154575353242,2.3,169551,32770,19.327517973942943,240,513.5008117508077,0.8554973821989529,0.7832460732984293,0.5916230366492147,0.20628272251308902,0.837696335078534,65.5,85.5,TRUE
USA194F,USA,Centre,2020,49.6870907892795,1.3,161754,24854,15.365307813098903,200,230.3017885071794,0.5989528795811518,0.2994764397905759,0.2743455497382199,0.30052356020942406,0.5853403141361256,41.2,59.9,FALSE
USA195F,USA,Yellowstone,2020,69.80470890941099,2.8,168061,30356,18.062489215225423,317,299.0169703008813,0.7298429319371728,0.9256544502617801,0.4712041884816754,0.14712041884816754,0.6879581151832461,59.2,73,FALSE
USA196F,USA,Wichita,2020,141.7985214066457,2.3,152312,24642,16.178633331582542,585,1095.4981216662147,0.8952879581151832,0.7832460732984293,0.32146596858638743,0.02617801047120419,0.9392670157068063,59.3,89.5,FALSE
USA197F,USA,Washington (MD),2020,74.24255550486916,1.7,151158,26894,17.79197925349634,601,374.40907345975955,0.7518324607329843,0.5287958115183246,0.44397905759162304,0.024083769633507852,0.7602094240837697,50.2,75.2,FALSE
USA198F,USA,Mesa,2020,72.07078201592661,1.1,155396,31517,20.281731833509227,241,304.8958423866261,0.7424083769633508,0.20837696335078534,0.680628272251309,0.2031413612565445,0.6931937172774869,50.6,74.2,FALSE
USA199F,USA,Midland,2020,163.44048825541861,2,184821,19097,10.332700288387143,120,1137.1099591489433,0.9235602094240838,0.6785340314136126,0.12670157068062826,0.6287958115183246,0.9455497382198953,66.1,92.4,TRUE
USA19F,USA,San Antonio,2020,181.0780142587824,2.2,2602744,353774,13.59234715361941,274,1203.2131688627658,0.9445026178010472,0.7539267015706806,0.19162303664921465,0.17329842931937173,0.9528795811518325,60.3,94.5,FALSE
USA200F,USA,Ector,2020,168.58889950542542,0.7,172218,16774,9.739980722108026,115,1279.8833825867548,0.930890052356021,0.07801047120418848,0.12146596858638743,0.6507853403141362,0.962303664921466,54.9,93.1,FALSE
USA201F,USA,Comanche,2020,131.01604904022105,1.6,135622,19042,14.040494904956423,357,944.5255437364249,0.8858638743455497,0.4722513089005236,0.20628272251308902,0.11989528795811519,0.9183246073298429,52.1,88.6,FALSE
USA203F,USA,Monroe (IN),2020,82.792875556026,1.6,148278,20656,13.930589838006988,358,375.5845980498408,0.7821989528795812,0.4722513089005236,0.2031413612565445,0.11832460732984293,0.7612565445026178,46.7,78.2,FALSE
USA204F,USA,Napa,2020,123.43137995224305,0.3,136493,27554,20.187115822789448,164,698.108157912132,0.8743455497382199,0.027225130890052355,0.675392670157068,0.42984293193717277,0.875392670157068,57.6,87.4,FALSE
USA205F,USA,Delaware,2020,58.91784628652425,2.3,113601,20041,17.641570056601616,508,293.9437137668251,0.6659685863874345,0.7832460732984293,0.4282722513089005,0.05130890052356021,0.6785340314136126,52.1,66.6,FALSE
USA206F,USA,Kankakee,2020,69.85533176766617,1.8,108894,19002,17.449997245027273,394,320.22663545132116,0.7319371727748691,0.5848167539267015,0.41256544502617803,0.09738219895287958,0.7047120418848167,50.6,73.2,FALSE
USA207F,USA,Terrebonne,2020,130.06015738251446,0.2,110086,16833,15.29077266864088,634,868.6960651383281,0.8848167539267016,0.019895287958115182,0.2732984293193717,0.016753926701570682,0.9078534031413612,42.1,88.5,FALSE
USA208F,USA,Douglas (KS),2020,91.77015381224174,2.3,122546,16113,13.148531979827982,376,477.2471175882548,0.8041884816753927,0.7832460732984293,0.18324607329842932,0.10366492146596859,0.8230366492146597,53.9,80.4,FALSE
USA209F,USA,Flagler-Daytona Beach,2020,170.60619809228373,1.1,117821,37197,31.570772612692135,460,968.2110109894544,0.9361256544502617,0.20837696335078534,0.9842931937172775,0.0712041884816754,0.9204188481675393,62.4,93.6,FALSE
USA20F,USA,Portland,2020,49.94925632961168,2.2,2399547,375252,15.638451757769278,309,126.43417880455033,0.6010471204188481,0.7539267015706806,0.29214659685863875,0.14973821989528796,0.4324607329842932,44.6,60.1,FALSE
USA21F,USA,Cincinnati,2020,78.84843742815266,2.5,2158789,343768,15.92411300965495,518,330.73229800836,0.7675392670157068,0.8486910994764398,0.3078534031413613,0.04659685863874346,0.7225130890052356,53.9,76.8,FALSE
USA22F,USA,Las Vegas,2020,178.8410724676277,2.5,2360495,372528,15.781774585415347,29,766.081127781834,0.9424083769633508,0.8486910994764398,0.2994764397905759,0.9712041884816754,0.8900523560209425,79,94.2,TRUE
USA23F,USA,Orange,2020,197.72060471363733,1.9,2633278,406385,15.432666053489225,371,1071.5990744400556,0.9528795811518325,0.6350785340314136,0.2774869109947644,0.10890052356020942,0.9340314136125655,58.2,95.3,FALSE
USA24F,USA,Jackson (MO),2020,90.91206358879359,2.9,2090231,326046,15.598563029636438,566,444.45642582975785,0.8020942408376963,0.9397905759162304,0.2900523560209424,0.030366492146596858,0.8031413612565445,57.3,80.2,FALSE
USA25F,USA,Indianapolis,2020,70.63475223403967,1.9,2072517,295498,14.25792888550492,578,330.2035039752352,0.7361256544502618,0.6350785340314136,0.2157068062827225,0.027225130890052355,0.7204188481675393,46.7,73.6,FALSE
USA26F,USA,Cuyahoga,2020,40.93155590338502,2.2,2046313,396439,19.37333145027178,471,204.42652344960115,0.5392670157068062,0.7539267015706806,0.6010471204188481,0.06492146596858639,0.5424083769633508,50,53.9,FALSE
USA27F,USA,New Haven,2020,37.457536540873576,1.3,1933949,340995,17.6320575154774,323,253.65335931714313,0.5193717277486911,0.2994764397905759,0.4261780104712042,0.1424083769633508,0.6230366492146597,40.2,51.9,FALSE
USA28F,USA,Charlotte,2020,99.1722476963638,1.9,2103002,275164,13.084343238855693,525,474.93509805229274,0.8272251308900523,0.6350785340314136,0.18010471204188483,0.04397905759162304,0.8219895287958116,50.2,82.7,FALSE
USA29F,USA,Sacramento,2020,152.72295571458844,2.4,2373859,383990,16.17577118101791,178,599.6238613233924,0.9099476439790576,0.8151832460732984,0.3204188481675393,0.37225130890052355,0.856544502617801,65.5,91,TRUE
USA30F,USA,Austin,2020,156.07990863375326,2.2,2292067,265219,11.571171348830553,229,1059.0678011745345,0.9130890052356021,0.7539267015706806,0.13926701570680627,0.23141361256544501,0.9329842931937172,59.4,91.3,FALSE
USA31F,USA,Columbus,2020,66.49349397042266,2.5,2100387,291347,13.871110419175134,390,266.7188289321245,0.7151832460732984,0.8486910994764398,0.20104712041884817,0.09947643979057591,0.6429319371727749,50.1,71.5,FALSE
USA32F,USA,Milwaukee,2020,22.436227055357417,1.9,1578434,259753,16.456373849017442,371,163.344363021977,0.4282722513089005,0.6350785340314136,0.33612565445026177,0.10890052356020942,0.5047120418848168,40.3,42.8,FALSE
USA33F,USA,Jacksonville,2020,157.16495810431854,2.1,1679528,277562,16.526190691670518,459,895.9491129472596,0.9183246073298429,0.7183246073298429,0.3413612565445026,0.07225130890052356,0.912041884816754,59.2,91.8,FALSE
USA34F,USA,Salt Lake,2020,60.37834166886483,2.2,1686382,190363,11.288249044403937,202,382.21598351774526,0.680628272251309,0.7539267015706806,0.13298429319371727,0.29476439790575915,0.7664921465968586,52.6,68.1,FALSE
USA35F,USA,Tampa-Pinellas,2020,156.90584291278844,2.5,1533983,378908,24.700925629553915,342,1031.4839053911269,0.9151832460732985,0.8486910994764398,0.8879581151832461,0.13036649214659685,0.9298429319371728,74.2,91.5,TRUE
USA36F,USA,Jefferson (KY),2020,89.54032533296208,2.5,1407367,236765,16.82325932041891,509,378.13933449758446,0.7989528795811518,0.8486910994764398,0.3633507853403141,0.050261780104712044,0.7633507853403141,56.5,79.9,FALSE
USA37F,USA,Memphis,2020,109.83856099343899,2.6,1319290,194026,14.706849896535257,523,600.2164748575682,0.8492146596858638,0.8759162303664921,0.24083769633507854,0.04502617801047121,0.8575916230366493,57.4,84.9,FALSE
USA38F,USA,Davidson,2020,96.84966062929786,2.5,1472619,210504,14.294532394326028,426,433.04954492607845,0.818848167539267,0.8486910994764398,0.21780104712041884,0.08167539267015707,0.7989528795811518,55.3,81.9,FALSE
USA39F,USA,Oklahoma,2020,115.06686255234922,2.8,1382246,200883,14.533086006398282,337,756.2417655931033,0.8607329842931937,0.9256544502617801,0.2356020942408377,0.13664921465968585,0.8869109947643979,60.9,86.1,FALSE
USA40F,USA,Hartford,2020,51.35137981449286,1,1140950,207871,18.21911564923967,372,242.93749738066123,0.6136125654450262,0.16282722513089004,0.4827225130890052,0.1068062827225131,0.6052356020942409,39.4,61.4,FALSE
USA41F,USA,Pittsburgh,2020,54.98488085659266,2.3,1420048,283628,19.97312766892387,435,271.7938142230251,0.6376963350785341,0.7832460732984293,0.6554973821989529,0.0774869109947644,0.6544502617801047,56.2,63.8,FALSE
USA42F,USA,New Orleans,2020,123.22225406290785,0.9,1252543,211739,16.90472901928317,229,812.1427815884076,0.8732984293193717,0.12513089005235603,0.3706806282722513,0.23141361256544501,0.8973821989528796,50,87.3,FALSE
USA43F,USA,Virginia Beach,2020,78.12931499476564,2,1194168,172972,14.484729116841182,412,493.1021327862572,0.7633507853403141,0.6785340314136126,0.23036649214659685,0.08900523560209424,0.831413612565445,51.9,76.3,FALSE
USA44F,USA,Erie (NY),2020,33.07684732661954,1.7,1126963,213894,18.979682562781566,348,149.80007015513922,0.49214659685863876,0.5287958115183246,0.5528795811518324,0.12303664921465969,0.47643979057591623,43.5,49.2,FALSE
USA45F,USA,Fresno (Greater),2020,170.43918386617938,3,1158605,150784,13.014271473021434,94,696.1386620889888,0.9340314136125655,0.9492146596858638,0.17801047120418848,0.7261780104712042,0.8743455497382199,73.2,93.4,TRUE
USA46F,USA,Richmond (Greater),2020,94.16855825215129,3,1191454,196642,16.50437196903951,375,473.47508545331294,0.8115183246073299,0.9492146596858638,0.3392670157068063,0.10471204188481675,0.8198952879581152,60.5,81.2,FALSE
USA47F,USA,Wake,2020,99.51279741169826,1.6,1342719,169609,12.631756905205036,404,499.36590244321246,0.8293193717277487,0.4722513089005236,0.16963350785340314,0.09633507853403141,0.8324607329842932,48,82.9,FALSE
USA48F,USA,Jefferson (AL),2020,112.43054609801841,2.4,1088890,184628,16.955615351412906,610,556.829282479273,0.8544502617801047,0.8151832460732984,0.374869109947644,0.02198952879581152,0.8460732984293193,58.3,85.4,FALSE
USA49F,USA,Tampa-Hillsborough,2020,200.58695352798432,1.9,1493476,221624,14.839475157284081,414,1077.592206548325,0.956020942408377,0.6350785340314136,0.2481675392670157,0.08691099476439791,0.9361256544502617,57.2,95.6,FALSE
USA50F,USA,Pima,2020,189.37497537779237,1.3,1059005,219729,20.74862724916313,149,1547.015748448554,0.9476439790575916,0.2994764397905759,0.7109947643979058,0.49476439790575916,0.9769633507853404,68.6,94.8,TRUE
USA51F,USA,Tulsa,2020,107.518945821269,2.5,1046231,170657,16.311598490199582,409,644.9999371209,0.8439790575916231,0.8486910994764398,0.3298429319371728,0.09528795811518324,0.8617801047120419,59.6,84.4,FALSE
USA52F,USA,Albany,2020,45.6004157015237,1.1,975813,182541,18.706555456834455,345,168.56867493850598,0.5675392670157068,0.20837696335078534,0.5204188481675392,0.12722513089005236,0.5099476439790576,38.7,56.8,FALSE
USA53F,USA,Providence,2020,35.111598470988604,1.5,975958,172294,17.653833464144974,319,220.25018016925955,0.5047120418848168,0.42041884816753927,0.431413612565445,0.1450261780104712,0.5685863874345549,41.4,50.5,FALSE
USA54F,USA,Albuquerque,2020,115.54967008186416,3.5,949495,168322,17.727528844280382,98,400.7083206016509,0.86282722513089,0.9801047120418848,0.437696335078534,0.7115183246073299,0.7811518324607329,75.5,86.3,TRUE
USA55F,USA,Douglas (NE),2020,80.27743302409485,2.9,960045,139214,14.50077860933602,370,412.4631206272443,0.7738219895287958,0.9397905759162304,0.23141361256544501,0.11099476439790576,0.7884816753926701,56.9,77.4,FALSE
USA56F,USA,Rochester (NY),2020,42.233414190309446,1.7,844428,154836,18.336199178615583,410,171.13463930428895,0.5455497382198953,0.5287958115183246,0.4963350785340314,0.09319371727748692,0.512041884816754,43.5,54.6,FALSE
USA57F,USA,Kern,2020,167.28055505055656,2.5,901373,103697,11.504338381557913,80,879.198922454234,0.9287958115183246,0.8486910994764398,0.13717277486910995,0.7884816753926701,0.9089005235602095,72.2,92.9,TRUE
USA58F,USA,Ventura,2020,70.31171958499519,0.9,842692,139634,16.569992357824685,144,492.9740025999466,0.7340314136125654,0.12513089005235603,0.34659685863874345,0.5246073298429319,0.8303664921465969,51.2,73.4,FALSE
USA59F,USA,El Paso (TX),2020,176.00822854267855,2.5,845930,108046,12.772451621292541,63,1036.011519156699,0.9392670157068063,0.8486910994764398,0.17486910994764399,0.8486910994764398,0.930890052356021,74.8,93.9,TRUE
USA60F,USA,East Baton Rouge,2020,147.49216371033322,2.1,837067,124790,14.908006169159696,461,800.7873463755177,0.9026178010471204,0.7183246073298429,0.25026178010471206,0.06963350785340314,0.8952879581151832,56.7,90.3,FALSE
USA61F,USA,Worcester,2020,45.405582780663735,0.8,829649,136567,16.460816562184732,415,240.22826702639085,0.5654450261780105,0.09895287958115183,0.33717277486910996,0.08481675392670157,0.5979057591623037,33.7,56.5,FALSE
USA62F,USA,Hidalgo,2020,248.07742008668782,2.7,873940,100565,11.507082866100648,194,1569.4082332158537,0.9780104712041885,0.9015706806282723,0.1382198952879581,0.3219895287958115,0.9780104712041885,66.4,97.8,TRUE
USA63F,USA,Richland,2020,115.26493229095752,2.6,825764,128958,15.616810614170635,505,594.0421024579099,0.8617801047120419,0.8759162303664921,0.29109947643979056,0.05235602094240838,0.8523560209424084,58.7,86.2,FALSE
USA64F,USA,Lehigh,2020,49.25479238989162,2.4,740749,139100,18.778290622059565,490,242.19366591250943,0.5926701570680628,0.8151832460732984,0.5308900523560209,0.05863874345549738,0.6031413612565445,52,59.3,FALSE
USA65F,USA,Sarasota,2020,180.12752777075016,1.7,851222,284437,33.415137296733405,569,1134.517457569659,0.9434554973821989,0.5287958115183246,0.9926701570680628,0.02931937172774869,0.9445026178010472,68.8,94.3,TRUE
USA66F,USA,Montgomery (OH),2020,68.40054815615103,2.8,702030,129099,18.389385069014146,621,288.464185467,0.7214659685863875,0.9256544502617801,0.5015706806282723,0.019895287958115182,0.6722513089005235,56.8,72.1,FALSE
USA67F,USA,San Joaquin,2020,148.29663714801862,2.7,767048,101783,13.269443372513845,116,728.3481111731397,0.9057591623036649,0.9015706806282723,0.18429319371727748,0.6471204188481675,0.8785340314136125,70.3,90.6,TRUE
USA68F,USA,Kent,2020,48.51048187930447,3.2,722078,106827,14.794385094131105,424,217.24620705134194,0.5853403141361256,0.9670157068062827,0.24397905759162303,0.08272251308900523,0.5612565445026177,48.8,58.5,FALSE
USA69F,USA,Charleston,2020,113.11436201670482,1.8,816570,130971,16.03916381939087,415,661.6929162542921,0.8575916230366493,0.5848167539267015,0.31518324607329845,0.08481675392670157,0.8670157068062827,54.2,85.8,FALSE
USA70F,USA,Onondaga,2020,42.705416835326304,1.9,647027,116623,18.02444102023563,462,166.2225770566239,0.5476439790575917,0.6350785340314136,0.4680628272251309,0.06806282722513089,0.5078534031413613,44.5,54.8,FALSE
USA71F,USA,El Paso (CO),2020,23.392418591706043,2,752524,104088,13.831851210061075,213,249.04209311268065,0.4387434554973822,0.6785340314136126,0.19895287958115182,0.26649214659685866,0.6157068062827226,44,43.9,FALSE
USA72F,USA,Ada,2020,93.25395942435614,2.8,793110,122112,15.39660324545145,300,334.8956817500872,0.8073298429319372,0.9256544502617801,0.2753926701570681,0.1549738219895288,0.7319371727748691,57.9,80.7,FALSE
USA73F,USA,Hampden,2020,47.80113927530471,0.9,626241,112387,17.946285854806696,359,212.40491235806903,0.581151832460733,0.12513089005235603,0.4617801047120419,0.1162303664921466,0.5528795811518324,36.7,58.1,FALSE
USA74F,USA,Lee,2020,189.584549975673,1.2,786766,231654,29.443824466232655,292,1219.2037065078239,0.9486910994764398,0.25287958115183246,0.962303664921466,0.16335078534031414,0.9549738219895288,65.6,94.9,TRUE
USA75F,USA,Sedgwick,2020,102.7096275882373,3,608974,94796,15.566510228679714,415,599.3185182952609,0.8335078534031414,0.9492146596858638,0.2869109947643979,0.08481675392670157,0.8554973821989529,60.2,83.4,FALSE
USA76F,USA,Polk,2020,64.05355366165628,3.6,678556,95511,14.075625298427838,491,334.78953736642734,0.7036649214659686,0.9832460732984293,0.20837696335078534,0.05759162303664921,0.7308900523560209,53.7,70.4,FALSE
USA77F,USA,Dauphin,2020,64.52023435634628,2.2,605939,112746,18.606823459127074,561,317.31500800062673,0.7047120418848167,0.7539267015706806,0.5172774869109947,0.034031413612565446,0.7005235602094241,54.2,70.5,FALSE
USA78F,USA,Lucas,2020,54.1934694750931,2.6,559777,94329,16.851174664196634,441,278.8801083680535,0.6303664921465969,0.8759162303664921,0.36544502617801045,0.07643979057591622,0.6628272251308901,52.2,63,FALSE
USA79F,USA,Pulaski,2020,114.6213038414027,2.2,590552,98041,16.60158631246698,591,610.9038012121207,0.8596858638743455,0.7539267015706806,0.3518324607329843,0.025130890052356022,0.8586387434554974,57,86,FALSE
USA80F,USA,Dane,2020,45.741632648962565,1.9,609310,91292,14.982849452659567,371,223.75954148988308,0.5696335078534032,0.6350785340314136,0.2544502617801047,0.10890052356020942,0.5717277486910994,42.8,57,FALSE
USA81F,USA,Brevard,2020,134.69288487631286,1.3,607008,148127,24.402808529706363,541,1078.6787784213914,0.8900523560209425,0.2994764397905759,0.8774869109947644,0.03769633507853403,0.93717277486911,60.8,89,FALSE
USA82F,USA,Summit,2020,50.389152898078805,1.6,539638,101847,18.873207594720906,468,228.92399712772297,0.6083769633507854,0.4722513089005236,0.5413612565445026,0.06596858638743455,0.581151832460733,45.4,60.8,FALSE
USA84F,USA,Utah,2020,46.6085159975058,2.2,659520,53108,8.052523047064533,131,418.38030060291135,0.574869109947644,0.7539267015706806,0.08167539267015707,0.5821989528795811,0.7905759162303665,55.7,57.5,FALSE
USA85F,USA,Lancaster (PA),2020,65.43848423104855,1.6,546297,103066,18.866294341722543,389,330.5546684544767,0.7120418848167539,0.4722513089005236,0.5403141361256545,0.10052356020942409,0.7214659685863875,50.9,71.2,FALSE
USA86F,USA,Stanislaus,2020,156.87003988823912,2.6,550391,74630,13.559451371842925,110,852.8652753564816,0.9141361256544502,0.8759162303664921,0.18952879581151832,0.668586387434555,0.9026178010471204,71,91.4,TRUE
USA87F,USA,Greene,2020,97.00252739157877,2.6,543134,96351,17.739821112285366,430,451.8774198076788,0.8198952879581152,0.8759162303664921,0.4387434554973822,0.08010471204188482,0.8094240837696335,60.5,82,FALSE
USA88F,USA,Fayette,2020,87.79177932946085,2.3,549953,83749,15.22839224442816,361,332.65234789333863,0.7905759162303665,0.7832460732984293,0.26910994764397905,0.11361256544502618,0.7256544502617801,53.6,79.1,FALSE
USA89F,USA,Spokane,2020,40.25462177040594,3.5,552023,95610,17.319930510141788,271,247.6490199449489,0.53717277486911,0.9801047120418848,0.4,0.17801047120418848,0.6146596858638743,54.2,53.7,FALSE
USA90F,USA,Volusia-Daytona Beach,2020,162.18431726129074,1.5,559967,141491,25.267738991762016,527,1013.4666118622952,0.9225130890052357,0.42041884816753927,0.900523560209424,0.04293193717277487,0.9277486910994764,64.3,92.3,FALSE
USA91F,USA,Guilford,2020,92.78065694229302,1.9,540188,85746,15.873362607092346,564,417.2293288079263,0.8052356020942408,0.6350785340314136,0.30471204188481676,0.03193717277486911,0.7895287958115184,51.3,80.5,FALSE
USA92F,USA,Sonoma,2020,57.21589631127434,1.7,490747,102971,20.982502185443824,186,371.9151267084815,0.6513089005235602,0.5287958115183246,0.724607329842932,0.34921465968586385,0.7581151832460733,60.2,65.1,FALSE
USA93F,USA,Forsyth,2020,94.82353396142514,1.9,510194,91639,17.961598921194682,547,398.9653593154494,0.8146596858638744,0.6350785340314136,0.46282722513089003,0.03664921465968586,0.7801047120418848,54.6,81.5,FALSE
USA94F,USA,Washoe,2020,62.9787430179643,1.6,538523,95665,17.764329471536033,148,359.0643593638198,0.6973821989528796,0.4722513089005236,0.4408376963350785,0.4989528795811518,0.7539267015706806,57.3,69.7,FALSE
USA95F,USA,Ingham,2020,52.78031607798062,2.3,480958,77620,16.138623330935342,458,237.4233829029939,0.6209424083769634,0.7832460732984293,0.3162303664921466,0.07382198952879582,0.5916230366492147,47.7,62.1,FALSE
USA96F,USA,Montgomery (AL),2020,145.65302728162789,3.1,447643,73605,16.442790348559008,533,743.7848734972736,0.9015706806282723,0.9586387434554974,0.33507853403141363,0.039790575916230364,0.8827225130890053,62.4,90.2,FALSE
USA97F,USA,Knox,2020,97.68356190577059,2.1,494552,81993,16.57924748054805,492,400.88465292804494,0.8209424083769633,0.7183246073298429,0.34764397905759165,0.05654450261780105,0.7821989528795812,54.5,82.1,FALSE
USA99F,USA,Mahoning,2020,50.51380568643868,1.9,423745,94066,22.198728008590074,810,227.70926604783443,0.6094240837696335,0.6350785340314136,0.7958115183246073,0.0062827225130890054,0.5780104712041885,52.5,60.9,FALSE
