rule,severity,detail,ref_area,measure,time_period
series_break,info,Break in time series - not comparable with earlier years,AUS,2_1,2004
series_break,info,Break in time series - not comparable with earlier years,AUS,2_1,2005
series_break,info,Break in time series - not comparable with earlier years,AUS,2_1,2006
series_break,info,Break in time series - not comparable with earlier years,AUS,2_1,2007
series_break,info,Break in time series - not comparable with earlier years,AUS,2_1,2008
series_break,info,Break in time series - not comparable with earlier years,AUS,2_1,2009
series_break,info,Break in time series - not comparable with earlier years,AUS,2_1,2010
series_break,info,Break in time series - not comparable with earlier years,AUS,2_1,2011
series_break,info,Break in time series - not comparable with earlier years,AUS,2_1,2012
series_break,info,Break in time series - not comparable with earlier years,AUS,2_1,2013
series_break,info,Break in time series - not comparable with earlier years,BEL,2_1,2004
series_break,info,Break in time series - not comparable with earlier years,BEL,2_1,2005
series_break,info,Break in time series - not comparable with earlier years,BEL,2_1,2006
series_break,info,Break in time series - not comparable with earlier years,BEL,2_1,2007
series_break,info,Break in time series - not comparable with earlier years,BEL,2_1,2008
series_break,info,Break in time series - not comparable with earlier years,BEL,2_1,2009
series_break,info,Break in time series - not comparable with earlier years,BEL,2_1,2010
series_break,info,Break in time series - not comparable with earlier years,BEL,2_1,2011
series_break,info,Break in time series - not comparable with earlier years,BEL,2_1,2012
series_break,info,Break in time series - not comparable with earlier years,BEL,2_1,2013
series_break,info,Break in time series - not comparable with earlier years,CHL,2_1,2009
series_break,info,Break in time series - not comparable with earlier years,CHL,2_1,2011
series_break,info,Break in time series - not comparable with earlier years,CZE,2_1,2004
series_break,info,Break in time series - not comparable with earlier years,CZE,2_1,2005
series_break,info,Break in time series - not comparable with earlier years,CZE,2_1,2006
series_break,info,Break in time series - not comparable with earlier years,CZE,2_1,2007
series_break,info,Break in time series - not comparable with earlier years,CZE,2_1,2008
series_break,info,Break in time series - not comparable with earlier years,CZE,2_1,2009
series_break,info,Break in time series - not comparable with earlier years,CZE,2_1,2010
series_break,info,Break in time series - not comparable with earlier years,CZE,2_1,2011
series_break,info,Break in time series - not comparable with earlier years,CZE,2_1,2012
series_break,info,Break in time series - not comparable with earlier years,CZE,2_1,2013
series_break,info,Break in time series - not comparable with earlier years,DNK,2_1,2004
series_break,info,Break in time series - not comparable with earlier years,DNK,2_1,2005
series_break,info,Break in time series - not comparable with earlier years,DNK,2_1,2006
series_break,info,Break in time series - not comparable with earlier years,DNK,2_1,2007
series_break,info,Break in time series - not comparable with earlier years,DEU,2_1,2004
series_break,info,Break in time series - not comparable with earlier years,DEU,2_1,2005
series_break,info,Break in time series - not comparable with earlier years,DEU,2_1,2006
series_break,info,Break in time series - not comparable with earlier years,DEU,2_1,2007
series_break,info,Break in time series - not comparable with earlier years,DEU,2_1,2008
series_break,info,Break in time series - not comparable with earlier years,DEU,2_1,2009
series_break,info,Break in time series - not comparable with earlier years,DEU,2_1,2010
series_break,info,Break in time series - not comparable with earlier years,DEU,2_1,2011
series_break,info,Break in time series - not comparable with earlier years,DEU,2_1,2012
series_break,info,Break in time series - not comparable with earlier years,DEU,2_1,2013
series_break,info,Break in time series - not comparable with earlier years,GRC,2_1,2004
series_break,info,Break in time series - not comparable with earlier years,GRC,2_1,2005
series_break,info,Break in time series - not comparable with earlier years,GRC,2_1,2006
series_break,info,Break in time series - not comparable with earlier years,GRC,2_1,2007
series_break,info,Break in time series - not comparable with earlier years,GRC,2_1,2008
series_break,info,Break in time series - not comparable with earlier years,GRC,2_1,2009
series_break,info,Break in time series - not comparable with earlier years,GRC,2_1,2010
series_break,info,Break in time series - not comparable with earlier years,GRC,2_1,2011
series_break,info,Break in time series - not comparable with earlier years,GRC,2_1,2012
series_break,info,Break in time series - not comparable with earlier years,GRC,2_1,2013
series_break,info,Break in time series - not comparable with earlier years,IRL,2_1,2004
series_break,info,Break in time series - not comparable with earlier years,IRL,2_1,2005
series_break,info,Break in time series - not comparable with earlier years,IRL,2_1,2006
series_break,info,Break in time series - not comparable with earlier years,IRL,2_1,2007
series_break,info,Break in time series - not comparable with earlier years,IRL,2_1,2008
series_break,info,Break in time series - not comparable with earlier years,IRL,2_1,2009
series_break,info,Break in time series - not comparable with earlier years,IRL,2_1,2010
series_break,info,Break in time series - not comparable with earlier years,IRL,2_1,2011
series_break,info,Break in time series - not comparable with earlier years,IRL,2_1,2012
series_break,info,Break in time series - not comparable with earlier years,IRL,2_1,2013
series_break,info,Break in time series - not comparable with earlier years,ISR,2_1,2005
series_break,info,Break in time series - not comparable with earlier years,ISR,2_1,2007
series_break,info,Break in time series - not comparable with earlier years,ISR,2_1,2008
series_break,info,Break in time series - not comparable with earlier years,ISR,2_1,2009
series_break,info,Break in time series - not comparable with earlier years,ISR,2_1,2010
series_break,info,Break in time series - not comparable with earlier years,ISR,2_1,2011
series_break,info,Break in time series - not comparable with earlier years,ISR,2_1,2012
series_break,info,Break in time series - not comparable with earlier years,ISR,2_1,2013
series_break,info,Break in time series - not comparable with earlier years,ITA,2_1,2004
series_break,info,Break in time series - not comparable with earlier years,ITA,2_1,2005
series_break,info,Break in time series - not comparable with earlier years,ITA,2_1,2006
series_break,info,Break in time series - not comparable with earlier years,ITA,2_1,2007
series_break,info,Break in time series - not comparable with earlier years,ITA,2_1,2008
series_break,info,Break in time series - not comparable with earlier years,ITA,2_1,2009
series_break,info,Break in time series - not comparable with earlier years,ITA,2_1,2010
series_break,info,Break in time series - not comparable with earlier years,ITA,2_1,2011
series_break,info,Break in time series - not comparable with earlier years,ITA,2_1,2012
series_break,info,Break in time series - not comparable with earlier years,ITA,2_1,2013
series_break,info,Break in time series - not comparable with earlier years,JPN,2_1,2004
series_break,info,Break in time series - not comparable with earlier years,JPN,2_1,2005
series_break,info,Break in time series - not comparable with earlier years,JPN,2_1,2006
series_break,info,Break in time series - not comparable with earlier years,JPN,2_1,2007
series_break,info,Break in time series - not comparable with earlier years,JPN,2_1,2008
series_break,info,Break in time series - not comparable with earlier years,JPN,2_1,2009
series_break,info,Break in time series - not comparable with earlier years,JPN,2_1,2010
series_break,info,Break in time series - not comparable with earlier years,JPN,2_1,2011
series_break,info,Break in time series - not comparable with earlier years,JPN,2_1,2012
series_break,info,Break in time series - not comparable with earlier years,JPN,2_1,2013
series_break,info,Break in time series - not comparable with earlier years,KOR,2_1,2004
series_break,info,Break in time series - not comparable with earlier years,KOR,2_1,2005
series_break,info,Break in time series - not comparable with earlier years,KOR,2_1,2006
series_break,info,Break in time series - not comparable with earlier years,KOR,2_1,2007
series_break,info,Break in time series - not comparable with earlier years,KOR,2_1,2008
series_break,info,Break in time series - not comparable with earlier years,KOR,2_1,2009
series_break,info,Break in time series - not comparable with earlier years,KOR,2_1,2010
series_break,info,Break in time series - not comparable with earlier years,KOR,2_1,2011
series_break,info,Break in time series - not comparable with earlier years,LTU,2_1,2005
series_break,info,Break in time series - not comparable with earlier years,LTU,2_1,2006
series_break,info,Break in time series - not comparable with earlier years,LTU,2_1,2007
series_break,info,Break in time series - not comparable with earlier years,LTU,2_1,2008
series_break,info,Break in time series - not comparable with earlier years,LTU,2_1,2009
series_break,info,Break in time series - not comparable with earlier years,LTU,2_1,2010
series_break,info,Break in time series - not comparable with earlier years,LTU,2_1,2011
series_break,info,Break in time series - not comparable with earlier years,LTU,2_1,2012
series_break,info,Break in time series - not comparable with earlier years,LTU,2_1,2013
series_break,info,Break in time series - not comparable with earlier years,LUX,2_1,2005
series_break,info,Break in time series - not comparable with earlier years,LUX,2_1,2006
series_break,info,Break in time series - not comparable with earlier years,LUX,2_1,2007
series_break,info,Break in time series - not comparable with earlier years,LUX,2_1,2008
series_break,info,Break in time series - not comparable with earlier years,LUX,2_1,2009
series_break,info,Break in time series - not comparable with earlier years,LUX,2_1,2010
series_break,info,Break in time series - not comparable with earlier years,LUX,2_1,2011
series_break,info,Break in time series - not comparable with earlier years,LUX,2_1,2012
series_break,info,Break in time series - not comparable with earlier years,LUX,2_1,2013
series_break,info,Break in time series - not comparable with earlier years,MEX,2_1,2004
series_break,info,Break in time series - not comparable with earlier years,NLD,2_1,2004
series_break,info,Break in time series - not comparable with earlier years,NLD,2_1,2005
series_break,info,Break in time series - not comparable with earlier years,NLD,2_1,2006
series_break,info,Break in time series - not comparable with earlier years,NLD,2_1,2007
series_break,info,Break in time series - not comparable with earlier years,NLD,2_1,2008
series_break,info,Break in time series - not comparable with earlier years,NLD,2_1,2009
series_break,info,Break in time series - not comparable with earlier years,NLD,2_1,2010
series_break,info,Break in time series - not comparable with earlier years,NLD,2_1,2011
series_break,info,Break in time series - not comparable with earlier years,NLD,2_1,2012
series_break,info,Break in time series - not comparable with earlier years,NLD,2_1,2013
series_break,info,Break in time series - not comparable with earlier years,POL,2_1,2004
series_break,info,Break in time series - not comparable with earlier years,POL,2_1,2005
series_break,info,Break in time series - not comparable with earlier years,POL,2_1,2006
series_break,info,Break in time series - not comparable with earlier years,POL,2_1,2007
series_break,info,Break in time series - not comparable with earlier years,POL,2_1,2008
series_break,info,Break in time series - not comparable with earlier years,POL,2_1,2009
series_break,info,Break in time series - not comparable with earlier years,POL,2_1,2010
series_break,info,Break in time series - not comparable with earlier years,POL,2_1,2011
series_break,info,Break in time series - not comparable with earlier years,POL,2_1,2012
series_break,info,Break in time series - not comparable with earlier years,POL,2_1,2013
series_break,info,Break in time series - not comparable with earlier years,SVK,2_1,2004
series_break,info,Break in time series - not comparable with earlier years,SVK,2_1,2005
series_break,info,Break in time series - not comparable with earlier years,SVK,2_1,2006
series_break,info,Break in time series - not comparable with earlier years,SVK,2_1,2007
series_break,info,Break in time series - not comparable with earlier years,SVK,2_1,2008
series_break,info,Break in time series - not comparable with earlier years,SVK,2_1,2009
series_break,info,Break in time series - not comparable with earlier years,SVK,2_1,2010
series_break,info,Break in time series - not comparable with earlier years,SVK,2_1,2011
series_break,info,Break in time series - not comparable with earlier years,SVK,2_1,2012
series_break,info,Break in time series - not comparable with earlier years,SVK,2_1,2013
series_break,info,Break in time series - not comparable with earlier years,SVN,2_1,2004
series_break,info,Break in time series - not comparable with earlier years,SVN,2_1,2005
series_break,info,Break in time series - not comparable with earlier years,SVN,2_1,2006
series_break,info,Break in time series - not comparable with earlier years,SVN,2_1,2007
series_break,info,Break in time series - not comparable with earlier years,SVN,2_1,2008
series_break,info,Break in time series - not comparable with earlier years,SVN,2_1,2009
series_break,info,Break in time series - not comparable with earlier years,SVN,2_1,2010
series_break,info,Break in time series - not comparable with earlier years,SVN,2_1,2011
series_break,info,Break in time series - not comparable with earlier years,SVN,2_1,2012
series_break,info,Break in time series - not comparable with earlier years,SVN,2_1,2013
series_break,info,Break in time series - not comparable with earlier years,ESP,2_1,2004
series_break,info,Break in time series - not comparable with earlier years,ESP,2_1,2005
series_break,info,Break in time series - not comparable with earlier years,ESP,2_1,2006
series_break,info,Break in time series - not comparable with earlier years,SWE,2_1,2004
series_break,info,Break in time series - not comparable with earlier years,SWE,2_1,2005
series_break,info,Break in time series - not comparable with earlier years,SWE,2_1,2006
series_break,info,Break in time series - not comparable with earlier years,SWE,2_1,2007
series_break,info,Break in time series - not comparable with earlier years,SWE,2_1,2008
series_break,info,Break in time series - not comparable with earlier years,SWE,2_1,2009
series_break,info,Break in time series - not comparable with earlier years,SWE,2_1,2010
series_break,info,Break in time series - not comparable with earlier years,SWE,2_1,2011
series_break,info,Break in time series - not comparable with earlier years,SWE,2_1,2012
series_break,info,Break in time series - not comparable with earlier years,SWE,2_1,2013
series_break,info,Break in time series - not comparable with earlier years,CHE,2_1,2004
series_break,info,Break in time series - not comparable with earlier years,CHE,2_1,2005
series_break,info,Break in time series - not comparable with earlier years,CHE,2_1,2006
series_break,info,Break in time series - not comparable with earlier years,CHE,2_1,2007
series_break,info,Break in time series - not comparable with earlier years,CHE,2_1,2008
series_break,info,Break in time series - not comparable with earlier years,CHE,2_1,2009
series_break,info,Break in time series - not comparable with earlier years,CHE,2_1,2010
series_break,info,Break in time series - not comparable with earlier years,CHE,2_1,2011
series_break,info,Break in time series - not comparable with earlier years,CHE,2_1,2012
series_break,info,Break in time series - not comparable with earlier years,CHE,2_1,2013
series_break,info,Break in time series - not comparable with earlier years,TUR,2_1,2004
series_break,info,Break in time series - not comparable with earlier years,TUR,2_1,2005
series_break,info,Break in time series - not comparable with earlier years,TUR,2_1,2006
series_break,info,Break in time series - not comparable with earlier years,TUR,2_1,2007
series_break,info,Break in time series - not comparable with earlier years,TUR,2_1,2008
series_break,info,Break in time series - not comparable with earlier years,TUR,2_1,2009
series_break,info,Break in time series - not comparable with earlier years,TUR,2_1,2010
series_break,info,Break in time series - not comparable with earlier years,TUR,2_1,2011
series_break,info,Break in time series - not comparable with earlier years,TUR,2_1,2012
series_break,info,Break in time series - not comparable with earlier years,TUR,2_1,2013
series_break,info,Break in time series - not comparable with earlier years,GBR,2_1,2004
series_break,info,Break in time series - not comparable with earlier years,GBR,2_1,2005
series_break,info,Break in time series - not comparable with earlier years,GBR,2_1,2006
series_break,info,Break in time series - not comparable with earlier years,GBR,2_1,2007
series_break,info,Break in time series - not comparable with earlier years,GBR,2_1,2008
series_break,info,Break in time series - not comparable with earlier years,GBR,2_1,2009
series_break,info,Break in time series - not comparable with earlier years,GBR,2_1,2010
series_break,info,Break in time series - not comparable with earlier years,GBR,2_1,2011
series_break,info,Break in time series - not comparable with earlier years,GBR,2_1,2012
series_break,info,Break in time series - not comparable with earlier years,GBR,2_1,2013
series_break,info,Break in time series - not comparable with earlier years,BRA,2_1,2007
series_break,info,Break in time series - not comparable with earlier years,BRA,2_1,2008
series_break,info,Break in time series - not comparable with earlier years,BRA,2_1,2009
series_break,info,Break in time series - not comparable with earlier years,BRA,2_1,2011
series_break,info,Break in time series - not comparable with earlier years,BRA,2_1,2012
series_break,info,Break in time series - not comparable with earlier years,BRA,2_1,2013
series_break,info,Break in time series - not comparable with earlier years,BRA,2_1,2014
series_break,info,Break in time series - not comparable with earlier years,BRA,2_1,2015
series_break,info,Break in time series - not comparable with earlier years,IDN,2_1,2004
series_break,info,Break in time series - not comparable with earlier years,IDN,2_1,2005
series_break,info,Break in time series - not comparable with earlier years,IDN,2_1,2006
series_break,info,Break in time series - not comparable with earlier years,IDN,2_1,2007
series_break,info,Break in time series - not comparable with earlier years,IDN,2_1,2008
series_break,info,Break in time series - not comparable with earlier years,IDN,2_1,2009
series_break,info,Break in time series - not comparable with earlier years,IDN,2_1,2010
series_break,info,Break in time series - not comparable with earlier years,ROU,2_1,2015
series_break,info,Break in time series - not comparable with earlier years,AUS,2_1,2004
series_break,info,Break in time series - not comparable with earlier years,AUS,2_1,2005
series_break,info,Break in time series - not comparable with earlier years,AUS,2_1,2006
series_break,info,Break in time series - not comparable with earlier years,AUS,2_1,2007
series_break,info,Break in time series - not comparable with earlier years,AUS,2_1,2008
series_break,info,Break in time series - not comparable with earlier years,AUS,2_1,2009
series_break,info,Break in time series - not comparable with earlier years,AUS,2_1,2010
series_break,info,Break in time series - not comparable with earlier years,AUS,2_1,2011
series_break,info,Break in time series - not comparable with earlier years,AUS,2_1,2012
series_break,info,Break in time series - not comparable with earlier years,AUS,2_1,2013
series_break,info,Break in time series - not comparable with earlier years,BEL,2_1,2004
series_break,info,Break in time series - not comparable with earlier years,BEL,2_1,2005
series_break,info,Break in time series - not comparable with earlier years,BEL,2_1,2006
series_break,info,Break in time series - not comparable with earlier years,BEL,2_1,2007
series_break,info,Break in time series - not comparable with earlier years,BEL,2_1,2008
series_break,info,Break in time series - not comparable with earlier years,BEL,2_1,2009
series_break,info,Break in time series - not comparable with earlier years,BEL,2_1,2010
series_break,info,Break in time series - not comparable with earlier years,BEL,2_1,2011
series_break,info,Break in time series - not comparable with earlier years,BEL,2_1,2012
series_break,info,Break in time series - not comparable with earlier years,BEL,2_1,2013
series_break,info,Break in time series - not comparable with earlier years,CHL,2_1,2009
series_break,info,Break in time series - not comparable with earlier years,CHL,2_1,2011
series_break,info,Break in time series - not comparable with earlier years,CZE,2_1,2004
series_break,info,Break in time series - not comparable with earlier years,CZE,2_1,2005
series_break,info,Break in time series - not comparable with earlier years,CZE,2_1,2006
series_break,info,Break in time series - not comparable with earlier years,CZE,2_1,2007
series_break,info,Break in time series - not comparable with earlier years,CZE,2_1,2008
series_break,info,Break in time series - not comparable with earlier years,CZE,2_1,2009
series_break,info,Break in time series - not comparable with earlier years,CZE,2_1,2010
series_break,info,Break in time series - not comparable with earlier years,CZE,2_1,2011
series_break,info,Break in time series - not comparable with earlier years,CZE,2_1,2012
series_break,info,Break in time series - not comparable with earlier years,CZE,2_1,2013
series_break,info,Break in time series - not comparable with earlier years,DNK,2_1,2004
series_break,info,Break in time series - not comparable with earlier years,DNK,2_1,2005
series_break,info,Break in time series - not comparable with earlier years,DNK,2_1,2006
series_break,info,Break in time series - not comparable with earlier years,DNK,2_1,2007
series_break,info,Break in time series - not comparable with earlier years,DEU,2_1,2004
series_break,info,Break in time series - not comparable with earlier years,DEU,2_1,2005
series_break,info,Break in time series - not comparable with earlier years,DEU,2_1,2006
series_break,info,Break in time series - not comparable with earlier years,DEU,2_1,2007
series_break,info,Break in time series - not comparable with earlier years,DEU,2_1,2008
series_break,info,Break in time series - not comparable with earlier years,DEU,2_1,2009
series_break,info,Break in time series - not comparable with earlier years,DEU,2_1,2010
series_break,info,Break in time series - not comparable with earlier years,DEU,2_1,2011
series_break,info,Break in time series - not comparable with earlier years,DEU,2_1,2012
series_break,info,Break in time series - not comparable with earlier years,DEU,2_1,2013
series_break,info,Break in time series - not comparable with earlier years,GRC,2_1,2004
series_break,info,Break in time series - not comparable with earlier years,GRC,2_1,2005
series_break,info,Break in time series - not comparable with earlier years,GRC,2_1,2006
series_break,info,Break in time series - not comparable with earlier years,GRC,2_1,2007
series_break,info,Break in time series - not comparable with earlier years,GRC,2_1,2008
series_break,info,Break in time series - not comparable with earlier years,GRC,2_1,2009
series_break,info,Break in time series - not comparable with earlier years,GRC,2_1,2010
series_break,info,Break in time series - not comparable with earlier years,GRC,2_1,2011
series_break,info,Break in time series - not comparable with earlier years,GRC,2_1,2012
series_break,info,Break in time series - not comparable with earlier years,GRC,2_1,2013
series_break,info,Break in time series - not comparable with earlier years,IRL,2_1,2004
series_break,info,Break in time series - not comparable with earlier years,IRL,2_1,2005
series_break,info,Break in time series - not comparable with earlier years,IRL,2_1,2006
series_break,info,Break in time series - not comparable with earlier years,IRL,2_1,2007
series_break,info,Break in time series - not comparable with earlier years,IRL,2_1,2008
series_break,info,Break in time series - not comparable with earlier years,IRL,2_1,2009
series_break,info,Break in time series - not comparable with earlier years,IRL,2_1,2010
series_break,info,Break in time series - not comparable with earlier years,IRL,2_1,2011
series_break,info,Break in time series - not comparable with earlier years,IRL,2_1,2012
series_break,info,Break in time series - not comparable with earlier years,IRL,2_1,2013
series_break,info,Break in time series - not comparable with earlier years,ISR,2_1,2005
series_break,info,Break in time series - not comparable with earlier years,ISR,2_1,2007
series_break,info,Break in time series - not comparable with earlier years,ISR,2_1,2008
series_break,info,Break in time series - not comparable with earlier years,ISR,2_1,2009
series_break,info,Break in time series - not comparable with earlier years,ISR,2_1,2010
series_break,info,Break in time series - not comparable with earlier years,ISR,2_1,2011
series_break,info,Break in time series - not comparable with earlier years,ISR,2_1,2012
series_break,info,Break in time series - not comparable with earlier years,ISR,2_1,2013
series_break,info,Break in time series - not comparable with earlier years,ITA,2_1,2004
series_break,info,Break in time series - not comparable with earlier years,ITA,2_1,2005
series_break,info,Break in time series - not comparable with earlier years,ITA,2_1,2006
series_break,info,Break in time series - not comparable with earlier years,ITA,2_1,2007
series_break,info,Break in time series - not comparable with earlier years,ITA,2_1,2008
series_break,info,Break in time series - not comparable with earlier years,ITA,2_1,2009
series_break,info,Break in time series - not comparable with earlier years,ITA,2_1,2010
series_break,info,Break in time series - not comparable with earlier years,ITA,2_1,2011
series_break,info,Break in time series - not comparable with earlier years,ITA,2_1,2012
series_break,info,Break in time series - not comparable with earlier years,ITA,2_1,2013
series_break,info,Break in time series - not comparable with earlier years,KOR,2_1,2004
series_break,info,Break in time series - not comparable with earlier years,KOR,2_1,2005
series_break,info,Break in time series - not comparable with earlier years,KOR,2_1,2006
series_break,info,Break in time series - not comparable with earlier years,KOR,2_1,2007
series_break,info,Break in time series - not comparable with earlier years,KOR,2_1,2008
series_break,info,Break in time series - not comparable with earlier years,KOR,2_1,2009
series_break,info,Break in time series - not comparable with earlier years,KOR,2_1,2010
series_break,info,Break in time series - not comparable with earlier years,KOR,2_1,2011
series_break,info,Break in time series - not comparable with earlier years,LTU,2_1,2005
series_break,info,Break in time series - not comparable with earlier years,LTU,2_1,2006
series_break,info,Break in time series - not comparable with earlier years,LTU,2_1,2007
series_break,info,Break in time series - not comparable with earlier years,LTU,2_1,2008
series_break,info,Break in time series - not comparable with earlier years,LTU,2_1,2009
series_break,info,Break in time series - not comparable with earlier years,LTU,2_1,2010
series_break,info,Break in time series - not comparable with earlier years,LTU,2_1,2011
series_break,info,Break in time series - not comparable with earlier years,LTU,2_1,2012
series_break,info,Break in time series - not comparable with earlier years,LTU,2_1,2013
series_break,info,Break in time series - not comparable with earlier years,LUX,2_1,2005
series_break,info,Break in time series - not comparable with earlier years,LUX,2_1,2006
series_break,info,Break in time series - not comparable with earlier years,LUX,2_1,2007
series_break,info,Break in time series - not comparable with earlier years,LUX,2_1,2008
series_break,info,Break in time series - not comparable with earlier years,LUX,2_1,2009
series_break,info,Break in time series - not comparable with earlier years,LUX,2_1,2010
series_break,info,Break in time series - not comparable with earlier years,LUX,2_1,2011
series_break,info,Break in time series - not comparable with earlier years,LUX,2_1,2012
series_break,info,Break in time series - not comparable with earlier years,LUX,2_1,2013
series_break,info,Break in time series - not comparable with earlier years,MEX,2_1,2004
series_break,info,Break in time series - not comparable with earlier years,NLD,2_1,2004
series_break,info,Break in time series - not comparable with earlier years,NLD,2_1,2005
series_break,info,Break in time series - not comparable with earlier years,NLD,2_1,2006
series_break,info,Break in time series - not comparable with earlier years,NLD,2_1,2007
series_break,info,Break in time series - not comparable with earlier years,NLD,2_1,2008
series_break,info,Break in time series - not comparable with earlier years,NLD,2_1,2009
series_break,info,Break in time series - not comparable with earlier years,NLD,2_1,2010
series_break,info,Break in time series - not comparable with earlier years,NLD,2_1,2011
series_break,info,Break in time series - not comparable with earlier years,NLD,2_1,2012
series_break,info,Break in time series - not comparable with earlier years,NLD,2_1,2013
series_break,info,Break in time series - not comparable with earlier years,POL,2_1,2004
series_break,info,Break in time series - not comparable with earlier years,POL,2_1,2005
series_break,info,Break in time series - not comparable with earlier years,POL,2_1,2006
series_break,info,Break in time series - not comparable with earlier years,POL,2_1,2007
series_break,info,Break in time series - not comparable with earlier years,POL,2_1,2008
series_break,info,Break in time series - not comparable with earlier years,POL,2_1,2009
series_break,info,Break in time series - not comparable with earlier years,POL,2_1,2010
series_break,info,Break in time series - not comparable with earlier years,POL,2_1,2011
series_break,info,Break in time series - not comparable with earlier years,POL,2_1,2012
series_break,info,Break in time series - not comparable with earlier years,POL,2_1,2013
series_break,info,Break in time series - not comparable with earlier years,SVK,2_1,2004
series_break,info,Break in time series - not comparable with earlier years,SVK,2_1,2005
series_break,info,Break in time series - not comparable with earlier years,SVK,2_1,2006
series_break,info,Break in time series - not comparable with earlier years,SVK,2_1,2007
series_break,info,Break in time series - not comparable with earlier years,SVK,2_1,2008
series_break,info,Break in time series - not comparable with earlier years,SVK,2_1,2009
series_break,info,Break in time series - not comparable with earlier years,SVK,2_1,2010
series_break,info,Break in time series - not comparable with earlier years,SVK,2_1,2011
series_break,info,Break in time series - not comparable with earlier years,SVK,2_1,2012
series_break,info,Break in time series - not comparable with earlier years,SVK,2_1,2013
series_break,info,Break in time series - not comparable with earlier years,SVN,2_1,2004
series_break,info,Break in time series - not comparable with earlier years,SVN,2_1,2005
series_break,info,Break in time series - not comparable with earlier years,SVN,2_1,2006
series_break,info,Break in time series - not comparable with earlier years,SVN,2_1,2007
series_break,info,Break in time series - not comparable with earlier years,SVN,2_1,2008
series_break,info,Break in time series - not comparable with earlier years,SVN,2_1,2009
series_break,info,Break in time series - not comparable with earlier years,SVN,2_1,2010
series_break,info,Break in time series - not comparable with earlier years,SVN,2_1,2011
series_break,info,Break in time series - not comparable with earlier years,SVN,2_1,2012
series_break,info,Break in time series - not comparable with earlier years,SVN,2_1,2013
series_break,info,Break in time series - not comparable with earlier years,ESP,2_1,2004
series_break,info,Break in time series - not comparable with earlier years,ESP,2_1,2005
series_break,info,Break in time series - not comparable with earlier years,ESP,2_1,2006
series_break,info,Break in time series - not comparable with earlier years,SWE,2_1,2004
series_break,info,Break in time series - not comparable with earlier years,SWE,2_1,2005
series_break,info,Break in time series - not comparable with earlier years,SWE,2_1,2006
series_break,info,Break in time series - not comparable with earlier years,SWE,2_1,2007
series_break,info,Break in time series - not comparable with earlier years,SWE,2_1,2008
series_break,info,Break in time series - not comparable with earlier years,SWE,2_1,2009
series_break,info,Break in time series - not comparable with earlier years,SWE,2_1,2010
series_break,info,Break in time series - not comparable with earlier years,SWE,2_1,2011
series_break,info,Break in time series - not comparable with earlier years,SWE,2_1,2012
series_break,info,Break in time series - not comparable with earlier years,SWE,2_1,2013
series_break,info,Break in time series - not comparable with earlier years,CHE,2_1,2004
series_break,info,Break in time series - not comparable with earlier years,CHE,2_1,2005
series_break,info,Break in time series - not comparable with earlier years,CHE,2_1,2006
series_break,info,Break in time series - not comparable with earlier years,CHE,2_1,2007
series_break,info,Break in time series - not comparable with earlier years,CHE,2_1,2008
series_break,info,Break in time series - not comparable with earlier years,CHE,2_1,2009
series_break,info,Break in time series - not comparable with earlier years,CHE,2_1,2010
series_break,info,Break in time series - not comparable with earlier years,CHE,2_1,2011
series_break,info,Break in time series - not comparable with earlier years,CHE,2_1,2012
series_break,info,Break in time series - not comparable with earlier years,CHE,2_1,2013
series_break,info,Break in time series - not comparable with earlier years,TUR,2_1,2004
series_break,info,Break in time series - not comparable with earlier years,TUR,2_1,2005
series_break,info,Break in time series - not comparable with earlier years,TUR,2_1,2006
series_break,info,Break in time series - not comparable with earlier years,TUR,2_1,2007
series_break,info,Break in time series - not comparable with earlier years,TUR,2_1,2008
series_break,info,Break in time series - not comparable with earlier years,TUR,2_1,2009
series_break,info,Break in time series - not comparable with earlier years,TUR,2_1,2010
series_break,info,Break in time series - not comparable with earlier years,TUR,2_1,2011
series_break,info,Break in time series - not comparable with earlier years,TUR,2_1,2012
series_break,info,Break in time series - not comparable with earlier years,TUR,2_1,2013
series_break,info,Break in time series - not comparable with earlier years,GBR,2_1,2004
series_break,info,Break in time series - not comparable with earlier years,GBR,2_1,2005
series_break,info,Break in time series - not comparable with earlier years,GBR,2_1,2006
series_break,info,Break in time series - not comparable with earlier years,GBR,2_1,2007
series_break,info,Break in time series - not comparable with earlier years,GBR,2_1,2008
series_break,info,Break in time series - not comparable with earlier years,GBR,2_1,2009
series_break,info,Break in time series - not comparable with earlier years,GBR,2_1,2010
series_break,info,Break in time series - not comparable with earlier years,GBR,2_1,2011
series_break,info,Break in time series - not comparable with earlier years,GBR,2_1,2012
series_break,info,Break in time series - not comparable with earlier years,GBR,2_1,2013
series_break,info,Break in time series - not comparable with earlier years,BRA,2_1,2007
series_break,info,Break in time series - not comparable with earlier years,BRA,2_1,2008
series_break,info,Break in time series - not comparable with earlier years,BRA,2_1,2009
series_break,info,Break in time series - not comparable with earlier years,BRA,2_1,2011
series_break,info,Break in time series - not comparable with earlier years,BRA,2_1,2012
series_break,info,Break in time series - not comparable with earlier years,BRA,2_1,2013
series_break,info,Break in time series - not comparable with earlier years,BRA,2_1,2014
series_break,info,Break in time series - not comparable with earlier years,BRA,2_1,2015
series_break,info,Break in time series - not comparable with earlier years,IDN,2_1,2004
series_break,info,Break in time series - not comparable with earlier years,IDN,2_1,2005
series_break,info,Break in time series - not comparable with earlier years,IDN,2_1,2006
series_break,info,Break in time series - not comparable with earlier years,IDN,2_1,2007
series_break,info,Break in time series - not comparable with earlier years,IDN,2_1,2008
series_break,info,Break in time series - not comparable with earlier years,IDN,2_1,2009
series_break,info,Break in time series - not comparable with earlier years,IDN,2_1,2010
series_break,info,Break in time series - not comparable with earlier years,ROU,2_1,2015
series_break,info,Break in time series - not comparable with earlier years,AUS,2_1,2004
series_break,info,Break in time series - not comparable with earlier years,AUS,2_1,2005
series_break,info,Break in time series - not comparable with earlier years,AUS,2_1,2006
series_break,info,Break in time series - not comparable with earlier years,AUS,2_1,2007
series_break,info,Break in time series - not comparable with earlier years,AUS,2_1,2008
series_break,info,Break in time series - not comparable with earlier years,AUS,2_1,2009
series_break,info,Break in time series - not comparable with earlier years,AUS,2_1,2010
series_break,info,Break in time series - not comparable with earlier years,AUS,2_1,2011
series_break,info,Break in time series - not comparable with earlier years,AUS,2_1,2012
series_break,info,Break in time series - not comparable with earlier years,AUS,2_1,2013
series_break,info,Break in time series - not comparable with earlier years,BEL,2_1,2004
series_break,info,Break in time series - not comparable with earlier years,BEL,2_1,2005
series_break,info,Break in time series - not comparable with earlier years,BEL,2_1,2006
series_break,info,Break in time series - not comparable with earlier years,BEL,2_1,2007
series_break,info,Break in time series - not comparable with earlier years,BEL,2_1,2008
series_break,info,Break in time series - not comparable with earlier years,BEL,2_1,2009
series_break,info,Break in time series - not comparable with earlier years,BEL,2_1,2010
series_break,info,Break in time series - not comparable with earlier years,BEL,2_1,2011
series_break,info,Break in time series - not comparable with earlier years,BEL,2_1,2012
series_break,info,Break in time series - not comparable with earlier years,BEL,2_1,2013
series_break,info,Break in time series - not comparable with earlier years,CHL,2_1,2009
series_break,info,Break in time series - not comparable with earlier years,CHL,2_1,2011
series_break,info,Break in time series - not comparable with earlier years,CZE,2_1,2004
series_break,info,Break in time series - not comparable with earlier years,CZE,2_1,2005
series_break,info,Break in time series - not comparable with earlier years,CZE,2_1,2006
series_break,info,Break in time series - not comparable with earlier years,CZE,2_1,2007
series_break,info,Break in time series - not comparable with earlier years,CZE,2_1,2008
series_break,info,Break in time series - not comparable with earlier years,CZE,2_1,2009
series_break,info,Break in time series - not comparable with earlier years,CZE,2_1,2010
series_break,info,Break in time series - not comparable with earlier years,CZE,2_1,2011
series_break,info,Break in time series - not comparable with earlier years,CZE,2_1,2012
series_break,info,Break in time series - not comparable with earlier years,CZE,2_1,2013
series_break,info,Break in time series - not comparable with earlier years,DNK,2_1,2004
series_break,info,Break in time series - not comparable with earlier years,DNK,2_1,2005
series_break,info,Break in time series - not comparable with earlier years,DNK,2_1,2006
series_break,info,Break in time series - not comparable with earlier years,DNK,2_1,2007
series_break,info,Break in time series - not comparable with earlier years,DEU,2_1,2004
series_break,info,Break in time series - not comparable with earlier years,DEU,2_1,2005
series_break,info,Break in time series - not comparable with earlier years,DEU,2_1,2006
series_break,info,Break in time series - not comparable with earlier years,DEU,2_1,2007
series_break,info,Break in time series - not comparable with earlier years,DEU,2_1,2008
series_break,info,Break in time series - not comparable with earlier years,DEU,2_1,2009
series_break,info,Break in time series - not comparable with earlier years,DEU,2_1,2010
series_break,info,Break in time series - not comparable with earlier years,DEU,2_1,2011
series_break,info,Break in time series - not comparable with earlier years,DEU,2_1,2012
series_break,info,Break in time series - not comparable with earlier years,DEU,2_1,2013
series_break,info,Break in time series - not comparable with earlier years,GRC,2_1,2004
series_break,info,Break in time series - not comparable with earlier years,GRC,2_1,2005
series_break,info,Break in time series - not comparable with earlier years,GRC,2_1,2006
series_break,info,Break in time series - not comparable with earlier years,GRC,2_1,2007
series_break,info,Break in time series - not comparable with earlier years,GRC,2_1,2008
series_break,info,Break in time series - not comparable with earlier years,GRC,2_1,2009
series_break,info,Break in time series - not comparable with earlier years,GRC,2_1,2010
series_break,info,Break in time series - not comparable with earlier years,GRC,2_1,2011
series_break,info,Break in time series - not comparable with earlier years,GRC,2_1,2012
series_break,info,Break in time series - not comparable with earlier years,GRC,2_1,2013
series_break,info,Break in time series - not comparable with earlier years,IRL,2_1,2004
series_break,info,Break in time series - not comparable with earlier years,IRL,2_1,2005
series_break,info,Break in time series - not comparable with earlier years,IRL,2_1,2006
series_break,info,Break in time series - not comparable with earlier years,IRL,2_1,2007
series_break,info,Break in time series - not comparable with earlier years,IRL,2_1,2008
series_break,info,Break in time series - not comparable with earlier years,IRL,2_1,2009
series_break,info,Break in time series - not comparable with earlier years,IRL,2_1,2010
series_break,info,Break in time series - not comparable with earlier years,IRL,2_1,2011
series_break,info,Break in time series - not comparable with earlier years,IRL,2_1,2012
series_break,info,Break in time series - not comparable with earlier years,IRL,2_1,2013
series_break,info,Break in time series - not comparable with earlier years,ISR,2_1,2005
series_break,info,Break in time series - not comparable with earlier years,ISR,2_1,2007
series_break,info,Break in time series - not comparable with earlier years,ISR,2_1,2008
series_break,info,Break in time series - not comparable with earlier years,ISR,2_1,2009
series_break,info,Break in time series - not comparable with earlier years,ISR,2_1,2010
series_break,info,Break in time series - not comparable with earlier years,ISR,2_1,2011
series_break,info,Break in time series - not comparable with earlier years,ISR,2_1,2012
series_break,info,Break in time series - not comparable with earlier years,ISR,2_1,2013
series_break,info,Break in time series - not comparable with earlier years,ITA,2_1,2004
series_break,info,Break in time series - not comparable with earlier years,ITA,2_1,2005
series_break,info,Break in time series - not comparable with earlier years,ITA,2_1,2006
series_break,info,Break in time series - not comparable with earlier years,ITA,2_1,2007
series_break,info,Break in time series - not comparable with earlier years,ITA,2_1,2008
series_break,info,Break in time series - not comparable with earlier years,ITA,2_1,2009
series_break,info,Break in time series - not comparable with earlier years,ITA,2_1,2010
series_break,info,Break in time series - not comparable with earlier years,ITA,2_1,2011
series_break,info,Break in time series - not comparable with earlier years,ITA,2_1,2012
series_break,info,Break in time series - not comparable with earlier years,ITA,2_1,2013
series_break,info,Break in time series - not comparable with earlier years,KOR,2_1,2004
series_break,info,Break in time series - not comparable with earlier years,KOR,2_1,2005
series_break,info,Break in time series - not comparable with earlier years,KOR,2_1,2006
series_break,info,Break in time series - not comparable with earlier years,KOR,2_1,2007
series_break,info,Break in time series - not comparable with earlier years,KOR,2_1,2008
series_break,info,Break in time series - not comparable with earlier years,KOR,2_1,2009
series_break,info,Break in time series - not comparable with earlier years,KOR,2_1,2010
series_break,info,Break in time series - not comparable with earlier years,KOR,2_1,2011
series_break,info,Break in time series - not comparable with earlier years,LTU,2_1,2005
series_break,info,Break in time series - not comparable with earlier years,LTU,2_1,2006
series_break,info,Break in time series - not comparable with earlier years,LTU,2_1,2007
series_break,info,Break in time series - not comparable with earlier years,LTU,2_1,2008
series_break,info,Break in time series - not comparable with earlier years,LTU,2_1,2009
series_break,info,Break in time series - not comparable with earlier years,LTU,2_1,2010
series_break,info,Break in time series - not comparable with earlier years,LTU,2_1,2011
series_break,info,Break in time series - not comparable with earlier years,LTU,2_1,2012
series_break,info,Break in time series - not comparable with earlier years,LTU,2_1,2013
series_break,info,Break in time series - not comparable with earlier years,LUX,2_1,2005
series_break,info,Break in time series - not comparable with earlier years,LUX,2_1,2006
series_break,info,Break in time series - not comparable with earlier years,LUX,2_1,2007
series_break,info,Break in time series - not comparable with earlier years,LUX,2_1,2008
series_break,info,Break in time series - not comparable with earlier years,LUX,2_1,2009
series_break,info,Break in time series - not comparable with earlier years,LUX,2_1,2010
series_break,info,Break in time series - not comparable with earlier years,LUX,2_1,2011
series_break,info,Break in time series - not comparable with earlier years,LUX,2_1,2012
series_break,info,Break in time series - not comparable with earlier years,LUX,2_1,2013
series_break,info,Break in time series - not comparable with earlier years,MEX,2_1,2004
series_break,info,Break in time series - not comparable with earlier years,NLD,2_1,2004
series_break,info,Break in time series - not comparable with earlier years,NLD,2_1,2005
series_break,info,Break in time series - not comparable with earlier years,NLD,2_1,2006
series_break,info,Break in time series - not comparable with earlier years,NLD,2_1,2007
series_break,info,Break in time series - not comparable with earlier years,NLD,2_1,2008
series_break,info,Break in time series - not comparable with earlier years,NLD,2_1,2009
series_break,info,Break in time series - not comparable with earlier years,NLD,2_1,2010
series_break,info,Break in time series - not comparable with earlier years,NLD,2_1,2011
series_break,info,Break in time series - not comparable with earlier years,NLD,2_1,2012
series_break,info,Break in time series - not comparable with earlier years,NLD,2_1,2013
series_break,info,Break in time series - not comparable with earlier years,POL,2_1,2004
series_break,info,Break in time series - not comparable with earlier years,POL,2_1,2005
series_break,info,Break in time series - not comparable with earlier years,POL,2_1,2006
series_break,info,Break in time series - not comparable with earlier years,POL,2_1,2007
series_break,info,Break in time series - not comparable with earlier years,POL,2_1,2008
series_break,info,Break in time series - not comparable with earlier years,POL,2_1,2009
series_break,info,Break in time series - not comparable with earlier years,POL,2_1,2010
series_break,info,Break in time series - not comparable with earlier years,POL,2_1,2011
series_break,info,Break in time series - not comparable with earlier years,POL,2_1,2012
series_break,info,Break in time series - not comparable with earlier years,POL,2_1,2013
series_break,info,Break in time series - not comparable with earlier years,SVK,2_1,2004
series_break,info,Break in time series - not comparable with earlier years,SVK,2_1,2005
series_break,info,Break in time series - not comparable with earlier years,SVK,2_1,2006
series_break,info,Break in time series - not comparable with earlier years,SVK,2_1,2007
series_break,info,Break in time series - not comparable with earlier years,SVK,2_1,2008
series_break,info,Break in time series - not comparable with earlier years,SVK,2_1,2009
series_break,info,Break in time series - not comparable with earlier years,SVK,2_1,2010
series_break,info,Break in time series - not comparable with earlier years,SVK,2_1,2011
series_break,info,Break in time series - not comparable with earlier years,SVK,2_1,2012
series_break,info,Break in time series - not comparable with earlier years,SVK,2_1,2013
series_break,info,Break in time series - not comparable with earlier years,SVN,2_1,2004
series_break,info,Break in time series - not comparable with earlier years,SVN,2_1,2005
series_break,info,Break in time series - not comparable with earlier years,SVN,2_1,2006
series_break,info,Break in time series - not comparable with earlier years,SVN,2_1,2007
series_break,info,Break in time series - not comparable with earlier years,SVN,2_1,2008
series_break,info,Break in time series - not comparable with earlier years,SVN,2_1,2009
series_break,info,Break in time series - not comparable with earlier years,SVN,2_1,2010
series_break,info,Break in time series - not comparable with earlier years,SVN,2_1,2011
series_break,info,Break in time series - not comparable with earlier years,SVN,2_1,2012
series_break,info,Break in time series - not comparable with earlier years,SVN,2_1,2013
series_break,info,Break in time series - not comparable with earlier years,ESP,2_1,2004
series_break,info,Break in time series - not comparable with earlier years,ESP,2_1,2005
series_break,info,Break in time series - not comparable with earlier years,ESP,2_1,2006
series_break,info,Break in time series - not comparable with earlier years,SWE,2_1,2004
series_break,info,Break in time series - not comparable with earlier years,SWE,2_1,2005
series_break,info,Break in time series - not comparable with earlier years,SWE,2_1,2006
series_break,info,Break in time series - not comparable with earlier years,SWE,2_1,2007
series_break,info,Break in time series - not comparable with earlier years,SWE,2_1,2008
series_break,info,Break in time series - not comparable with earlier years,SWE,2_1,2009
series_break,info,Break in time series - not comparable with earlier years,SWE,2_1,2010
series_break,info,Break in time series - not comparable with earlier years,SWE,2_1,2011
series_break,info,Break in time series - not comparable with earlier years,SWE,2_1,2012
series_break,info,Break in time series - not comparable with earlier years,SWE,2_1,2013
series_break,info,Break in time series - not comparable with earlier years,CHE,2_1,2004
series_break,info,Break in time series - not comparable with earlier years,CHE,2_1,2005
series_break,info,Break in time series - not comparable with earlier years,CHE,2_1,2006
series_break,info,Break in time series - not comparable with earlier years,CHE,2_1,2007
series_break,info,Break in time series - not comparable with earlier years,CHE,2_1,2008
series_break,info,Break in time series - not comparable with earlier years,CHE,2_1,2009
series_break,info,Break in time series - not comparable with earlier years,CHE,2_1,2010
series_break,info,Break in time series - not comparable with earlier years,CHE,2_1,2011
series_break,info,Break in time series - not comparable with earlier years,CHE,2_1,2012
series_break,info,Break in time series - not comparable with earlier years,CHE,2_1,2013
series_break,info,Break in time series - not comparable with earlier years,TUR,2_1,2004
series_break,info,Break in time series - not comparable with earlier years,TUR,2_1,2005
series_break,info,Break in time series - not comparable with earlier years,TUR,2_1,2006
series_break,info,Break in time series - not comparable with earlier years,TUR,2_1,2007
series_break,info,Break in time series - not comparable with earlier years,TUR,2_1,2008
series_break,info,Break in time series - not comparable with earlier years,TUR,2_1,2009
series_break,info,Break in time series - not comparable with earlier years,TUR,2_1,2010
series_break,info,Break in time series - not comparable with earlier years,TUR,2_1,2011
series_break,info,Break in time series - not comparable with earlier years,TUR,2_1,2012
series_break,info,Break in time series - not comparable with earlier years,TUR,2_1,2013
series_break,info,Break in time series - not comparable with earlier years,GBR,2_1,2004
series_break,info,Break in time series - not comparable with earlier years,GBR,2_1,2005
series_break,info,Break in time series - not comparable with earlier years,GBR,2_1,2006
series_break,info,Break in time series - not comparable with earlier years,GBR,2_1,2007
series_break,info,Break in time series - not comparable with earlier years,GBR,2_1,2008
series_break,info,Break in time series - not comparable with earlier years,GBR,2_1,2009
series_break,info,Break in time series - not comparable with earlier years,GBR,2_1,2010
series_break,info,Break in time series - not comparable with earlier years,GBR,2_1,2011
series_break,info,Break in time series - not comparable with earlier years,GBR,2_1,2012
series_break,info,Break in time series - not comparable with earlier years,GBR,2_1,2013
series_break,info,Break in time series - not comparable with earlier years,BRA,2_1,2007
series_break,info,Break in time series - not comparable with earlier years,BRA,2_1,2008
series_break,info,Break in time series - not comparable with earlier years,BRA,2_1,2009
series_break,info,Break in time series - not comparable with earlier years,BRA,2_1,2011
series_break,info,Break in time series - not comparable with earlier years,BRA,2_1,2012
series_break,info,Break in time series - not comparable with earlier years,BRA,2_1,2013
series_break,info,Break in time series - not comparable with earlier years,BRA,2_1,2014
series_break,info,Break in time series - not comparable with earlier years,BRA,2_1,2015
series_break,info,Break in time series - not comparable with earlier years,IDN,2_1,2004
series_break,info,Break in time series - not comparable with earlier years,IDN,2_1,2005
series_break,info,Break in time series - not comparable with earlier years,IDN,2_1,2006
series_break,info,Break in time series - not comparable with earlier years,IDN,2_1,2007
series_break,info,Break in time series - not comparable with earlier years,IDN,2_1,2008
series_break,info,Break in time series - not comparable with earlier years,IDN,2_1,2009
series_break,info,Break in time series - not comparable with earlier years,IDN,2_1,2010
series_break,info,Break in time series - not comparable with earlier years,ROU,2_1,2015
series_break,info,Break in time series - not comparable with earlier years,AUS,2_4,2004
series_break,info,Break in time series - not comparable with earlier years,AUS,2_4,2005
series_break,info,Break in time series - not comparable with earlier years,AUS,2_4,2006
series_break,info,Break in time series - not comparable with earlier years,AUS,2_4,2007
series_break,info,Break in time series - not comparable with earlier years,AUS,2_4,2008
series_break,info,Break in time series - not comparable with earlier years,AUS,2_4,2009
series_break,info,Break in time series - not comparable with earlier years,AUS,2_4,2010
series_break,info,Break in time series - not comparable with earlier years,AUS,2_4,2011
series_break,info,Break in time series - not comparable with earlier years,AUS,2_4,2012
series_break,info,Break in time series - not comparable with earlier years,AUS,2_4,2013
series_break,info,Break in time series - not comparable with earlier years,BEL,2_4,2004
series_break,info,Break in time series - not comparable with earlier years,BEL,2_4,2005
series_break,info,Break in time series - not comparable with earlier years,BEL,2_4,2006
series_break,info,Break in time series - not comparable with earlier years,BEL,2_4,2007
series_break,info,Break in time series - not comparable with earlier years,BEL,2_4,2008
series_break,info,Break in time series - not comparable with earlier years,BEL,2_4,2009
series_break,info,Break in time series - not comparable with earlier years,BEL,2_4,2010
series_break,info,Break in time series - not comparable with earlier years,BEL,2_4,2011
series_break,info,Break in time series - not comparable with earlier years,BEL,2_4,2012
series_break,info,Break in time series - not comparable with earlier years,BEL,2_4,2013
series_break,info,Break in time series - not comparable with earlier years,CHL,2_4,2009
series_break,info,Break in time series - not comparable with earlier years,CHL,2_4,2011
series_break,info,Break in time series - not comparable with earlier years,CZE,2_4,2004
series_break,info,Break in time series - not comparable with earlier years,CZE,2_4,2005
series_break,info,Break in time series - not comparable with earlier years,CZE,2_4,2006
series_break,info,Break in time series - not comparable with earlier years,CZE,2_4,2007
series_break,info,Break in time series - not comparable with earlier years,CZE,2_4,2008
series_break,info,Break in time series - not comparable with earlier years,CZE,2_4,2009
series_break,info,Break in time series - not comparable with earlier years,CZE,2_4,2010
series_break,info,Break in time series - not comparable with earlier years,CZE,2_4,2011
series_break,info,Break in time series - not comparable with earlier years,CZE,2_4,2012
series_break,info,Break in time series - not comparable with earlier years,CZE,2_4,2013
series_break,info,Break in time series - not comparable with earlier years,DNK,2_4,2004
series_break,info,Break in time series - not comparable with earlier years,DNK,2_4,2005
series_break,info,Break in time series - not comparable with earlier years,DNK,2_4,2006
series_break,info,Break in time series - not comparable with earlier years,DNK,2_4,2007
series_break,info,Break in time series - not comparable with earlier years,DNK,2_4,2008
series_break,info,Break in time series - not comparable with earlier years,DNK,2_4,2009
series_break,info,Break in time series - not comparable with earlier years,DNK,2_4,2010
series_break,info,Break in time series - not comparable with earlier years,DNK,2_4,2011
series_break,info,Break in time series - not comparable with earlier years,DNK,2_4,2012
series_break,info,Break in time series - not comparable with earlier years,DNK,2_4,2013
series_break,info,Break in time series - not comparable with earlier years,DEU,2_4,2004
series_break,info,Break in time series - not comparable with earlier years,DEU,2_4,2005
series_break,info,Break in time series - not comparable with earlier years,DEU,2_4,2006
series_break,info,Break in time series - not comparable with earlier years,DEU,2_4,2007
series_break,info,Break in time series - not comparable with earlier years,DEU,2_4,2008
series_break,info,Break in time series - not comparable with earlier years,DEU,2_4,2009
series_break,info,Break in time series - not comparable with earlier years,DEU,2_4,2010
series_break,info,Break in time series - not comparable with earlier years,DEU,2_4,2011
series_break,info,Break in time series - not comparable with earlier years,DEU,2_4,2012
series_break,info,Break in time series - not comparable with earlier years,DEU,2_4,2013
series_break,info,Break in time series - not comparable with earlier years,GRC,2_4,2004
series_break,info,Break in time series - not comparable with earlier years,GRC,2_4,2005
series_break,info,Break in time series - not comparable with earlier years,GRC,2_4,2006
series_break,info,Break in time series - not comparable with earlier years,GRC,2_4,2007
series_break,info,Break in time series - not comparable with earlier years,GRC,2_4,2008
series_break,info,Break in time series - not comparable with earlier years,GRC,2_4,2009
series_break,info,Break in time series - not comparable with earlier years,GRC,2_4,2010
series_break,info,Break in time series - not comparable with earlier years,GRC,2_4,2011
series_break,info,Break in time series - not comparable with earlier years,GRC,2_4,2012
series_break,info,Break in time series - not comparable with earlier years,GRC,2_4,2013
series_break,info,Break in time series - not comparable with earlier years,IRL,2_4,2004
series_break,info,Break in time series - not comparable with earlier years,IRL,2_4,2005
series_break,info,Break in time series - not comparable with earlier years,IRL,2_4,2006
series_break,info,Break in time series - not comparable with earlier years,IRL,2_4,2007
series_break,info,Break in time series - not comparable with earlier years,IRL,2_4,2008
series_break,info,Break in time series - not comparable with earlier years,IRL,2_4,2009
series_break,info,Break in time series - not comparable with earlier years,IRL,2_4,2010
series_break,info,Break in time series - not comparable with earlier years,IRL,2_4,2011
series_break,info,Break in time series - not comparable with earlier years,IRL,2_4,2012
series_break,info,Break in time series - not comparable with earlier years,IRL,2_4,2013
series_break,info,Break in time series - not comparable with earlier years,ISR,2_4,2004
series_break,info,Break in time series - not comparable with earlier years,ISR,2_4,2005
series_break,info,Break in time series - not comparable with earlier years,ISR,2_4,2006
series_break,info,Break in time series - not comparable with earlier years,ISR,2_4,2007
series_break,info,Break in time series - not comparable with earlier years,ISR,2_4,2008
series_break,info,Break in time series - not comparable with earlier years,ISR,2_4,2009
series_break,info,Break in time series - not comparable with earlier years,ISR,2_4,2010
series_break,info,Break in time series - not comparable with earlier years,ISR,2_4,2011
series_break,info,Break in time series - not comparable with earlier years,ISR,2_4,2012
series_break,info,Break in time series - not comparable with earlier years,ISR,2_4,2013
series_break,info,Break in time series - not comparable with earlier years,ITA,2_4,2004
series_break,info,Break in time series - not comparable with earlier years,ITA,2_4,2005
series_break,info,Break in time series - not comparable with earlier years,ITA,2_4,2006
series_break,info,Break in time series - not comparable with earlier years,ITA,2_4,2007
series_break,info,Break in time series - not comparable with earlier years,ITA,2_4,2008
series_break,info,Break in time series - not comparable with earlier years,ITA,2_4,2009
series_break,info,Break in time series - not comparable with earlier years,ITA,2_4,2010
series_break,info,Break in time series - not comparable with earlier years,ITA,2_4,2011
series_break,info,Break in time series - not comparable with earlier years,ITA,2_4,2012
series_break,info,Break in time series - not comparable with earlier years,ITA,2_4,2013
series_break,info,Break in time series - not comparable with earlier years,JPN,2_4,2005
series_break,info,Break in time series - not comparable with earlier years,JPN,2_4,2006
series_break,info,Break in time series - not comparable with earlier years,JPN,2_4,2007
series_break,info,Break in time series - not comparable with earlier years,JPN,2_4,2008
series_break,info,Break in time series - not comparable with earlier years,JPN,2_4,2009
series_break,info,Break in time series - not comparable with earlier years,JPN,2_4,2010
series_break,info,Break in time series - not comparable with earlier years,JPN,2_4,2011
series_break,info,Break in time series - not comparable with earlier years,JPN,2_4,2012
series_break,info,Break in time series - not comparable with earlier years,JPN,2_4,2013
series_break,info,Break in time series - not comparable with earlier years,LTU,2_4,2005
series_break,info,Break in time series - not comparable with earlier years,LTU,2_4,2010
series_break,info,Break in time series - not comparable with earlier years,LUX,2_4,2005
series_break,info,Break in time series - not comparable with earlier years,LUX,2_4,2010
series_break,info,Break in time series - not comparable with earlier years,LUX,2_4,2012
series_break,info,Break in time series - not comparable with earlier years,LUX,2_4,2013
series_break,info,Break in time series - not comparable with earlier years,MEX,2_4,2004
series_break,info,Break in time series - not comparable with earlier years,NLD,2_4,2004
series_break,info,Break in time series - not comparable with earlier years,NLD,2_4,2005
series_break,info,Break in time series - not comparable with earlier years,NLD,2_4,2006
series_break,info,Break in time series - not comparable with earlier years,NLD,2_4,2007
series_break,info,Break in time series - not comparable with earlier years,NLD,2_4,2008
series_break,info,Break in time series - not comparable with earlier years,NLD,2_4,2009
series_break,info,Break in time series - not comparable with earlier years,NLD,2_4,2010
series_break,info,Break in time series - not comparable with earlier years,NLD,2_4,2011
series_break,info,Break in time series - not comparable with earlier years,NLD,2_4,2012
series_break,info,Break in time series - not comparable with earlier years,NLD,2_4,2013
series_break,info,Break in time series - not comparable with earlier years,POL,2_4,2004
series_break,info,Break in time series - not comparable with earlier years,POL,2_4,2005
series_break,info,Break in time series - not comparable with earlier years,POL,2_4,2006
series_break,info,Break in time series - not comparable with earlier years,POL,2_4,2007
series_break,info,Break in time series - not comparable with earlier years,POL,2_4,2008
series_break,info,Break in time series - not comparable with earlier years,POL,2_4,2009
series_break,info,Break in time series - not comparable with earlier years,POL,2_4,2010
series_break,info,Break in time series - not comparable with earlier years,POL,2_4,2011
series_break,info,Break in time series - not comparable with earlier years,POL,2_4,2012
series_break,info,Break in time series - not comparable with earlier years,POL,2_4,2013
series_break,info,Break in time series - not comparable with earlier years,SVK,2_4,2004
series_break,info,Break in time series - not comparable with earlier years,SVK,2_4,2005
series_break,info,Break in time series - not comparable with earlier years,SVK,2_4,2006
series_break,info,Break in time series - not comparable with earlier years,SVK,2_4,2007
series_break,info,Break in time series - not comparable with earlier years,SVK,2_4,2008
series_break,info,Break in time series - not comparable with earlier years,SVK,2_4,2009
series_break,info,Break in time series - not comparable with earlier years,SVK,2_4,2010
series_break,info,Break in time series - not comparable with earlier years,SVK,2_4,2011
series_break,info,Break in time series - not comparable with earlier years,SVK,2_4,2012
series_break,info,Break in time series - not comparable with earlier years,SVK,2_4,2013
series_break,info,Break in time series - not comparable with earlier years,SVN,2_4,2004
series_break,info,Break in time series - not comparable with earlier years,SVN,2_4,2005
series_break,info,Break in time series - not comparable with earlier years,SVN,2_4,2006
series_break,info,Break in time series - not comparable with earlier years,SVN,2_4,2007
series_break,info,Break in time series - not comparable with earlier years,SVN,2_4,2008
series_break,info,Break in time series - not comparable with earlier years,SVN,2_4,2009
series_break,info,Break in time series - not comparable with earlier years,SVN,2_4,2010
series_break,info,Break in time series - not comparable with earlier years,SVN,2_4,2011
series_break,info,Break in time series - not comparable with earlier years,SVN,2_4,2012
series_break,info,Break in time series - not comparable with earlier years,SVN,2_4,2013
series_break,info,Break in time series - not comparable with earlier years,ESP,2_4,2004
series_break,info,Break in time series - not comparable with earlier years,ESP,2_4,2005
series_break,info,Break in time series - not comparable with earlier years,ESP,2_4,2006
series_break,info,Break in time series - not comparable with earlier years,SWE,2_4,2004
series_break,info,Break in time series - not comparable with earlier years,SWE,2_4,2005
series_break,info,Break in time series - not comparable with earlier years,SWE,2_4,2006
series_break,info,Break in time series - not comparable with earlier years,SWE,2_4,2007
series_break,info,Break in time series - not comparable with earlier years,SWE,2_4,2008
series_break,info,Break in time series - not comparable with earlier years,SWE,2_4,2009
series_break,info,Break in time series - not comparable with earlier years,SWE,2_4,2010
series_break,info,Break in time series - not comparable with earlier years,SWE,2_4,2011
series_break,info,Break in time series - not comparable with earlier years,SWE,2_4,2012
series_break,info,Break in time series - not comparable with earlier years,SWE,2_4,2013
series_break,info,Break in time series - not comparable with earlier years,CHE,2_4,2004
series_break,info,Break in time series - not comparable with earlier years,CHE,2_4,2005
series_break,info,Break in time series - not comparable with earlier years,CHE,2_4,2006
series_break,info,Break in time series - not comparable with earlier years,CHE,2_4,2007
series_break,info,Break in time series - not comparable with earlier years,CHE,2_4,2008
series_break,info,Break in time series - not comparable with earlier years,CHE,2_4,2009
series_break,info,Break in time series - not comparable with earlier years,TUR,2_4,2004
series_break,info,Break in time series - not comparable with earlier years,TUR,2_4,2005
series_break,info,Break in time series - not comparable with earlier years,TUR,2_4,2006
series_break,info,Break in time series - not comparable with earlier years,TUR,2_4,2007
series_break,info,Break in time series - not comparable with earlier years,TUR,2_4,2008
series_break,info,Break in time series - not comparable with earlier years,TUR,2_4,2009
series_break,info,Break in time series - not comparable with earlier years,TUR,2_4,2010
series_break,info,Break in time series - not comparable with earlier years,TUR,2_4,2011
series_break,info,Break in time series - not comparable with earlier years,TUR,2_4,2013
series_break,info,Break in time series - not comparable with earlier years,GBR,2_4,2004
series_break,info,Break in time series - not comparable with earlier years,GBR,2_4,2005
series_break,info,Break in time series - not comparable with earlier years,GBR,2_4,2006
series_break,info,Break in time series - not comparable with earlier years,GBR,2_4,2007
series_break,info,Break in time series - not comparable with earlier years,GBR,2_4,2008
series_break,info,Break in time series - not comparable with earlier years,GBR,2_4,2009
series_break,info,Break in time series - not comparable with earlier years,GBR,2_4,2010
series_break,info,Break in time series - not comparable with earlier years,GBR,2_4,2011
series_break,info,Break in time series - not comparable with earlier years,GBR,2_4,2012
series_break,info,Break in time series - not comparable with earlier years,GBR,2_4,2013
series_break,info,Break in time series - not comparable with earlier years,BRA,2_4,2007
series_break,info,Break in time series - not comparable with earlier years,BRA,2_4,2008
series_break,info,Break in time series - not comparable with earlier years,BRA,2_4,2009
series_break,info,Break in time series - not comparable with earlier years,BRA,2_4,2011
series_break,info,Break in time series - not comparable with earlier years,BRA,2_4,2012
series_break,info,Break in time series - not comparable with earlier years,BRA,2_4,2013
series_break,info,Break in time series - not comparable with earlier years,BRA,2_4,2014
series_break,info,Break in time series - not comparable with earlier years,ROU,2_4,2015
series_break,info,Break in time series - not comparable with earlier years,AUS,2_4,2004
series_break,info,Break in time series - not comparable with earlier years,AUS,2_4,2005
series_break,info,Break in time series - not comparable with earlier years,AUS,2_4,2006
series_break,info,Break in time series - not comparable with earlier years,AUS,2_4,2007
series_break,info,Break in time series - not comparable with earlier years,AUS,2_4,2008
series_break,info,Break in time series - not comparable with earlier years,AUS,2_4,2009
series_break,info,Break in time series - not comparable with earlier years,AUS,2_4,2010
series_break,info,Break in time series - not comparable with earlier years,AUS,2_4,2011
series_break,info,Break in time series - not comparable with earlier years,AUS,2_4,2012
series_break,info,Break in time series - not comparable with earlier years,AUS,2_4,2013
series_break,info,Break in time series - not comparable with earlier years,BEL,2_4,2004
series_break,info,Break in time series - not comparable with earlier years,BEL,2_4,2005
series_break,info,Break in time series - not comparable with earlier years,BEL,2_4,2006
series_break,info,Break in time series - not comparable with earlier years,BEL,2_4,2007
series_break,info,Break in time series - not comparable with earlier years,BEL,2_4,2008
series_break,info,Break in time series - not comparable with earlier years,BEL,2_4,2009
series_break,info,Break in time series - not comparable with earlier years,BEL,2_4,2010
series_break,info,Break in time series - not comparable with earlier years,BEL,2_4,2011
series_break,info,Break in time series - not comparable with earlier years,BEL,2_4,2012
series_break,info,Break in time series - not comparable with earlier years,BEL,2_4,2013
series_break,info,Break in time series - not comparable with earlier years,CHL,2_4,2009
series_break,info,Break in time series - not comparable with earlier years,CHL,2_4,2011
series_break,info,Break in time series - not comparable with earlier years,CZE,2_4,2004
series_break,info,Break in time series - not comparable with earlier years,CZE,2_4,2005
series_break,info,Break in time series - not comparable with earlier years,CZE,2_4,2006
series_break,info,Break in time series - not comparable with earlier years,CZE,2_4,2007
series_break,info,Break in time series - not comparable with earlier years,CZE,2_4,2008
series_break,info,Break in time series - not comparable with earlier years,CZE,2_4,2009
series_break,info,Break in time series - not comparable with earlier years,CZE,2_4,2010
series_break,info,Break in time series - not comparable with earlier years,CZE,2_4,2011
series_break,info,Break in time series - not comparable with earlier years,CZE,2_4,2012
series_break,info,Break in time series - not comparable with earlier years,CZE,2_4,2013
series_break,info,Break in time series - not comparable with earlier years,DNK,2_4,2004
series_break,info,Break in time series - not comparable with earlier years,DNK,2_4,2005
series_break,info,Break in time series - not comparable with earlier years,DNK,2_4,2006
series_break,info,Break in time series - not comparable with earlier years,DNK,2_4,2007
series_break,info,Break in time series - not comparable with earlier years,DNK,2_4,2008
series_break,info,Break in time series - not comparable with earlier years,DNK,2_4,2009
series_break,info,Break in time series - not comparable with earlier years,DNK,2_4,2010
series_break,info,Break in time series - not comparable with earlier years,DNK,2_4,2011
series_break,info,Break in time series - not comparable with earlier years,DNK,2_4,2012
series_break,info,Break in time series - not comparable with earlier years,DNK,2_4,2013
series_break,info,Break in time series - not comparable with earlier years,DEU,2_4,2004
series_break,info,Break in time series - not comparable with earlier years,DEU,2_4,2005
series_break,info,Break in time series - not comparable with earlier years,DEU,2_4,2006
series_break,info,Break in time series - not comparable with earlier years,DEU,2_4,2007
series_break,info,Break in time series - not comparable with earlier years,DEU,2_4,2008
series_break,info,Break in time series - not comparable with earlier years,DEU,2_4,2009
series_break,info,Break in time series - not comparable with earlier years,DEU,2_4,2010
series_break,info,Break in time series - not comparable with earlier years,DEU,2_4,2011
series_break,info,Break in time series - not comparable with earlier years,DEU,2_4,2012
series_break,info,Break in time series - not comparable with earlier years,DEU,2_4,2013
series_break,info,Break in time series - not comparable with earlier years,GRC,2_4,2004
series_break,info,Break in time series - not comparable with earlier years,GRC,2_4,2005
series_break,info,Break in time series - not comparable with earlier years,GRC,2_4,2006
series_break,info,Break in time series - not comparable with earlier years,GRC,2_4,2007
series_break,info,Break in time series - not comparable with earlier years,GRC,2_4,2008
series_break,info,Break in time series - not comparable with earlier years,GRC,2_4,2009
series_break,info,Break in time series - not comparable with earlier years,GRC,2_4,2010
series_break,info,Break in time series - not comparable with earlier years,GRC,2_4,2011
series_break,info,Break in time series - not comparable with earlier years,GRC,2_4,2012
series_break,info,Break in time series - not comparable with earlier years,GRC,2_4,2013
series_break,info,Break in time series - not comparable with earlier years,IRL,2_4,2004
series_break,info,Break in time series - not comparable with earlier years,IRL,2_4,2005
series_break,info,Break in time series - not comparable with earlier years,IRL,2_4,2006
series_break,info,Break in time series - not comparable with earlier years,IRL,2_4,2007
series_break,info,Break in time series - not comparable with earlier years,IRL,2_4,2008
series_break,info,Break in time series - not comparable with earlier years,IRL,2_4,2009
series_break,info,Break in time series - not comparable with earlier years,IRL,2_4,2010
series_break,info,Break in time series - not comparable with earlier years,IRL,2_4,2011
series_break,info,Break in time series - not comparable with earlier years,IRL,2_4,2012
series_break,info,Break in time series - not comparable with earlier years,IRL,2_4,2013
series_break,info,Break in time series - not comparable with earlier years,ISR,2_4,2004
series_break,info,Break in time series - not comparable with earlier years,ISR,2_4,2005
series_break,info,Break in time series - not comparable with earlier years,ISR,2_4,2006
series_break,info,Break in time series - not comparable with earlier years,ISR,2_4,2007
series_break,info,Break in time series - not comparable with earlier years,ISR,2_4,2008
series_break,info,Break in time series - not comparable with earlier years,ISR,2_4,2009
series_break,info,Break in time series - not comparable with earlier years,ISR,2_4,2010
series_break,info,Break in time series - not comparable with earlier years,ISR,2_4,2011
series_break,info,Break in time series - not comparable with earlier years,ISR,2_4,2012
series_break,info,Break in time series - not comparable with earlier years,ISR,2_4,2013
series_break,info,Break in time series - not comparable with earlier years,ITA,2_4,2004
series_break,info,Break in time series - not comparable with earlier years,ITA,2_4,2005
series_break,info,Break in time series - not comparable with earlier years,ITA,2_4,2006
series_break,info,Break in time series - not comparable with earlier years,ITA,2_4,2007
series_break,info,Break in time series - not comparable with earlier years,ITA,2_4,2008
series_break,info,Break in time series - not comparable with earlier years,ITA,2_4,2009
series_break,info,Break in time series - not comparable with earlier years,ITA,2_4,2010
series_break,info,Break in time series - not comparable with earlier years,ITA,2_4,2011
series_break,info,Break in time series - not comparable with earlier years,ITA,2_4,2012
series_break,info,Break in time series - not comparable with earlier years,ITA,2_4,2013
series_break,info,Break in time series - not comparable with earlier years,JPN,2_4,2005
series_break,info,Break in time series - not comparable with earlier years,JPN,2_4,2006
series_break,info,Break in time series - not comparable with earlier years,JPN,2_4,2007
series_break,info,Break in time series - not comparable with earlier years,JPN,2_4,2008
series_break,info,Break in time series - not comparable with earlier years,JPN,2_4,2009
series_break,info,Break in time series - not comparable with earlier years,JPN,2_4,2010
series_break,info,Break in time series - not comparable with earlier years,JPN,2_4,2011
series_break,info,Break in time series - not comparable with earlier years,JPN,2_4,2012
series_break,info,Break in time series - not comparable with earlier years,JPN,2_4,2013
series_break,info,Break in time series - not comparable with earlier years,LTU,2_4,2005
series_break,info,Break in time series - not comparable with earlier years,LTU,2_4,2010
series_break,info,Break in time series - not comparable with earlier years,LUX,2_4,2005
series_break,info,Break in time series - not comparable with earlier years,LUX,2_4,2010
series_break,info,Break in time series - not comparable with earlier years,LUX,2_4,2011
series_break,info,Break in time series - not comparable with earlier years,LUX,2_4,2012
series_break,info,Break in time series - not comparable with earlier years,LUX,2_4,2013
series_break,info,Break in time series - not comparable with earlier years,MEX,2_4,2004
series_break,info,Break in time series - not comparable with earlier years,NLD,2_4,2004
series_break,info,Break in time series - not comparable with earlier years,NLD,2_4,2005
series_break,info,Break in time series - not comparable with earlier years,NLD,2_4,2006
series_break,info,Break in time series - not comparable with earlier years,NLD,2_4,2007
series_break,info,Break in time series - not comparable with earlier years,NLD,2_4,2008
series_break,info,Break in time series - not comparable with earlier years,NLD,2_4,2009
series_break,info,Break in time series - not comparable with earlier years,NLD,2_4,2010
series_break,info,Break in time series - not comparable with earlier years,NLD,2_4,2011
series_break,info,Break in time series - not comparable with earlier years,NLD,2_4,2012
series_break,info,Break in time series - not comparable with earlier years,NLD,2_4,2013
series_break,info,Break in time series - not comparable with earlier years,POL,2_4,2004
series_break,info,Break in time series - not comparable with earlier years,POL,2_4,2005
series_break,info,Break in time series - not comparable with earlier years,POL,2_4,2006
series_break,info,Break in time series - not comparable with earlier years,POL,2_4,2007
series_break,info,Break in time series - not comparable with earlier years,POL,2_4,2008
series_break,info,Break in time series - not comparable with earlier years,POL,2_4,2009
series_break,info,Break in time series - not comparable with earlier years,POL,2_4,2010
series_break,info,Break in time series - not comparable with earlier years,POL,2_4,2011
series_break,info,Break in time series - not comparable with earlier years,POL,2_4,2012
series_break,info,Break in time series - not comparable with earlier years,POL,2_4,2013
series_break,info,Break in time series - not comparable with earlier years,SVK,2_4,2004
series_break,info,Break in time series - not comparable with earlier years,SVK,2_4,2005
series_break,info,Break in time series - not comparable with earlier years,SVK,2_4,2006
series_break,info,Break in time series - not comparable with earlier years,SVK,2_4,2007
series_break,info,Break in time series - not comparable with earlier years,SVK,2_4,2008
series_break,info,Break in time series - not comparable with earlier years,SVK,2_4,2009
series_break,info,Break in time series - not comparable with earlier years,SVK,2_4,2010
series_break,info,Break in time series - not comparable with earlier years,SVK,2_4,2011
series_break,info,Break in time series - not comparable with earlier years,SVK,2_4,2012
series_break,info,Break in time series - not comparable with earlier years,SVK,2_4,2013
series_break,info,Break in time series - not comparable with earlier years,SVN,2_4,2004
series_break,info,Break in time series - not comparable with earlier years,SVN,2_4,2005
series_break,info,Break in time series - not comparable with earlier years,SVN,2_4,2006
series_break,info,Break in time series - not comparable with earlier years,SVN,2_4,2007
series_break,info,Break in time series - not comparable with earlier years,SVN,2_4,2008
series_break,info,Break in time series - not comparable with earlier years,SVN,2_4,2009
series_break,info,Break in time series - not comparable with earlier years,SVN,2_4,2010
series_break,info,Break in time series - not comparable with earlier years,SVN,2_4,2011
series_break,info,Break in time series - not comparable with earlier years,SVN,2_4,2012
series_break,info,Break in time series - not comparable with earlier years,SVN,2_4,2013
series_break,info,Break in time series - not comparable with earlier years,ESP,2_4,2004
series_break,info,Break in time series - not comparable with earlier years,ESP,2_4,2005
series_break,info,Break in time series - not comparable with earlier years,ESP,2_4,2006
series_break,info,Break in time series - not comparable with earlier years,SWE,2_4,2004
series_break,info,Break in time series - not comparable with earlier years,SWE,2_4,2005
series_break,info,Break in time series - not comparable with earlier years,SWE,2_4,2006
series_break,info,Break in time series - not comparable with earlier years,SWE,2_4,2007
series_break,info,Break in time series - not comparable with earlier years,SWE,2_4,2008
series_break,info,Break in time series - not comparable with earlier years,SWE,2_4,2009
series_break,info,Break in time series - not comparable with earlier years,SWE,2_4,2010
series_break,info,Break in time series - not comparable with earlier years,SWE,2_4,2011
series_break,info,Break in time series - not comparable with earlier years,SWE,2_4,2012
series_break,info,Break in time series - not comparable with earlier years,SWE,2_4,2013
series_break,info,Break in time series - not comparable with earlier years,CHE,2_4,2004
series_break,info,Break in time series - not comparable with earlier years,CHE,2_4,2005
series_break,info,Break in time series - not comparable with earlier years,CHE,2_4,2006
series_break,info,Break in time series - not comparable with earlier years,CHE,2_4,2007
series_break,info,Break in time series - not comparable with earlier years,CHE,2_4,2008
series_break,info,Break in time series - not comparable with earlier years,CHE,2_4,2009
series_break,info,Break in time series - not comparable with earlier years,TUR,2_4,2004
series_break,info,Break in time series - not comparable with earlier years,TUR,2_4,2005
series_break,info,Break in time series - not comparable with earlier years,TUR,2_4,2006
series_break,info,Break in time series - not comparable with earlier years,TUR,2_4,2007
series_break,info,Break in time series - not comparable with earlier years,TUR,2_4,2008
series_break,info,Break in time series - not comparable with earlier years,TUR,2_4,2009
series_break,info,Break in time series - not comparable with earlier years,TUR,2_4,2010
series_break,info,Break in time series - not comparable with earlier years,TUR,2_4,2011
series_break,info,Break in time series - not comparable with earlier years,TUR,2_4,2013
series_break,info,Break in time series - not comparable with earlier years,GBR,2_4,2004
series_break,info,Break in time series - not comparable with earlier years,GBR,2_4,2005
series_break,info,Break in time series - not comparable with earlier years,GBR,2_4,2006
series_break,info,Break in time series - not comparable with earlier years,GBR,2_4,2007
series_break,info,Break in time series - not comparable with earlier years,GBR,2_4,2008
series_break,info,Break in time series - not comparable with earlier years,GBR,2_4,2009
series_break,info,Break in time series - not comparable with earlier years,GBR,2_4,2010
series_break,info,Break in time series - not comparable with earlier years,GBR,2_4,2011
series_break,info,Break in time series - not comparable with earlier years,GBR,2_4,2012
series_break,info,Break in time series - not comparable with earlier years,GBR,2_4,2013
series_break,info,Break in time series - not comparable with earlier years,BRA,2_4,2007
series_break,info,Break in time series - not comparable with earlier years,BRA,2_4,2008
series_break,info,Break in time series - not comparable with earlier years,BRA,2_4,2009
series_break,info,Break in time series - not comparable with earlier years,BRA,2_4,2011
series_break,info,Break in time series - not comparable with earlier years,BRA,2_4,2012
series_break,info,Break in time series - not comparable with earlier years,BRA,2_4,2013
series_break,info,Break in time series - not comparable with earlier years,BRA,2_4,2014
series_break,info,Break in time series - not comparable with earlier years,ROU,2_4,2015
series_break,info,Break in time series - not comparable with earlier years,AUS,2_4,2004
series_break,info,Break in time series - not comparable with earlier years,AUS,2_4,2005
series_break,info,Break in time series - not comparable with earlier years,AUS,2_4,2006
series_break,info,Break in time series - not comparable with earlier years,AUS,2_4,2007
series_break,info,Break in time series - not comparable with earlier years,AUS,2_4,2008
series_break,info,Break in time series - not comparable with earlier years,AUS,2_4,2009
series_break,info,Break in time series - not comparable with earlier years,AUS,2_4,2010
series_break,info,Break in time series - not comparable with earlier years,AUS,2_4,2011
series_break,info,Break in time series - not comparable with earlier years,AUS,2_4,2012
series_break,info,Break in time series - not comparable with earlier years,AUS,2_4,2013
series_break,info,Break in time series - not comparable with earlier years,BEL,2_4,2004
series_break,info,Break in time series - not comparable with earlier years,BEL,2_4,2005
series_break,info,Break in time series - not comparable with earlier years,BEL,2_4,2006
series_break,info,Break in time series - not comparable with earlier years,BEL,2_4,2007
series_break,info,Break in time series - not comparable with earlier years,BEL,2_4,2008
series_break,info,Break in time series - not comparable with earlier years,BEL,2_4,2009
series_break,info,Break in time series - not comparable with earlier years,BEL,2_4,2010
series_break,info,Break in time series - not comparable with earlier years,BEL,2_4,2011
series_break,info,Break in time series - not comparable with earlier years,BEL,2_4,2012
series_break,info,Break in time series - not comparable with earlier years,BEL,2_4,2013
series_break,info,Break in time series - not comparable with earlier years,CHL,2_4,2009
series_break,info,Break in time series - not comparable with earlier years,CHL,2_4,2011
series_break,info,Break in time series - not comparable with earlier years,CZE,2_4,2004
series_break,info,Break in time series - not comparable with earlier years,CZE,2_4,2005
series_break,info,Break in time series - not comparable with earlier years,CZE,2_4,2006
series_break,info,Break in time series - not comparable with earlier years,CZE,2_4,2007
series_break,info,Break in time series - not comparable with earlier years,CZE,2_4,2008
series_break,info,Break in time series - not comparable with earlier years,CZE,2_4,2009
series_break,info,Break in time series - not comparable with earlier years,CZE,2_4,2010
series_break,info,Break in time series - not comparable with earlier years,CZE,2_4,2011
series_break,info,Break in time series - not comparable with earlier years,CZE,2_4,2012
series_break,info,Break in time series - not comparable with earlier years,CZE,2_4,2013
series_break,info,Break in time series - not comparable with earlier years,DNK,2_4,2004
series_break,info,Break in time series - not comparable with earlier years,DNK,2_4,2005
series_break,info,Break in time series - not comparable with earlier years,DNK,2_4,2006
series_break,info,Break in time series - not comparable with earlier years,DNK,2_4,2007
series_break,info,Break in time series - not comparable with earlier years,DNK,2_4,2008
series_break,info,Break in time series - not comparable with earlier years,DNK,2_4,2009
series_break,info,Break in time series - not comparable with earlier years,DNK,2_4,2010
series_break,info,Break in time series - not comparable with earlier years,DNK,2_4,2011
series_break,info,Break in time series - not comparable with earlier years,DNK,2_4,2012
series_break,info,Break in time series - not comparable with earlier years,DNK,2_4,2013
series_break,info,Break in time series - not comparable with earlier years,DEU,2_4,2004
series_break,info,Break in time series - not comparable with earlier years,DEU,2_4,2005
series_break,info,Break in time series - not comparable with earlier years,DEU,2_4,2006
series_break,info,Break in time series - not comparable with earlier years,DEU,2_4,2007
series_break,info,Break in time series - not comparable with earlier years,DEU,2_4,2008
series_break,info,Break in time series - not comparable with earlier years,DEU,2_4,2009
series_break,info,Break in time series - not comparable with earlier years,DEU,2_4,2010
series_break,info,Break in time series - not comparable with earlier years,DEU,2_4,2011
series_break,info,Break in time series - not comparable with earlier years,DEU,2_4,2012
series_break,info,Break in time series - not comparable with earlier years,DEU,2_4,2013
series_break,info,Break in time series - not comparable with earlier years,GRC,2_4,2004
series_break,info,Break in time series - not comparable with earlier years,GRC,2_4,2005
series_break,info,Break in time series - not comparable with earlier years,GRC,2_4,2006
series_break,info,Break in time series - not comparable with earlier years,GRC,2_4,2007
series_break,info,Break in time series - not comparable with earlier years,GRC,2_4,2008
series_break,info,Break in time series - not comparable with earlier years,GRC,2_4,2009
series_break,info,Break in time series - not comparable with earlier years,GRC,2_4,2010
series_break,info,Break in time series - not comparable with earlier years,GRC,2_4,2011
series_break,info,Break in time series - not comparable with earlier years,GRC,2_4,2012
series_break,info,Break in time series - not comparable with earlier years,GRC,2_4,2013
series_break,info,Break in time series - not comparable with earlier years,IRL,2_4,2004
series_break,info,Break in time series - not comparable with earlier years,IRL,2_4,2005
series_break,info,Break in time series - not comparable with earlier years,IRL,2_4,2006
series_break,info,Break in time series - not comparable with earlier years,IRL,2_4,2007
series_break,info,Break in time series - not comparable with earlier years,IRL,2_4,2008
series_break,info,Break in time series - not comparable with earlier years,IRL,2_4,2009
series_break,info,Break in time series - not comparable with earlier years,IRL,2_4,2010
series_break,info,Break in time series - not comparable with earlier years,IRL,2_4,2011
series_break,info,Break in time series - not comparable with earlier years,IRL,2_4,2012
series_break,info,Break in time series - not comparable with earlier years,IRL,2_4,2013
series_break,info,Break in time series - not comparable with earlier years,ISR,2_4,2004
series_break,info,Break in time series - not comparable with earlier years,ISR,2_4,2005
series_break,info,Break in time series - not comparable with earlier years,ISR,2_4,2006
series_break,info,Break in time series - not comparable with earlier years,ISR,2_4,2007
series_break,info,Break in time series - not comparable with earlier years,ISR,2_4,2008
series_break,info,Break in time series - not comparable with earlier years,ISR,2_4,2009
series_break,info,Break in time series - not comparable with earlier years,ISR,2_4,2010
series_break,info,Break in time series - not comparable with earlier years,ISR,2_4,2011
series_break,info,Break in time series - not comparable with earlier years,ISR,2_4,2012
series_break,info,Break in time series - not comparable with earlier years,ISR,2_4,2013
series_break,info,Break in time series - not comparable with earlier years,ITA,2_4,2004
series_break,info,Break in time series - not comparable with earlier years,ITA,2_4,2005
series_break,info,Break in time series - not comparable with earlier years,ITA,2_4,2006
series_break,info,Break in time series - not comparable with earlier years,ITA,2_4,2007
series_break,info,Break in time series - not comparable with earlier years,ITA,2_4,2008
series_break,info,Break in time series - not comparable with earlier years,ITA,2_4,2009
series_break,info,Break in time series - not comparable with earlier years,ITA,2_4,2010
series_break,info,Break in time series - not comparable with earlier years,ITA,2_4,2011
series_break,info,Break in time series - not comparable with earlier years,ITA,2_4,2012
series_break,info,Break in time series - not comparable with earlier years,ITA,2_4,2013
series_break,info,Break in time series - not comparable with earlier years,JPN,2_4,2005
series_break,info,Break in time series - not comparable with earlier years,JPN,2_4,2006
series_break,info,Break in time series - not comparable with earlier years,JPN,2_4,2007
series_break,info,Break in time series - not comparable with earlier years,JPN,2_4,2008
series_break,info,Break in time series - not comparable with earlier years,JPN,2_4,2009
series_break,info,Break in time series - not comparable with earlier years,JPN,2_4,2010
series_break,info,Break in time series - not comparable with earlier years,JPN,2_4,2011
series_break,info,Break in time series - not comparable with earlier years,JPN,2_4,2012
series_break,info,Break in time series - not comparable with earlier years,JPN,2_4,2013
series_break,info,Break in time series - not comparable with earlier years,LTU,2_4,2005
series_break,info,Break in time series - not comparable with earlier years,LTU,2_4,2010
series_break,info,Break in time series - not comparable with earlier years,LUX,2_4,2004
series_break,info,Break in time series - not comparable with earlier years,LUX,2_4,2005
series_break,info,Break in time series - not comparable with earlier years,LUX,2_4,2006
series_break,info,Break in time series - not comparable with earlier years,LUX,2_4,2007
series_break,info,Break in time series - not comparable with earlier years,LUX,2_4,2008
series_break,info,Break in time series - not comparable with earlier years,LUX,2_4,2009
series_break,info,Break in time series - not comparable with earlier years,LUX,2_4,2010
series_break,info,Break in time series - not comparable with earlier years,LUX,2_4,2011
series_break,info,Break in time series - not comparable with earlier years,LUX,2_4,2012
series_break,info,Break in time series - not comparable with earlier years,LUX,2_4,2013
series_break,info,Break in time series - not comparable with earlier years,MEX,2_4,2004
series_break,info,Break in time series - not comparable with earlier years,NLD,2_4,2004
series_break,info,Break in time series - not comparable with earlier years,NLD,2_4,2005
series_break,info,Break in time series - not comparable with earlier years,NLD,2_4,2006
series_break,info,Break in time series - not comparable with earlier years,NLD,2_4,2007
series_break,info,Break in time series - not comparable with earlier years,NLD,2_4,2008
series_break,info,Break in time series - not comparable with earlier years,NLD,2_4,2009
series_break,info,Break in time series - not comparable with earlier years,NLD,2_4,2010
series_break,info,Break in time series - not comparable with earlier years,NLD,2_4,2011
series_break,info,Break in time series - not comparable with earlier years,NLD,2_4,2012
series_break,info,Break in time series - not comparable with earlier years,NLD,2_4,2013
series_break,info,Break in time series - not comparable with earlier years,POL,2_4,2004
series_break,info,Break in time series - not comparable with earlier years,POL,2_4,2005
series_break,info,Break in time series - not comparable with earlier years,POL,2_4,2006
series_break,info,Break in time series - not comparable with earlier years,POL,2_4,2007
series_break,info,Break in time series - not comparable with earlier years,POL,2_4,2008
series_break,info,Break in time series - not comparable with earlier years,POL,2_4,2009
series_break,info,Break in time series - not comparable with earlier years,POL,2_4,2010
series_break,info,Break in time series - not comparable with earlier years,POL,2_4,2011
series_break,info,Break in time series - not comparable with earlier years,POL,2_4,2012
series_break,info,Break in time series - not comparable with earlier years,POL,2_4,2013
series_break,info,Break in time series - not comparable with earlier years,SVK,2_4,2004
series_break,info,Break in time series - not comparable with earlier years,SVK,2_4,2005
series_break,info,Break in time series - not comparable with earlier years,SVK,2_4,2006
series_break,info,Break in time series - not comparable with earlier years,SVK,2_4,2007
series_break,info,Break in time series - not comparable with earlier years,SVK,2_4,2008
series_break,info,Break in time series - not comparable with earlier years,SVK,2_4,2009
series_break,info,Break in time series - not comparable with earlier years,SVK,2_4,2010
series_break,info,Break in time series - not comparable with earlier years,SVK,2_4,2011
series_break,info,Break in time series - not comparable with earlier years,SVK,2_4,2012
series_break,info,Break in time series - not comparable with earlier years,SVK,2_4,2013
series_break,info,Break in time series - not comparable with earlier years,SVN,2_4,2004
series_break,info,Break in time series - not comparable with earlier years,SVN,2_4,2005
series_break,info,Break in time series - not comparable with earlier years,SVN,2_4,2006
series_break,info,Break in time series - not comparable with earlier years,SVN,2_4,2007
series_break,info,Break in time series - not comparable with earlier years,SVN,2_4,2008
series_break,info,Break in time series - not comparable with earlier years,SVN,2_4,2009
series_break,info,Break in time series - not comparable with earlier years,SVN,2_4,2010
series_break,info,Break in time series - not comparable with earlier years,SVN,2_4,2011
series_break,info,Break in time series - not comparable with earlier years,SVN,2_4,2012
series_break,info,Break in time series - not comparable with earlier years,SVN,2_4,2013
series_break,info,Break in time series - not comparable with earlier years,ESP,2_4,2004
series_break,info,Break in time series - not comparable with earlier years,ESP,2_4,2005
series_break,info,Break in time series - not comparable with earlier years,ESP,2_4,2006
series_break,info,Break in time series - not comparable with earlier years,SWE,2_4,2004
series_break,info,Break in time series - not comparable with earlier years,SWE,2_4,2005
series_break,info,Break in time series - not comparable with earlier years,SWE,2_4,2006
series_break,info,Break in time series - not comparable with earlier years,SWE,2_4,2007
series_break,info,Break in time series - not comparable with earlier years,SWE,2_4,2008
series_break,info,Break in time series - not comparable with earlier years,SWE,2_4,2009
series_break,info,Break in time series - not comparable with earlier years,SWE,2_4,2010
series_break,info,Break in time series - not comparable with earlier years,SWE,2_4,2011
series_break,info,Break in time series - not comparable with earlier years,SWE,2_4,2012
series_break,info,Break in time series - not comparable with earlier years,SWE,2_4,2013
series_break,info,Break in time series - not comparable with earlier years,CHE,2_4,2004
series_break,info,Break in time series - not comparable with earlier years,CHE,2_4,2005
series_break,info,Break in time series - not comparable with earlier years,CHE,2_4,2006
series_break,info,Break in time series - not comparable with earlier years,CHE,2_4,2007
series_break,info,Break in time series - not comparable with earlier years,CHE,2_4,2008
series_break,info,Break in time series - not comparable with earlier years,CHE,2_4,2009
series_break,info,Break in time series - not comparable with earlier years,TUR,2_4,2004
series_break,info,Break in time series - not comparable with earlier years,TUR,2_4,2005
series_break,info,Break in time series - not comparable with earlier years,TUR,2_4,2006
series_break,info,Break in time series - not comparable with earlier years,TUR,2_4,2007
series_break,info,Break in time series - not comparable with earlier years,TUR,2_4,2008
series_break,info,Break in time series - not comparable with earlier years,TUR,2_4,2009
series_break,info,Break in time series - not comparable with earlier years,TUR,2_4,2010
series_break,info,Break in time series - not comparable with earlier years,TUR,2_4,2011
series_break,info,Break in time series - not comparable with earlier years,TUR,2_4,2013
series_break,info,Break in time series - not comparable with earlier years,GBR,2_4,2004
series_break,info,Break in time series - not comparable with earlier years,GBR,2_4,2005
series_break,info,Break in time series - not comparable with earlier years,GBR,2_4,2006
series_break,info,Break in time series - not comparable with earlier years,GBR,2_4,2007
series_break,info,Break in time series - not comparable with earlier years,GBR,2_4,2008
series_break,info,Break in time series - not comparable with earlier years,GBR,2_4,2009
series_break,info,Break in time series - not comparable with earlier years,GBR,2_4,2010
series_break,info,Break in time series - not comparable with earlier years,GBR,2_4,2011
series_break,info,Break in time series - not comparable with earlier years,GBR,2_4,2012
series_break,info,Break in time series - not comparable with earlier years,GBR,2_4,2013
series_break,info,Break in time series - not comparable with earlier years,BRA,2_4,2007
series_break,info,Break in time series - not comparable with earlier years,BRA,2_4,2008
series_break,info,Break in time series - not comparable with earlier years,BRA,2_4,2009
series_break,info,Break in time series - not comparable with earlier years,BRA,2_4,2011
series_break,info,Break in time series - not comparable with earlier years,BRA,2_4,2012
series_break,info,Break in time series - not comparable with earlier years,BRA,2_4,2013
series_break,info,Break in time series - not comparable with earlier years,BRA,2_4,2014
series_break,info,Break in time series - not comparable with earlier years,ROU,2_4,2015
series_break,info,Break in time series - not comparable with earlier years,IDN,2_3,2004
series_break,info,Break in time series - not comparable with earlier years,IDN,2_3,2004
series_break,info,Break in time series - not comparable with earlier years,IDN,2_3,2004
series_break,info,Break in time series - not comparable with earlier years,IDN,2_3,2005
series_break,info,Break in time series - not comparable with earlier years,IDN,2_3,2005
series_break,info,Break in time series - not comparable with earlier years,IDN,2_3,2005
series_break,info,Break in time series - not comparable with earlier years,IDN,2_3,2006
series_break,info,Break in time series - not comparable with earlier years,IDN,2_3,2006
series_break,info,Break in time series - not comparable with earlier years,IDN,2_3,2006
series_break,info,Break in time series - not comparable with earlier years,IDN,2_3,2007
series_break,info,Break in time series - not comparable with earlier years,IDN,2_3,2007
series_break,info,Break in time series - not comparable with earlier years,IDN,2_3,2007
series_break,info,Break in time series - not comparable with earlier years,IDN,2_3,2008
series_break,info,Break in time series - not comparable with earlier years,IDN,2_3,2008
series_break,info,Break in time series - not comparable with earlier years,IDN,2_3,2008
series_break,info,Break in time series - not comparable with earlier years,IDN,2_3,2009
series_break,info,Break in time series - not comparable with earlier years,IDN,2_3,2009
series_break,info,Break in time series - not comparable with earlier years,IDN,2_3,2009
series_break,info,Break in time series - not comparable with earlier years,IDN,2_3,2010
series_break,info,Break in time series - not comparable with earlier years,IDN,2_3,2010
series_break,info,Break in time series - not comparable with earlier years,IDN,2_3,2010
series_break,info,Break in time series - not comparable with earlier years,SWE,2_9,2018
series_break,info,Break in time series - not comparable with earlier years,SWE,2_9,2018
series_break,info,Break in time series - not comparable with earlier years,SWE,2_9,2018
series_break,info,Break in time series - not comparable with earlier years,SWE,2_9,2018
series_break,info,Break in time series - not comparable with earlier years,SWE,2_9,2018
series_break,info,Break in time series - not comparable with earlier years,SWE,2_9,2018
series_break,info,Break in time series - not comparable with earlier years,SWE,2_9,2018
series_break,info,Break in time series - not comparable with earlier years,SWE,2_9,2018
series_break,info,Break in time series - not comparable with earlier years,SWE,2_9,2018
series_break,info,Break in time series - not comparable with earlier years,AUT,4_1,2008
series_break,info,Break in time series - not comparable with earlier years,AUT,4_1,2008
series_break,info,Break in time series - not comparable with earlier years,AUT,4_1,2008
series_break,info,Break in time series - not comparable with earlier years,AUT,7_2,2009
series_break,info,Break in time series - not comparable with earlier years,AUT,7_2,2009
series_break,info,Break in time series - not comparable with earlier years,AUT,7_2,2009
series_break,info,Break in time series - not comparable with earlier years,CAN,11_1,2023
series_break,info,Break in time series - not comparable with earlier years,CAN,11_1,2023
series_break,info,Break in time series - not comparable with earlier years,CAN,11_1,2023
series_break,info,Break in time series - not comparable with earlier years,DEU,11_1,2021
series_break,info,Break in time series - not comparable with earlier years,DEU,11_1,2021
series_break,info,Break in time series - not comparable with earlier years,DEU,11_1,2021
series_break,info,Break in time series - not comparable with earlier years,SWE,4_4,2018
series_break,info,Break in time series - not comparable with earlier years,SWE,4_4,2018
series_break,info,Break in time series - not comparable with earlier years,SWE,4_4,2018
series_break,info,Break in time series - not comparable with earlier years,SWE,7_3,2018
series_break,info,Break in time series - not comparable with earlier years,SWE,7_3,2018
series_break,info,Break in time series - not comparable with earlier years,SWE,7_3,2018
series_break,info,Break in time series - not comparable with earlier years,SWE,11_1,2018
series_break,info,Break in time series - not comparable with earlier years,SWE,11_1,2018
series_break,info,Break in time series - not comparable with earlier years,SWE,11_1,2018
series_break,info,Break in time series - not comparable with earlier years,AUT,4_1,2009
series_break,info,Break in time series - not comparable with earlier years,AUT,4_1,2009
series_break,info,Break in time series - not comparable with earlier years,AUT,4_2,2009
series_break,info,Break in time series - not comparable with earlier years,AUT,4_2,2009
series_break,info,Break in time series - not comparable with earlier years,AUT,7_2,2009
series_break,info,Break in time series - not comparable with earlier years,AUT,7_2,2009
series_break,info,Break in time series - not comparable with earlier years,CAN,11_1,2023
series_break,info,Break in time series - not comparable with earlier years,CAN,11_1,2023
series_break,info,Break in time series - not comparable with earlier years,DEU,11_1,2021
series_break,info,Break in time series - not comparable with earlier years,DEU,11_1,2021
series_break,info,Break in time series - not comparable with earlier years,ISR,5_1,2009
series_break,info,Break in time series - not comparable with earlier years,ISR,5_1,2009
series_break,info,Break in time series - not comparable with earlier years,ISR,5_1,2023
series_break,info,Break in time series - not comparable with earlier years,ISR,5_1,2023
series_break,info,Break in time series - not comparable with earlier years,LUX,11_1,2025
series_break,info,Break in time series - not comparable with earlier years,LUX,11_1,2025
series_break,info,Break in time series - not comparable with earlier years,SWE,4_4,2018
series_break,info,Break in time series - not comparable with earlier years,SWE,4_4,2018
series_break,info,Break in time series - not comparable with earlier years,SWE,7_3,2018
series_break,info,Break in time series - not comparable with earlier years,SWE,7_3,2018
series_break,info,Break in time series - not comparable with earlier years,SWE,11_1,2018
series_break,info,Break in time series - not comparable with earlier years,SWE,11_1,2018
series_break,info,Break in time series - not comparable with earlier years,TUR,5_1,2013
series_break,info,Break in time series - not comparable with earlier years,TUR,5_1,2013
series_break,info,Break in time series - not comparable with earlier years,CAN,11_1,2023
series_break,info,Break in time series - not comparable with earlier years,CAN,11_1,2023
series_break,info,Break in time series - not comparable with earlier years,CAN,11_1,2023
series_break,info,Break in time series - not comparable with earlier years,DEU,11_1,2021
series_break,info,Break in time series - not comparable with earlier years,DEU,11_1,2021
series_break,info,Break in time series - not comparable with earlier years,DEU,11_1,2021
series_break,info,Break in time series - not comparable with earlier years,LUX,11_1,2025
series_break,info,Break in time series - not comparable with earlier years,LUX,11_1,2025
series_break,info,Break in time series - not comparable with earlier years,LUX,11_1,2025
series_break,info,Break in time series - not comparable with earlier years,SWE,4_4,2018
series_break,info,Break in time series - not comparable with earlier years,SWE,4_4,2018
series_break,info,Break in time series - not comparable with earlier years,SWE,4_4,2018
series_break,info,Break in time series - not comparable with earlier years,SWE,7_3,2018
series_break,info,Break in time series - not comparable with earlier years,SWE,7_3,2018
series_break,info,Break in time series - not comparable with earlier years,SWE,7_3,2018
series_break,info,Break in time series - not comparable with earlier years,SWE,11_1,2018
series_break,info,Break in time series - not comparable with earlier years,SWE,11_1,2018
series_break,info,Break in time series - not comparable with earlier years,SWE,11_1,2018
series_break,info,Break in time series - not comparable with earlier years,AUT,4_3,2008
series_break,info,Break in time series - not comparable with earlier years,AUT,4_1,2009
series_break,info,Break in time series - not comparable with earlier years,AUT,4_2,2009
series_break,info,Break in time series - not comparable with earlier years,AUT,7_2,2009
series_break,info,Break in time series - not comparable with earlier years,AUT,10_3,2012
series_break,info,Break in time series - not comparable with earlier years,BEL,1_5,2019
series_break,info,Break in time series - not comparable with earlier years,CAN,4_3,2015
series_break,info,Break in time series - not comparable with earlier years,CAN,5_2,2015
series_break,info,Break in time series - not comparable with earlier years,CAN,5_2_DEP,2015
series_break,info,Break in time series - not comparable with earlier years,CAN,11_1,2015
series_break,info,Break in time series - not comparable with earlier years,CAN,11_1_VER,2015
series_break,info,Break in time series - not comparable with earlier years,CAN,5_2,2023
series_break,info,Break in time series - not comparable with earlier years,CAN,5_2_DEP,2023
series_break,info,Break in time series - not comparable with earlier years,CAN,11_1,2023
series_break,info,Break in time series - not comparable with earlier years,CAN,11_1_DEP,2023
series_break,info,Break in time series - not comparable with earlier years,CAN,11_1_VER,2023
series_break,info,Break in time series - not comparable with earlier years,CHL,5_2,2009
series_break,info,Break in time series - not comparable with earlier years,CHL,5_2_DEP,2009
series_break,info,Break in time series - not comparable with earlier years,CHL,5_2,2013
series_break,info,Break in time series - not comparable with earlier years,CHL,5_2_DEP,2013
series_break,info,Break in time series - not comparable with earlier years,CHL,5_2,2021
series_break,info,Break in time series - not comparable with earlier years,CHL,5_2_DEP,2021
series_break,info,Break in time series - not comparable with earlier years,CHL,5_2,2024
series_break,info,Break in time series - not comparable with earlier years,CHL,5_2_DEP,2024
series_break,info,Break in time series - not comparable with earlier years,DNK,1_6,2019
series_break,info,Break in time series - not comparable with earlier years,DNK,1_3_VER,2022
series_break,info,Break in time series - not comparable with earlier years,DNK,1_6,2022
series_break,info,Break in time series - not comparable with earlier years,EST,1_5,2014
series_break,info,Break in time series - not comparable with earlier years,FRA,1_5,2020
series_break,info,Break in time series - not comparable with earlier years,FRA,1_5,2022
series_break,info,Break in time series - not comparable with earlier years,DEU,1_5,2020
series_break,info,Break in time series - not comparable with earlier years,DEU,11_1,2021
series_break,info,Break in time series - not comparable with earlier years,DEU,11_1_DEP,2021
series_break,info,Break in time series - not comparable with earlier years,DEU,11_1_VER,2021
series_break,info,Break in time series - not comparable with earlier years,HUN,1_5,2019
series_break,info,Break in time series - not comparable with earlier years,IRL,1_5,2019
series_break,info,Break in time series - not comparable with earlier years,IRL,1_5,2020
series_break,info,Break in time series - not comparable with earlier years,ISR,5_1,2009
series_break,info,Break in time series - not comparable with earlier years,ISR,10_3,2013
series_break,info,Break in time series - not comparable with earlier years,ISR,5_2,2017
series_break,info,Break in time series - not comparable with earlier years,ISR,5_2_DEP,2017
series_break,info,Break in time series - not comparable with earlier years,ISR,5_2,2018
series_break,info,Break in time series - not comparable with earlier years,ISR,5_2_DEP,2018
series_break,info,Break in time series - not comparable with earlier years,ISR,5_2,2021
series_break,info,Break in time series - not comparable with earlier years,ISR,5_2_DEP,2021
series_break,info,Break in time series - not comparable with earlier years,ISR,5_2,2022
series_break,info,Break in time series - not comparable with earlier years,ISR,5_2_DEP,2022
series_break,info,Break in time series - not comparable with earlier years,ISR,5_1,2023
series_break,info,Break in time series - not comparable with earlier years,ISR,5_2,2023
series_break,info,Break in time series - not comparable with earlier years,ISR,5_2_DEP,2023
series_break,info,Break in time series - not comparable with earlier years,ITA,5_2,2004
series_break,info,Break in time series - not comparable with earlier years,ITA,5_2_DEP,2004
series_break,info,Break in time series - not comparable with earlier years,ITA,1_3_VER,2020
series_break,info,Break in time series - not comparable with earlier years,ITA,1_6,2020
series_break,info,Break in time series - not comparable with earlier years,JPN,1_3_VER,2019
series_break,info,Break in time series - not comparable with earlier years,JPN,1_6,2019
series_break,info,Break in time series - not comparable with earlier years,LUX,1_5,2016
series_break,info,Break in time series - not comparable with earlier years,LUX,1_5,2020
series_break,info,Break in time series - not comparable with earlier years,LUX,1_5,2021
series_break,info,Break in time series - not comparable with earlier years,LUX,1_5,2022
series_break,info,Break in time series - not comparable with earlier years,LUX,1_5,2025
series_break,info,Break in time series - not comparable with earlier years,LUX,11_1,2025
series_break,info,Break in time series - not comparable with earlier years,MEX,10_3,2010
series_break,info,Break in time series - not comparable with earlier years,NLD,1_5,2016
series_break,info,Break in time series - not comparable with earlier years,NOR,1_5,2021
series_break,info,Break in time series - not comparable with earlier years,POL,1_5,2010
series_break,info,Break in time series - not comparable with earlier years,PRT,10_3,2018
series_break,info,Break in time series - not comparable with earlier years,PRT,1_5,2021
series_break,info,Break in time series - not comparable with earlier years,SWE,1_5,2008
series_break,info,Break in time series - not comparable with earlier years,SWE,10_3,2010
series_break,info,Break in time series - not comparable with earlier years,SWE,4_4,2018
series_break,info,Break in time series - not comparable with earlier years,SWE,4_4_DEP,2018
series_break,info,Break in time series - not comparable with earlier years,SWE,4_4_VER,2018
series_break,info,Break in time series - not comparable with earlier years,SWE,7_3,2018
series_break,info,Break in time series - not comparable with earlier years,SWE,7_3_DEP,2018
series_break,info,Break in time series - not comparable with earlier years,SWE,7_3_VER,2018
series_break,info,Break in time series - not comparable with earlier years,SWE,7_4,2018
series_break,info,Break in time series - not comparable with earlier years,SWE,11_1,2018
series_break,info,Break in time series - not comparable with earlier years,SWE,11_1_DEP,2018
series_break,info,Break in time series - not comparable with earlier years,SWE,11_1_VER,2018
series_break,info,Break in time series - not comparable with earlier years,TUR,5_2,2006
series_break,info,Break in time series - not comparable with earlier years,TUR,5_1,2013
series_break,info,Break in time series - not comparable with earlier years,TUR,10_3,2015
series_break,info,Break in time series - not comparable with earlier years,GBR,5_2,2005
series_break,info,Break in time series - not comparable with earlier years,GBR,1_5,2017
series_break,info,Break in time series - not comparable with earlier years,GBR,5_2,2019
series_break,info,Break in time series - not comparable with earlier years,GBR,5_2_DEP,2019
series_break,info,Break in time series - not comparable with earlier years,GBR,5_2,2020
series_break,info,Break in time series - not comparable with earlier years,GBR,5_2_DEP,2020
series_break,info,Break in time series - not comparable with earlier years,USA,5_2,2019
series_break,info,Break in time series - not comparable with earlier years,USA,5_2_DEP,2019
series_break,info,Break in time series - not comparable with earlier years,BGR,1_5,2014
series_break,info,Break in time series - not comparable with earlier years,BGR,1_5,2016
series_break,info,Break in time series - not comparable with earlier years,AUT,3_5,2008
series_break,info,Break in time series - not comparable with earlier years,BEL,3_2,2009
series_break,info,Break in time series - not comparable with earlier years,BEL,3_1,2015
series_break,info,Break in time series - not comparable with earlier years,BEL,3_1,2018
series_break,info,Break in time series - not comparable with earlier years,BEL,3_5,2019
series_break,info,Break in time series - not comparable with earlier years,CAN,3_3,2011
series_break,info,Break in time series - not comparable with earlier years,CAN,3_4,2018
series_break,info,Break in time series - not comparable with earlier years,CAN,3_4,2019
series_break,info,Break in time series - not comparable with earlier years,CAN,3_4,2020
series_break,info,Break in time series - not comparable with earlier years,CHL,3_4,2014
series_break,info,Break in time series - not comparable with earlier years,CHL,3_3,2015
series_break,info,Break in time series - not comparable with earlier years,CZE,3_4,2020
series_break,info,Break in time series - not comparable with earlier years,DNK,3_3,2019
series_break,info,Break in time series - not comparable with earlier years,EST,3_1,2013
series_break,info,Break in time series - not comparable with earlier years,EST,3_3,2013
series_break,info,Break in time series - not comparable with earlier years,EST,3_4,2014
series_break,info,Break in time series - not comparable with earlier years,EST,3_5,2014
series_break,info,Break in time series - not comparable with earlier years,FRA,3_1,2019
series_break,info,Break in time series - not comparable with earlier years,FRA,3_3,2019
series_break,info,Break in time series - not comparable with earlier years,FRA,3_5,2020
series_break,info,Break in time series - not comparable with earlier years,FRA,3_1,2021
series_break,info,Break in time series - not comparable with earlier years,FRA,3_5,2022
series_break,info,Break in time series - not comparable with earlier years,DEU,3_3,2014
series_break,info,Break in time series - not comparable with earlier years,DEU,3_3,2019
series_break,info,Break in time series - not comparable with earlier years,DEU,3_5,2020
series_break,info,Break in time series - not comparable with earlier years,DEU,3_4,2021
series_break,info,Break in time series - not comparable with earlier years,HUN,3_1,2017
series_break,info,Break in time series - not comparable with earlier years,HUN,3_5,2019
series_break,info,Break in time series - not comparable with earlier years,ISL,3_5,2008
series_break,info,Break in time series - not comparable with earlier years,IRL,3_3,2012
series_break,info,Break in time series - not comparable with earlier years,IRL,3_1,2019
series_break,info,Break in time series - not comparable with earlier years,IRL,3_3,2019
series_break,info,Break in time series - not comparable with earlier years,IRL,3_5,2019
series_break,info,Break in time series - not comparable with earlier years,IRL,3_5,2020
series_break,info,Break in time series - not comparable with earlier years,IRL,3_4,2021
series_break,info,Break in time series - not comparable with earlier years,JPN,3_4,2011
series_break,info,Break in time series - not comparable with earlier years,LVA,3_4,2016
series_break,info,Break in time series - not comparable with earlier years,LTU,3_1,2010
series_break,info,Break in time series - not comparable with earlier years,LTU,3_1,2012
series_break,info,Break in time series - not comparable with earlier years,LTU,3_5,2023
series_break,info,Break in time series - not comparable with earlier years,LUX,3_1,2015
series_break,info,Break in time series - not comparable with earlier years,LUX,3_3,2015
series_break,info,Break in time series - not comparable with earlier years,LUX,3_5,2016
series_break,info,Break in time series - not comparable with earlier years,LUX,3_4,2018
series_break,info,Break in time series - not comparable with earlier years,LUX,3_1,2019
series_break,info,Break in time series - not comparable with earlier years,LUX,3_3,2019
series_break,info,Break in time series - not comparable with earlier years,LUX,3_1,2020
series_break,info,Break in time series - not comparable with earlier years,LUX,3_3,2020
series_break,info,Break in time series - not comparable with earlier years,LUX,3_5,2020
series_break,info,Break in time series - not comparable with earlier years,LUX,3_1,2021
series_break,info,Break in time series - not comparable with earlier years,LUX,3_3,2021
series_break,info,Break in time series - not comparable with earlier years,LUX,3_5,2021
series_break,info,Break in time series - not comparable with earlier years,LUX,3_5,2022
series_break,info,Break in time series - not comparable with earlier years,MEX,3_4,2015
series_break,info,Break in time series - not comparable with earlier years,MEX,3_4,2017
series_break,info,Break in time series - not comparable with earlier years,NLD,3_1,2015
series_break,info,Break in time series - not comparable with earlier years,NLD,3_3,2015
series_break,info,Break in time series - not comparable with earlier years,NLD,3_5,2016
series_break,info,Break in time series - not comparable with earlier years,NLD,3_3,2020
series_break,info,Break in time series - not comparable with earlier years,NZL,3_1,2013
series_break,info,Break in time series - not comparable with earlier years,NZL,3_1,2018
series_break,info,Break in time series - not comparable with earlier years,NOR,3_1,2017
series_break,info,Break in time series - not comparable with earlier years,NOR,3_3,2019
series_break,info,Break in time series - not comparable with earlier years,NOR,3_5,2021
series_break,info,Break in time series - not comparable with earlier years,POL,3_5,2008
series_break,info,Break in time series - not comparable with earlier years,POL,3_1,2019
series_break,info,Break in time series - not comparable with earlier years,PRT,3_5,2021
series_break,info,Break in time series - not comparable with earlier years,SVN,3_1,2010
series_break,info,Break in time series - not comparable with earlier years,ESP,3_5,2009
series_break,info,Break in time series - not comparable with earlier years,ESP,3_1,2010
series_break,info,Break in time series - not comparable with earlier years,SWE,3_5,2008
series_break,info,Break in time series - not comparable with earlier years,SWE,3_3,2011
series_break,info,Break in time series - not comparable with earlier years,SWE,3_4,2016
series_break,info,Break in time series - not comparable with earlier years,SWE,3_4,2019
series_break,info,Break in time series - not comparable with earlier years,CHE,3_3,2011
series_break,info,Break in time series - not comparable with earlier years,CHE,3_5,2014
series_break,info,Break in time series - not comparable with earlier years,CHE,3_4,2017
series_break,info,Break in time series - not comparable with earlier years,GBR,3_5,2012
series_break,info,Break in time series - not comparable with earlier years,GBR,3_5,2017
series_break,info,Break in time series - not comparable with earlier years,USA,3_4,2017
series_break,info,Break in time series - not comparable with earlier years,USA,3_1,2019
series_break,info,Break in time series - not comparable with earlier years,USA,3_3,2019
series_break,info,Break in time series - not comparable with earlier years,BRA,3_4,2011
series_break,info,Break in time series - not comparable with earlier years,BGR,3_5,2014
series_break,info,Break in time series - not comparable with earlier years,BGR,3_1,2015
series_break,info,Break in time series - not comparable with earlier years,BGR,3_5,2016
series_break,info,Break in time series - not comparable with earlier years,ROU,3_4,2014
series_break,info,Break in time series - not comparable with earlier years,DEU,11_1_DEP,2021
series_break,info,Break in time series - not comparable with earlier years,DEU,11_1_DEP,2021
series_break,info,Break in time series - not comparable with earlier years,DEU,11_1_DEP,2021
series_break,info,Break in time series - not comparable with earlier years,DEU,11_1_DEP,2021
series_break,info,Break in time series - not comparable with earlier years,DEU,11_1_DEP,2021
series_break,info,Break in time series - not comparable with earlier years,DEU,11_1_DEP,2021
series_break,info,Break in time series - not comparable with earlier years,DEU,11_1_DEP,2021
series_break,info,Break in time series - not comparable with earlier years,DEU,11_1_DEP,2021
series_break,info,Break in time series - not comparable with earlier years,SWE,4_4_DEP,2018
series_break,info,Break in time series - not comparable with earlier years,SWE,4_4_DEP,2018
series_break,info,Break in time series - not comparable with earlier years,SWE,4_4_DEP,2018
series_break,info,Break in time series - not comparable with earlier years,SWE,4_4_DEP,2018
series_break,info,Break in time series - not comparable with earlier years,SWE,4_4_DEP,2018
series_break,info,Break in time series - not comparable with earlier years,SWE,4_4_DEP,2018
series_break,info,Break in time series - not comparable with earlier years,SWE,4_4_DEP,2018
series_break,info,Break in time series - not comparable with earlier years,SWE,4_4_DEP,2018
series_break,info,Break in time series - not comparable with earlier years,SWE,7_3_DEP,2018
series_break,info,Break in time series - not comparable with earlier years,SWE,7_3_DEP,2018
series_break,info,Break in time series - not comparable with earlier years,SWE,7_3_DEP,2018
series_break,info,Break in time series - not comparable with earlier years,SWE,7_3_DEP,2018
series_break,info,Break in time series - not comparable with earlier years,SWE,7_3_DEP,2018
series_break,info,Break in time series - not comparable with earlier years,SWE,7_3_DEP,2018
series_break,info,Break in time series - not comparable with earlier years,SWE,7_3_DEP,2018
series_break,info,Break in time series - not comparable with earlier years,SWE,7_3_DEP,2018
series_break,info,Break in time series - not comparable with earlier years,SWE,7_4,2018
series_break,info,Break in time series - not comparable with earlier years,SWE,7_4,2018
series_break,info,Break in time series - not comparable with earlier years,SWE,7_4,2018
series_break,info,Break in time series - not comparable with earlier years,SWE,7_4,2018
series_break,info,Break in time series - not comparable with earlier years,SWE,7_4,2018
series_break,info,Break in time series - not comparable with earlier years,SWE,7_4,2018
series_break,info,Break in time series - not comparable with earlier years,SWE,7_4,2018
series_break,info,Break in time series - not comparable with earlier years,SWE,7_4,2018
series_break,info,Break in time series - not comparable with earlier years,SWE,11_1_DEP,2018
series_break,info,Break in time series - not comparable with earlier years,SWE,11_1_DEP,2018
series_break,info,Break in time series - not comparable with earlier years,SWE,11_1_DEP,2018
series_break,info,Break in time series - not comparable with earlier years,SWE,11_1_DEP,2018
series_break,info,Break in time series - not comparable with earlier years,SWE,11_1_DEP,2018
series_break,info,Break in time series - not comparable with earlier years,SWE,11_1_DEP,2018
series_break,info,Break in time series - not comparable with earlier years,SWE,11_1_DEP,2018
series_break,info,Break in time series - not comparable with earlier years,SWE,11_1_DEP,2018
series_break,info,Break in time series - not comparable with earlier years,CAN,5_2_DEP,2015
series_break,info,Break in time series - not comparable with earlier years,CAN,5_2_DEP,2015
series_break,info,Break in time series - not comparable with earlier years,CAN,5_2_DEP,2023
series_break,info,Break in time series - not comparable with earlier years,CAN,5_2_DEP,2023
series_break,info,Break in time series - not comparable with earlier years,CHL,5_2_DEP,2009
series_break,info,Break in time series - not comparable with earlier years,CHL,5_2_DEP,2009
series_break,info,Break in time series - not comparable with earlier years,CHL,5_2_DEP,2013
series_break,info,Break in time series - not comparable with earlier years,CHL,5_2_DEP,2013
series_break,info,Break in time series - not comparable with earlier years,CHL,5_2_DEP,2021
series_break,info,Break in time series - not comparable with earlier years,CHL,5_2_DEP,2021
series_break,info,Break in time series - not comparable with earlier years,CHL,5_2_DEP,2024
series_break,info,Break in time series - not comparable with earlier years,CHL,5_2_DEP,2024
series_break,info,Break in time series - not comparable with earlier years,ISR,5_2_DEP,2017
series_break,info,Break in time series - not comparable with earlier years,ISR,5_2_DEP,2017
series_break,info,Break in time series - not comparable with earlier years,ISR,5_2_DEP,2018
series_break,info,Break in time series - not comparable with earlier years,ISR,5_2_DEP,2018
series_break,info,Break in time series - not comparable with earlier years,ISR,5_2_DEP,2021
series_break,info,Break in time series - not comparable with earlier years,ISR,5_2_DEP,2021
series_break,info,Break in time series - not comparable with earlier years,ISR,5_2_DEP,2022
series_break,info,Break in time series - not comparable with earlier years,ISR,5_2_DEP,2022
series_break,info,Break in time series - not comparable with earlier years,ISR,5_2_DEP,2023
series_break,info,Break in time series - not comparable with earlier years,ISR,5_2_DEP,2023
series_break,info,Break in time series - not comparable with earlier years,ITA,5_2_DEP,2004
series_break,info,Break in time series - not comparable with earlier years,ITA,5_2_DEP,2004
series_break,info,Break in time series - not comparable with earlier years,GBR,5_2_DEP,2019
series_break,info,Break in time series - not comparable with earlier years,GBR,5_2_DEP,2019
series_break,info,Break in time series - not comparable with earlier years,GBR,5_2_DEP,2020
series_break,info,Break in time series - not comparable with earlier years,GBR,5_2_DEP,2020
series_break,info,Break in time series - not comparable with earlier years,USA,5_2_DEP,2019
series_break,info,Break in time series - not comparable with earlier years,USA,5_2_DEP,2019
series_break,info,Break in time series - not comparable with earlier years,CAN,5_2,2015
series_break,info,Break in time series - not comparable with earlier years,CAN,5_2,2015
series_break,info,Break in time series - not comparable with earlier years,CAN,5_2,2023
series_break,info,Break in time series - not comparable with earlier years,CAN,5_2,2023
series_break,info,Break in time series - not comparable with earlier years,CHL,5_2,2009
series_break,info,Break in time series - not comparable with earlier years,CHL,5_2,2009
series_break,info,Break in time series - not comparable with earlier years,CHL,5_2,2013
series_break,info,Break in time series - not comparable with earlier years,CHL,5_2,2013
series_break,info,Break in time series - not comparable with earlier years,CHL,5_2,2021
series_break,info,Break in time series - not comparable with earlier years,CHL,5_2,2021
series_break,info,Break in time series - not comparable with earlier years,CHL,5_2,2024
series_break,info,Break in time series - not comparable with earlier years,CHL,5_2,2024
series_break,info,Break in time series - not comparable with earlier years,ISR,5_2,2017
series_break,info,Break in time series - not comparable with earlier years,ISR,5_2,2017
series_break,info,Break in time series - not comparable with earlier years,ISR,5_2,2018
series_break,info,Break in time series - not comparable with earlier years,ISR,5_2,2018
series_break,info,Break in time series - not comparable with earlier years,ISR,5_2,2021
series_break,info,Break in time series - not comparable with earlier years,ISR,5_2,2021
series_break,info,Break in time series - not comparable with earlier years,ISR,5_2,2022
series_break,info,Break in time series - not comparable with earlier years,ISR,5_2,2022
series_break,info,Break in time series - not comparable with earlier years,ISR,5_2,2023
series_break,info,Break in time series - not comparable with earlier years,ISR,5_2,2023
series_break,info,Break in time series - not comparable with earlier years,ITA,5_2,2004
series_break,info,Break in time series - not comparable with earlier years,ITA,5_2,2004
series_break,info,Break in time series - not comparable with earlier years,TUR,5_2,2006
series_break,info,Break in time series - not comparable with earlier years,TUR,5_2,2006
series_break,info,Break in time series - not comparable with earlier years,GBR,5_2,2005
series_break,info,Break in time series - not comparable with earlier years,GBR,5_2,2005
series_break,info,Break in time series - not comparable with earlier years,GBR,5_2,2019
series_break,info,Break in time series - not comparable with earlier years,GBR,5_2,2019
series_break,info,Break in time series - not comparable with earlier years,GBR,5_2,2020
series_break,info,Break in time series - not comparable with earlier years,GBR,5_2,2020
series_break,info,Break in time series - not comparable with earlier years,USA,5_2,2019
series_break,info,Break in time series - not comparable with earlier years,USA,5_2,2019
series_break,info,Break in time series - not comparable with earlier years,BEL,5_2,2004
series_break,info,Break in time series - not comparable with earlier years,BEL,5_2,2004
series_break,info,Break in time series - not comparable with earlier years,BEL,5_2,2004
series_break,info,Break in time series - not comparable with earlier years,CAN,5_2,2015
series_break,info,Break in time series - not comparable with earlier years,CAN,5_2,2015
series_break,info,Break in time series - not comparable with earlier years,CAN,5_2,2015
series_break,info,Break in time series - not comparable with earlier years,CAN,5_2,2015
series_break,info,Break in time series - not comparable with earlier years,CAN,5_2,2015
series_break,info,Break in time series - not comparable with earlier years,CAN,5_2,2015
series_break,info,Break in time series - not comparable with earlier years,CAN,5_2,2023
series_break,info,Break in time series - not comparable with earlier years,CAN,5_2,2023
series_break,info,Break in time series - not comparable with earlier years,CAN,5_2,2023
series_break,info,Break in time series - not comparable with earlier years,CAN,5_2,2023
series_break,info,Break in time series - not comparable with earlier years,CAN,5_2,2023
series_break,info,Break in time series - not comparable with earlier years,CAN,5_2,2023
series_break,info,Break in time series - not comparable with earlier years,CHL,5_2,2009
series_break,info,Break in time series - not comparable with earlier years,CHL,5_2,2009
series_break,info,Break in time series - not comparable with earlier years,CHL,5_2,2009
series_break,info,Break in time series - not comparable with earlier years,CHL,5_2,2013
series_break,info,Break in time series - not comparable with earlier years,CHL,5_2,2013
series_break,info,Break in time series - not comparable with earlier years,CHL,5_2,2013
series_break,info,Break in time series - not comparable with earlier years,CHL,5_2,2013
series_break,info,Break in time series - not comparable with earlier years,CHL,5_2,2013
series_break,info,Break in time series - not comparable with earlier years,CHL,5_2,2013
series_break,info,Break in time series - not comparable with earlier years,CHL,5_2,2021
series_break,info,Break in time series - not comparable with earlier years,CHL,5_2,2021
series_break,info,Break in time series - not comparable with earlier years,CHL,5_2,2021
series_break,info,Break in time series - not comparable with earlier years,CHL,5_2,2021
series_break,info,Break in time series - not comparable with earlier years,CHL,5_2,2021
series_break,info,Break in time series - not comparable with earlier years,CHL,5_2,2021
series_break,info,Break in time series - not comparable with earlier years,CHL,5_2,2024
series_break,info,Break in time series - not comparable with earlier years,CHL,5_2,2024
series_break,info,Break in time series - not comparable with earlier years,CHL,5_2,2024
series_break,info,Break in time series - not comparable with earlier years,CHL,5_2,2024
series_break,info,Break in time series - not comparable with earlier years,CHL,5_2,2024
series_break,info,Break in time series - not comparable with earlier years,CHL,5_2,2024
series_break,info,Break in time series - not comparable with earlier years,CZE,5_2,2005
series_break,info,Break in time series - not comparable with earlier years,CZE,5_2,2005
series_break,info,Break in time series - not comparable with earlier years,CZE,5_2,2005
series_break,info,Break in time series - not comparable with earlier years,FIN,5_2,2004
series_break,info,Break in time series - not comparable with earlier years,FIN,5_2,2004
series_break,info,Break in time series - not comparable with earlier years,DEU,5_2,2005
series_break,info,Break in time series - not comparable with earlier years,DEU,5_2,2005
series_break,info,Break in time series - not comparable with earlier years,DEU,5_2,2005
series_break,info,Break in time series - not comparable with earlier years,HUN,5_2,2005
series_break,info,Break in time series - not comparable with earlier years,HUN,5_2,2005
series_break,info,Break in time series - not comparable with earlier years,HUN,5_2,2005
series_break,info,Break in time series - not comparable with earlier years,ISL,5_2,2004
series_break,info,Break in time series - not comparable with earlier years,ISL,5_2,2004
series_break,info,Break in time series - not comparable with earlier years,ISL,5_2,2004
series_break,info,Break in time series - not comparable with earlier years,IRL,5_2,2004
series_break,info,Break in time series - not comparable with earlier years,IRL,5_2,2004
series_break,info,Break in time series - not comparable with earlier years,IRL,5_2,2004
series_break,info,Break in time series - not comparable with earlier years,ISR,5_2,2017
series_break,info,Break in time series - not comparable with earlier years,ISR,5_2,2017
series_break,info,Break in time series - not comparable with earlier years,ISR,5_2,2017
series_break,info,Break in time series - not comparable with earlier years,ISR,5_2,2017
series_break,info,Break in time series - not comparable with earlier years,ISR,5_2,2017
series_break,info,Break in time series - not comparable with earlier years,ISR,5_2,2017
series_break,info,Break in time series - not comparable with earlier years,ISR,5_2,2018
series_break,info,Break in time series - not comparable with earlier years,ISR,5_2,2018
series_break,info,Break in time series - not comparable with earlier years,ISR,5_2,2018
series_break,info,Break in time series - not comparable with earlier years,ISR,5_2,2018
series_break,info,Break in time series - not comparable with earlier years,ISR,5_2,2018
series_break,info,Break in time series - not comparable with earlier years,ISR,5_2,2018
series_break,info,Break in time series - not comparable with earlier years,ISR,5_2,2021
series_break,info,Break in time series - not comparable with earlier years,ISR,5_2,2021
series_break,info,Break in time series - not comparable with earlier years,ISR,5_2,2021
series_break,info,Break in time series - not comparable with earlier years,ISR,5_2,2021
series_break,info,Break in time series - not comparable with earlier years,ISR,5_2,2021
series_break,info,Break in time series - not comparable with earlier years,ISR,5_2,2021
series_break,info,Break in time series - not comparable with earlier years,ISR,5_2,2022
series_break,info,Break in time series - not comparable with earlier years,ISR,5_2,2022
series_break,info,Break in time series - not comparable with earlier years,ISR,5_2,2022
series_break,info,Break in time series - not comparable with earlier years,ISR,5_2,2022
series_break,info,Break in time series - not comparable with earlier years,ISR,5_2,2022
series_break,info,Break in time series - not comparable with earlier years,ISR,5_2,2022
series_break,info,Break in time series - not comparable with earlier years,ISR,5_2,2023
series_break,info,Break in time series - not comparable with earlier years,ISR,5_2,2023
series_break,info,Break in time series - not comparable with earlier years,ISR,5_2,2023
series_break,info,Break in time series - not comparable with earlier years,ISR,5_2,2023
series_break,info,Break in time series - not comparable with earlier years,ISR,5_2,2023
series_break,info,Break in time series - not comparable with earlier years,ISR,5_2,2023
series_break,info,Break in time series - not comparable with earlier years,ITA,5_2,2004
series_break,info,Break in time series - not comparable with earlier years,ITA,5_2,2004
series_break,info,Break in time series - not comparable with earlier years,ITA,5_2,2004
series_break,info,Break in time series - not comparable with earlier years,NLD,5_2,2005
series_break,info,Break in time series - not comparable with earlier years,NLD,5_2,2005
series_break,info,Break in time series - not comparable with earlier years,NLD,5_2,2005
series_break,info,Break in time series - not comparable with earlier years,NOR,5_2,2004
series_break,info,Break in time series - not comparable with earlier years,NOR,5_2,2004
series_break,info,Break in time series - not comparable with earlier years,NOR,5_2,2004
series_break,info,Break in time series - not comparable with earlier years,POL,5_2,2005
series_break,info,Break in time series - not comparable with earlier years,POL,5_2,2005
series_break,info,Break in time series - not comparable with earlier years,POL,5_2,2005
series_break,info,Break in time series - not comparable with earlier years,ESP,5_2,2004
series_break,info,Break in time series - not comparable with earlier years,ESP,5_2,2004
series_break,info,Break in time series - not comparable with earlier years,ESP,5_2,2004
series_break,info,Break in time series - not comparable with earlier years,SWE,5_2,2004
series_break,info,Break in time series - not comparable with earlier years,SWE,5_2,2004
series_break,info,Break in time series - not comparable with earlier years,SWE,5_2,2004
series_break,info,Break in time series - not comparable with earlier years,SWE,5_2,2004
series_break,info,Break in time series - not comparable with earlier years,SWE,5_2,2004
series_break,info,Break in time series - not comparable with earlier years,SWE,5_2,2004
series_break,info,Break in time series - not comparable with earlier years,CHE,5_2,2007
series_break,info,Break in time series - not comparable with earlier years,CHE,5_2,2007
series_break,info,Break in time series - not comparable with earlier years,CHE,5_2,2007
series_break,info,Break in time series - not comparable with earlier years,TUR,5_2,2006
series_break,info,Break in time series - not comparable with earlier years,TUR,5_2,2006
series_break,info,Break in time series - not comparable with earlier years,TUR,5_2,2006
series_break,info,Break in time series - not comparable with earlier years,GBR,5_2,2005
series_break,info,Break in time series - not comparable with earlier years,GBR,5_2,2005
series_break,info,Break in time series - not comparable with earlier years,GBR,5_2,2005
series_break,info,Break in time series - not comparable with earlier years,GBR,5_2,2019
series_break,info,Break in time series - not comparable with earlier years,GBR,5_2,2019
series_break,info,Break in time series - not comparable with earlier years,GBR,5_2,2019
series_break,info,Break in time series - not comparable with earlier years,GBR,5_2,2019
series_break,info,Break in time series - not comparable with earlier years,GBR,5_2,2019
series_break,info,Break in time series - not comparable with earlier years,GBR,5_2,2019
series_break,info,Break in time series - not comparable with earlier years,GBR,5_2,2020
series_break,info,Break in time series - not comparable with earlier years,GBR,5_2,2020
series_break,info,Break in time series - not comparable with earlier years,GBR,5_2,2020
series_break,info,Break in time series - not comparable with earlier years,GBR,5_2,2020
series_break,info,Break in time series - not comparable with earlier years,GBR,5_2,2020
series_break,info,Break in time series - not comparable with earlier years,GBR,5_2,2020
series_break,info,Break in time series - not comparable with earlier years,USA,5_2,2019
series_break,info,Break in time series - not comparable with earlier years,USA,5_2,2019
series_break,info,Break in time series - not comparable with earlier years,USA,5_2,2019
series_break,info,Break in time series - not comparable with earlier years,USA,5_2,2019
series_break,info,Break in time series - not comparable with earlier years,USA,5_2,2019
series_break,info,Break in time series - not comparable with earlier years,USA,5_2,2019
series_break,info,Break in time series - not comparable with earlier years,BEL,1_1,2009
series_break,info,Break in time series - not comparable with earlier years,HUN,1_1,2012
series_break,info,Break in time series - not comparable with earlier years,POL,1_1,2010
series_break,info,Break in time series - not comparable with earlier years,POL,1_1,2020
series_break,info,Break in time series - not comparable with earlier years,POL,1_1,2022
series_break,info,Break in time series - not comparable with earlier years,SVK,1_1,2011
series_break,info,Break in time series - not comparable with earlier years,SVK,1_1,2021
series_break,info,Break in time series - not comparable with earlier years,SVN,1_1,2008
series_break,info,Break in time series - not comparable with earlier years,HRV,1_1,2012
series_break,info,Break in time series - not comparable with earlier years,DNK,1_3,2022
series_break,info,Break in time series - not comparable with earlier years,ITA,1_3,2020
series_break,info,Break in time series - not comparable with earlier years,JPN,1_3,2019
definition_differs,info,Definition differs - limited cross-country comparability,CAN,2_3,2011
definition_differs,info,Definition differs - limited cross-country comparability,CAN,2_3,2011
definition_differs,info,Definition differs - limited cross-country comparability,CAN,2_3,2011
definition_differs,info,Definition differs - limited cross-country comparability,CAN,2_3,2012
definition_differs,info,Definition differs - limited cross-country comparability,CAN,2_3,2012
definition_differs,info,Definition differs - limited cross-country comparability,CAN,2_3,2012
definition_differs,info,Definition differs - limited cross-country comparability,CAN,2_3,2013
definition_differs,info,Definition differs - limited cross-country comparability,CAN,2_3,2013
definition_differs,info,Definition differs - limited cross-country comparability,CAN,2_3,2013
definition_differs,info,Definition differs - limited cross-country comparability,CAN,2_3,2014
definition_differs,info,Definition differs - limited cross-country comparability,CAN,2_3,2014
definition_differs,info,Definition differs - limited cross-country comparability,CAN,2_3,2014
definition_differs,info,Definition differs - limited cross-country comparability,CAN,2_3,2015
definition_differs,info,Definition differs - limited cross-country comparability,CAN,2_3,2015
definition_differs,info,Definition differs - limited cross-country comparability,CAN,2_3,2015
definition_differs,info,Definition differs - limited cross-country comparability,CAN,2_3,2016
definition_differs,info,Definition differs - limited cross-country comparability,CAN,2_3,2016
definition_differs,info,Definition differs - limited cross-country comparability,CAN,2_3,2016
definition_differs,info,Definition differs - limited cross-country comparability,CAN,2_3,2017
definition_differs,info,Definition differs - limited cross-country comparability,CAN,2_3,2017
definition_differs,info,Definition differs - limited cross-country comparability,CAN,2_3,2017
definition_differs,info,Definition differs - limited cross-country comparability,CAN,2_3,2019
definition_differs,info,Definition differs - limited cross-country comparability,CAN,2_3,2019
definition_differs,info,Definition differs - limited cross-country comparability,CAN,2_3,2019
definition_differs,info,Definition differs - limited cross-country comparability,CAN,2_3,2020
definition_differs,info,Definition differs - limited cross-country comparability,CAN,2_3,2020
definition_differs,info,Definition differs - limited cross-country comparability,CAN,2_3,2020
definition_differs,info,Definition differs - limited cross-country comparability,CAN,2_3,2022
definition_differs,info,Definition differs - limited cross-country comparability,CAN,2_3,2022
definition_differs,info,Definition differs - limited cross-country comparability,CAN,2_3,2022
definition_differs,info,Definition differs - limited cross-country comparability,CAN,2_3,2023
definition_differs,info,Definition differs - limited cross-country comparability,CAN,2_3,2023
definition_differs,info,Definition differs - limited cross-country comparability,CAN,2_3,2023
definition_differs,info,Definition differs - limited cross-country comparability,CHL,2_3,2017
definition_differs,info,Definition differs - limited cross-country comparability,CHL,2_3,2017
definition_differs,info,Definition differs - limited cross-country comparability,CHL,2_3,2017
definition_differs,info,Definition differs - limited cross-country comparability,CHL,2_3,2022
definition_differs,info,Definition differs - limited cross-country comparability,CHL,2_3,2022
definition_differs,info,Definition differs - limited cross-country comparability,CHL,2_3,2022
definition_differs,info,Definition differs - limited cross-country comparability,MEX,2_3,2019
definition_differs,info,Definition differs - limited cross-country comparability,MEX,2_3,2019
definition_differs,info,Definition differs - limited cross-country comparability,MEX,2_3,2019
definition_differs,info,Definition differs - limited cross-country comparability,NZL,2_3,2023
definition_differs,info,Definition differs - limited cross-country comparability,NZL,2_3,2023
definition_differs,info,Definition differs - limited cross-country comparability,NZL,2_3,2023
definition_differs,info,Definition differs - limited cross-country comparability,PRT,2_3,2014
definition_differs,info,Definition differs - limited cross-country comparability,PRT,2_3,2014
definition_differs,info,Definition differs - limited cross-country comparability,PRT,2_3,2014
definition_differs,info,Definition differs - limited cross-country comparability,PRT,2_3,2015
definition_differs,info,Definition differs - limited cross-country comparability,PRT,2_3,2015
definition_differs,info,Definition differs - limited cross-country comparability,PRT,2_3,2015
definition_differs,info,Definition differs - limited cross-country comparability,PRT,2_3,2016
definition_differs,info,Definition differs - limited cross-country comparability,PRT,2_3,2016
definition_differs,info,Definition differs - limited cross-country comparability,PRT,2_3,2016
definition_differs,info,Definition differs - limited cross-country comparability,PRT,2_3,2017
definition_differs,info,Definition differs - limited cross-country comparability,PRT,2_3,2017
definition_differs,info,Definition differs - limited cross-country comparability,PRT,2_3,2017
definition_differs,info,Definition differs - limited cross-country comparability,PRT,2_3,2019
definition_differs,info,Definition differs - limited cross-country comparability,PRT,2_3,2019
definition_differs,info,Definition differs - limited cross-country comparability,PRT,2_3,2019
definition_differs,info,Definition differs - limited cross-country comparability,PRT,2_3,2020
definition_differs,info,Definition differs - limited cross-country comparability,PRT,2_3,2020
definition_differs,info,Definition differs - limited cross-country comparability,PRT,2_3,2020
definition_differs,info,Definition differs - limited cross-country comparability,PRT,2_3,2022
definition_differs,info,Definition differs - limited cross-country comparability,PRT,2_3,2022
definition_differs,info,Definition differs - limited cross-country comparability,PRT,2_3,2022
definition_differs,info,Definition differs - limited cross-country comparability,PRT,2_3,2023
definition_differs,info,Definition differs - limited cross-country comparability,PRT,2_3,2023
definition_differs,info,Definition differs - limited cross-country comparability,PRT,2_3,2023
definition_differs,info,Definition differs - limited cross-country comparability,ARG,2_3,2004
definition_differs,info,Definition differs - limited cross-country comparability,ARG,2_3,2004
definition_differs,info,Definition differs - limited cross-country comparability,ARG,2_3,2004
definition_differs,info,Definition differs - limited cross-country comparability,ARG,2_3,2005
definition_differs,info,Definition differs - limited cross-country comparability,ARG,2_3,2005
definition_differs,info,Definition differs - limited cross-country comparability,ARG,2_3,2005
definition_differs,info,Definition differs - limited cross-country comparability,ARG,2_3,2006
definition_differs,info,Definition differs - limited cross-country comparability,ARG,2_3,2006
definition_differs,info,Definition differs - limited cross-country comparability,ARG,2_3,2006
definition_differs,info,Definition differs - limited cross-country comparability,ARG,2_3,2008
definition_differs,info,Definition differs - limited cross-country comparability,ARG,2_3,2008
definition_differs,info,Definition differs - limited cross-country comparability,ARG,2_3,2008
definition_differs,info,Definition differs - limited cross-country comparability,ARG,2_3,2009
definition_differs,info,Definition differs - limited cross-country comparability,ARG,2_3,2009
definition_differs,info,Definition differs - limited cross-country comparability,ARG,2_3,2009
definition_differs,info,Definition differs - limited cross-country comparability,ARG,2_3,2010
definition_differs,info,Definition differs - limited cross-country comparability,ARG,2_3,2010
definition_differs,info,Definition differs - limited cross-country comparability,ARG,2_3,2010
definition_differs,info,Definition differs - limited cross-country comparability,ARG,2_3,2011
definition_differs,info,Definition differs - limited cross-country comparability,ARG,2_3,2011
definition_differs,info,Definition differs - limited cross-country comparability,ARG,2_3,2011
definition_differs,info,Definition differs - limited cross-country comparability,ARG,2_3,2012
definition_differs,info,Definition differs - limited cross-country comparability,ARG,2_3,2012
definition_differs,info,Definition differs - limited cross-country comparability,ARG,2_3,2012
definition_differs,info,Definition differs - limited cross-country comparability,ARG,2_3,2013
definition_differs,info,Definition differs - limited cross-country comparability,ARG,2_3,2013
definition_differs,info,Definition differs - limited cross-country comparability,ARG,2_3,2013
definition_differs,info,Definition differs - limited cross-country comparability,ARG,2_3,2014
definition_differs,info,Definition differs - limited cross-country comparability,ARG,2_3,2014
definition_differs,info,Definition differs - limited cross-country comparability,ARG,2_3,2014
definition_differs,info,Definition differs - limited cross-country comparability,ARG,2_3,2017
definition_differs,info,Definition differs - limited cross-country comparability,ARG,2_3,2017
definition_differs,info,Definition differs - limited cross-country comparability,ARG,2_3,2017
definition_differs,info,Definition differs - limited cross-country comparability,ARG,2_3,2019
definition_differs,info,Definition differs - limited cross-country comparability,ARG,2_3,2019
definition_differs,info,Definition differs - limited cross-country comparability,ARG,2_3,2019
definition_differs,info,Definition differs - limited cross-country comparability,ARG,2_3,2020
definition_differs,info,Definition differs - limited cross-country comparability,ARG,2_3,2020
definition_differs,info,Definition differs - limited cross-country comparability,ARG,2_3,2020
definition_differs,info,Definition differs - limited cross-country comparability,BRA,2_3,2016
definition_differs,info,Definition differs - limited cross-country comparability,BRA,2_3,2016
definition_differs,info,Definition differs - limited cross-country comparability,BRA,2_3,2016
definition_differs,info,Definition differs - limited cross-country comparability,BRA,2_3,2017
definition_differs,info,Definition differs - limited cross-country comparability,BRA,2_3,2017
definition_differs,info,Definition differs - limited cross-country comparability,BRA,2_3,2017
definition_differs,info,Definition differs - limited cross-country comparability,BRA,2_3,2019
definition_differs,info,Definition differs - limited cross-country comparability,BRA,2_3,2019
definition_differs,info,Definition differs - limited cross-country comparability,BRA,2_3,2019
definition_differs,info,Definition differs - limited cross-country comparability,BRA,2_3,2020
definition_differs,info,Definition differs - limited cross-country comparability,BRA,2_3,2020
definition_differs,info,Definition differs - limited cross-country comparability,BRA,2_3,2020
definition_differs,info,Definition differs - limited cross-country comparability,BGR,2_3,2019
definition_differs,info,Definition differs - limited cross-country comparability,BGR,2_3,2019
definition_differs,info,Definition differs - limited cross-country comparability,BGR,2_3,2019
definition_differs,info,Definition differs - limited cross-country comparability,HRV,2_3,2019
definition_differs,info,Definition differs - limited cross-country comparability,HRV,2_3,2019
definition_differs,info,Definition differs - limited cross-country comparability,IDN,2_3,2011
definition_differs,info,Definition differs - limited cross-country comparability,IDN,2_3,2011
definition_differs,info,Definition differs - limited cross-country comparability,IDN,2_3,2012
definition_differs,info,Definition differs - limited cross-country comparability,IDN,2_3,2012
definition_differs,info,Definition differs - limited cross-country comparability,IDN,2_3,2013
definition_differs,info,Definition differs - limited cross-country comparability,IDN,2_3,2013
definition_differs,info,Definition differs - limited cross-country comparability,IDN,2_3,2014
definition_differs,info,Definition differs - limited cross-country comparability,IDN,2_3,2014
definition_differs,info,Definition differs - limited cross-country comparability,IDN,2_3,2015
definition_differs,info,Definition differs - limited cross-country comparability,IDN,2_3,2015
definition_differs,info,Definition differs - limited cross-country comparability,IDN,2_3,2016
definition_differs,info,Definition differs - limited cross-country comparability,IDN,2_3,2016
definition_differs,info,Definition differs - limited cross-country comparability,IDN,2_3,2017
definition_differs,info,Definition differs - limited cross-country comparability,IDN,2_3,2017
definition_differs,info,Definition differs - limited cross-country comparability,IDN,2_3,2019
definition_differs,info,Definition differs - limited cross-country comparability,IDN,2_3,2019
definition_differs,info,Definition differs - limited cross-country comparability,IDN,2_3,2019
definition_differs,info,Definition differs - limited cross-country comparability,IDN,2_3,2020
definition_differs,info,Definition differs - limited cross-country comparability,IDN,2_3,2020
definition_differs,info,Definition differs - limited cross-country comparability,ROU,2_3,2019
definition_differs,info,Definition differs - limited cross-country comparability,ROU,2_3,2019
definition_differs,info,Definition differs - limited cross-country comparability,ROU,2_3,2019
definition_differs,info,Definition differs - limited cross-country comparability,AUS,2_3,2024
definition_differs,info,Definition differs - limited cross-country comparability,AUS,2_3,2024
definition_differs,info,Definition differs - limited cross-country comparability,AUS,2_3,2024
definition_differs,info,Definition differs - limited cross-country comparability,AUT,2_3,2024
definition_differs,info,Definition differs - limited cross-country comparability,AUT,2_3,2024
definition_differs,info,Definition differs - limited cross-country comparability,AUT,2_3,2024
definition_differs,info,Definition differs - limited cross-country comparability,BEL,2_3,2024
definition_differs,info,Definition differs - limited cross-country comparability,BEL,2_3,2024
definition_differs,info,Definition differs - limited cross-country comparability,BEL,2_3,2024
definition_differs,info,Definition differs - limited cross-country comparability,CAN,2_3,2024
definition_differs,info,Definition differs - limited cross-country comparability,CAN,2_3,2024
definition_differs,info,Definition differs - limited cross-country comparability,CAN,2_3,2024
definition_differs,info,Definition differs - limited cross-country comparability,CRI,2_3,2024
definition_differs,info,Definition differs - limited cross-country comparability,CRI,2_3,2024
definition_differs,info,Definition differs - limited cross-country comparability,CRI,2_3,2024
definition_differs,info,Definition differs - limited cross-country comparability,CZE,2_3,2024
definition_differs,info,Definition differs - limited cross-country comparability,CZE,2_3,2024
definition_differs,info,Definition differs - limited cross-country comparability,CZE,2_3,2024
definition_differs,info,Definition differs - limited cross-country comparability,DNK,2_3,2024
definition_differs,info,Definition differs - limited cross-country comparability,DNK,2_3,2024
definition_differs,info,Definition differs - limited cross-country comparability,DNK,2_3,2024
definition_differs,info,Definition differs - limited cross-country comparability,EST,2_3,2024
definition_differs,info,Definition differs - limited cross-country comparability,EST,2_3,2024
definition_differs,info,Definition differs - limited cross-country comparability,EST,2_3,2024
definition_differs,info,Definition differs - limited cross-country comparability,FIN,2_3,2024
definition_differs,info,Definition differs - limited cross-country comparability,FIN,2_3,2024
definition_differs,info,Definition differs - limited cross-country comparability,FIN,2_3,2024
definition_differs,info,Definition differs - limited cross-country comparability,FRA,2_3,2024
definition_differs,info,Definition differs - limited cross-country comparability,FRA,2_3,2024
definition_differs,info,Definition differs - limited cross-country comparability,FRA,2_3,2024
definition_differs,info,Definition differs - limited cross-country comparability,DEU,2_3,2024
definition_differs,info,Definition differs - limited cross-country comparability,DEU,2_3,2024
definition_differs,info,Definition differs - limited cross-country comparability,DEU,2_3,2024
definition_differs,info,Definition differs - limited cross-country comparability,GRC,2_3,2024
definition_differs,info,Definition differs - limited cross-country comparability,GRC,2_3,2024
definition_differs,info,Definition differs - limited cross-country comparability,GRC,2_3,2024
definition_differs,info,Definition differs - limited cross-country comparability,HUN,2_3,2024
definition_differs,info,Definition differs - limited cross-country comparability,HUN,2_3,2024
definition_differs,info,Definition differs - limited cross-country comparability,HUN,2_3,2024
definition_differs,info,Definition differs - limited cross-country comparability,IRL,2_3,2024
definition_differs,info,Definition differs - limited cross-country comparability,IRL,2_3,2024
definition_differs,info,Definition differs - limited cross-country comparability,IRL,2_3,2024
definition_differs,info,Definition differs - limited cross-country comparability,ISR,2_3,2024
definition_differs,info,Definition differs - limited cross-country comparability,ISR,2_3,2024
definition_differs,info,Definition differs - limited cross-country comparability,ISR,2_3,2024
definition_differs,info,Definition differs - limited cross-country comparability,ITA,2_3,2024
definition_differs,info,Definition differs - limited cross-country comparability,ITA,2_3,2024
definition_differs,info,Definition differs - limited cross-country comparability,ITA,2_3,2024
definition_differs,info,Definition differs - limited cross-country comparability,LVA,2_3,2024
definition_differs,info,Definition differs - limited cross-country comparability,LVA,2_3,2024
definition_differs,info,Definition differs - limited cross-country comparability,LVA,2_3,2024
definition_differs,info,Definition differs - limited cross-country comparability,LTU,2_3,2024
definition_differs,info,Definition differs - limited cross-country comparability,LTU,2_3,2024
definition_differs,info,Definition differs - limited cross-country comparability,LTU,2_3,2024
definition_differs,info,Definition differs - limited cross-country comparability,LUX,2_3,2024
definition_differs,info,Definition differs - limited cross-country comparability,MEX,2_3,2024
definition_differs,info,Definition differs - limited cross-country comparability,MEX,2_3,2024
definition_differs,info,Definition differs - limited cross-country comparability,MEX,2_3,2024
definition_differs,info,Definition differs - limited cross-country comparability,NLD,2_3,2024
definition_differs,info,Definition differs - limited cross-country comparability,NLD,2_3,2024
definition_differs,info,Definition differs - limited cross-country comparability,NLD,2_3,2024
definition_differs,info,Definition differs - limited cross-country comparability,NZL,2_3,2024
definition_differs,info,Definition differs - limited cross-country comparability,NZL,2_3,2024
definition_differs,info,Definition differs - limited cross-country comparability,NZL,2_3,2024
definition_differs,info,Definition differs - limited cross-country comparability,POL,2_3,2024
definition_differs,info,Definition differs - limited cross-country comparability,POL,2_3,2024
definition_differs,info,Definition differs - limited cross-country comparability,POL,2_3,2024
definition_differs,info,Definition differs - limited cross-country comparability,PRT,2_3,2024
definition_differs,info,Definition differs - limited cross-country comparability,PRT,2_3,2024
definition_differs,info,Definition differs - limited cross-country comparability,PRT,2_3,2024
definition_differs,info,Definition differs - limited cross-country comparability,SVK,2_3,2024
definition_differs,info,Definition differs - limited cross-country comparability,SVK,2_3,2024
definition_differs,info,Definition differs - limited cross-country comparability,SVK,2_3,2024
definition_differs,info,Definition differs - limited cross-country comparability,SVN,2_3,2024
definition_differs,info,Definition differs - limited cross-country comparability,SVN,2_3,2024
definition_differs,info,Definition differs - limited cross-country comparability,SVN,2_3,2024
definition_differs,info,Definition differs - limited cross-country comparability,ESP,2_3,2024
definition_differs,info,Definition differs - limited cross-country comparability,ESP,2_3,2024
definition_differs,info,Definition differs - limited cross-country comparability,ESP,2_3,2024
definition_differs,info,Definition differs - limited cross-country comparability,SWE,2_3,2024
definition_differs,info,Definition differs - limited cross-country comparability,SWE,2_3,2024
definition_differs,info,Definition differs - limited cross-country comparability,SWE,2_3,2024
definition_differs,info,Definition differs - limited cross-country comparability,CHE,2_3,2024
definition_differs,info,Definition differs - limited cross-country comparability,CHE,2_3,2024
definition_differs,info,Definition differs - limited cross-country comparability,CHE,2_3,2024
definition_differs,info,Definition differs - limited cross-country comparability,TUR,2_3,2024
definition_differs,info,Definition differs - limited cross-country comparability,TUR,2_3,2024
definition_differs,info,Definition differs - limited cross-country comparability,TUR,2_3,2024
definition_differs,info,Definition differs - limited cross-country comparability,GBR,2_3,2024
definition_differs,info,Definition differs - limited cross-country comparability,GBR,2_3,2024
definition_differs,info,Definition differs - limited cross-country comparability,GBR,2_3,2024
definition_differs,info,Definition differs - limited cross-country comparability,BGR,2_3,2024
definition_differs,info,Definition differs - limited cross-country comparability,BGR,2_3,2024
definition_differs,info,Definition differs - limited cross-country comparability,BGR,2_3,2024
definition_differs,info,Definition differs - limited cross-country comparability,HRV,2_3,2024
definition_differs,info,Definition differs - limited cross-country comparability,HRV,2_3,2024
definition_differs,info,Definition differs - limited cross-country comparability,ROU,2_3,2024
definition_differs,info,Definition differs - limited cross-country comparability,ROU,2_3,2024
definition_differs,info,Definition differs - limited cross-country comparability,ROU,2_3,2024
definition_differs,info,Definition differs - limited cross-country comparability,ZAF,2_3,2024
definition_differs,info,Definition differs - limited cross-country comparability,ZAF,2_3,2024
definition_differs,info,Definition differs - limited cross-country comparability,ZAF,2_3,2024
definition_differs,info,Definition differs - limited cross-country comparability,AUS,2_3,2021
definition_differs,info,Definition differs - limited cross-country comparability,AUS,2_3,2021
definition_differs,info,Definition differs - limited cross-country comparability,AUS,2_3,2021
definition_differs,info,Definition differs - limited cross-country comparability,AUT,2_3,2021
definition_differs,info,Definition differs - limited cross-country comparability,AUT,2_3,2021
definition_differs,info,Definition differs - limited cross-country comparability,AUT,2_3,2021
definition_differs,info,Definition differs - limited cross-country comparability,BEL,2_3,2021
definition_differs,info,Definition differs - limited cross-country comparability,BEL,2_3,2021
definition_differs,info,Definition differs - limited cross-country comparability,BEL,2_3,2021
definition_differs,info,Definition differs - limited cross-country comparability,CAN,2_3,2021
definition_differs,info,Definition differs - limited cross-country comparability,CAN,2_3,2021
definition_differs,info,Definition differs - limited cross-country comparability,CAN,2_3,2021
definition_differs,info,Definition differs - limited cross-country comparability,COL,2_3,2021
definition_differs,info,Definition differs - limited cross-country comparability,COL,2_3,2021
definition_differs,info,Definition differs - limited cross-country comparability,COL,2_3,2021
definition_differs,info,Definition differs - limited cross-country comparability,CRI,2_3,2021
definition_differs,info,Definition differs - limited cross-country comparability,CRI,2_3,2021
definition_differs,info,Definition differs - limited cross-country comparability,CRI,2_3,2021
definition_differs,info,Definition differs - limited cross-country comparability,CZE,2_3,2021
definition_differs,info,Definition differs - limited cross-country comparability,CZE,2_3,2021
definition_differs,info,Definition differs - limited cross-country comparability,CZE,2_3,2021
definition_differs,info,Definition differs - limited cross-country comparability,DNK,2_3,2021
definition_differs,info,Definition differs - limited cross-country comparability,DNK,2_3,2021
definition_differs,info,Definition differs - limited cross-country comparability,DNK,2_3,2021
definition_differs,info,Definition differs - limited cross-country comparability,EST,2_3,2021
definition_differs,info,Definition differs - limited cross-country comparability,EST,2_3,2021
definition_differs,info,Definition differs - limited cross-country comparability,EST,2_3,2021
definition_differs,info,Definition differs - limited cross-country comparability,FIN,2_3,2021
definition_differs,info,Definition differs - limited cross-country comparability,FIN,2_3,2021
definition_differs,info,Definition differs - limited cross-country comparability,FIN,2_3,2021
definition_differs,info,Definition differs - limited cross-country comparability,FRA,2_3,2021
definition_differs,info,Definition differs - limited cross-country comparability,FRA,2_3,2021
definition_differs,info,Definition differs - limited cross-country comparability,FRA,2_3,2021
definition_differs,info,Definition differs - limited cross-country comparability,DEU,2_3,2021
definition_differs,info,Definition differs - limited cross-country comparability,DEU,2_3,2021
definition_differs,info,Definition differs - limited cross-country comparability,DEU,2_3,2021
definition_differs,info,Definition differs - limited cross-country comparability,GRC,2_3,2021
definition_differs,info,Definition differs - limited cross-country comparability,GRC,2_3,2021
definition_differs,info,Definition differs - limited cross-country comparability,GRC,2_3,2021
definition_differs,info,Definition differs - limited cross-country comparability,HUN,2_3,2021
definition_differs,info,Definition differs - limited cross-country comparability,HUN,2_3,2021
definition_differs,info,Definition differs - limited cross-country comparability,HUN,2_3,2021
definition_differs,info,Definition differs - limited cross-country comparability,IRL,2_3,2021
definition_differs,info,Definition differs - limited cross-country comparability,IRL,2_3,2021
definition_differs,info,Definition differs - limited cross-country comparability,IRL,2_3,2021
definition_differs,info,Definition differs - limited cross-country comparability,ISR,2_3,2021
definition_differs,info,Definition differs - limited cross-country comparability,ISR,2_3,2021
definition_differs,info,Definition differs - limited cross-country comparability,ISR,2_3,2021
definition_differs,info,Definition differs - limited cross-country comparability,ITA,2_3,2021
definition_differs,info,Definition differs - limited cross-country comparability,ITA,2_3,2021
definition_differs,info,Definition differs - limited cross-country comparability,ITA,2_3,2021
definition_differs,info,Definition differs - limited cross-country comparability,LVA,2_3,2021
definition_differs,info,Definition differs - limited cross-country comparability,LVA,2_3,2021
definition_differs,info,Definition differs - limited cross-country comparability,LVA,2_3,2021
definition_differs,info,Definition differs - limited cross-country comparability,LTU,2_3,2021
definition_differs,info,Definition differs - limited cross-country comparability,LTU,2_3,2021
definition_differs,info,Definition differs - limited cross-country comparability,LTU,2_3,2021
definition_differs,info,Definition differs - limited cross-country comparability,LUX,2_3,2021
definition_differs,info,Definition differs - limited cross-country comparability,MEX,2_3,2021
definition_differs,info,Definition differs - limited cross-country comparability,MEX,2_3,2021
definition_differs,info,Definition differs - limited cross-country comparability,MEX,2_3,2021
definition_differs,info,Definition differs - limited cross-country comparability,NLD,2_3,2021
definition_differs,info,Definition differs - limited cross-country comparability,NLD,2_3,2021
definition_differs,info,Definition differs - limited cross-country comparability,NLD,2_3,2021
definition_differs,info,Definition differs - limited cross-country comparability,NZL,2_3,2021
definition_differs,info,Definition differs - limited cross-country comparability,NZL,2_3,2021
definition_differs,info,Definition differs - limited cross-country comparability,NZL,2_3,2021
definition_differs,info,Definition differs - limited cross-country comparability,NOR,2_3,2021
definition_differs,info,Definition differs - limited cross-country comparability,NOR,2_3,2021
definition_differs,info,Definition differs - limited cross-country comparability,NOR,2_3,2021
definition_differs,info,Definition differs - limited cross-country comparability,POL,2_3,2021
definition_differs,info,Definition differs - limited cross-country comparability,POL,2_3,2021
definition_differs,info,Definition differs - limited cross-country comparability,POL,2_3,2021
definition_differs,info,Definition differs - limited cross-country comparability,PRT,2_3,2021
definition_differs,info,Definition differs - limited cross-country comparability,PRT,2_3,2021
definition_differs,info,Definition differs - limited cross-country comparability,PRT,2_3,2021
definition_differs,info,Definition differs - limited cross-country comparability,SVK,2_3,2021
definition_differs,info,Definition differs - limited cross-country comparability,SVK,2_3,2021
definition_differs,info,Definition differs - limited cross-country comparability,SVK,2_3,2021
definition_differs,info,Definition differs - limited cross-country comparability,SVN,2_3,2021
definition_differs,info,Definition differs - limited cross-country comparability,SVN,2_3,2021
definition_differs,info,Definition differs - limited cross-country comparability,SVN,2_3,2021
definition_differs,info,Definition differs - limited cross-country comparability,ESP,2_3,2021
definition_differs,info,Definition differs - limited cross-country comparability,ESP,2_3,2021
definition_differs,info,Definition differs - limited cross-country comparability,ESP,2_3,2021
definition_differs,info,Definition differs - limited cross-country comparability,SWE,2_3,2021
definition_differs,info,Definition differs - limited cross-country comparability,SWE,2_3,2021
definition_differs,info,Definition differs - limited cross-country comparability,SWE,2_3,2021
definition_differs,info,Definition differs - limited cross-country comparability,CHE,2_3,2021
definition_differs,info,Definition differs - limited cross-country comparability,CHE,2_3,2021
definition_differs,info,Definition differs - limited cross-country comparability,CHE,2_3,2021
definition_differs,info,Definition differs - limited cross-country comparability,TUR,2_3,2021
definition_differs,info,Definition differs - limited cross-country comparability,TUR,2_3,2021
definition_differs,info,Definition differs - limited cross-country comparability,TUR,2_3,2021
definition_differs,info,Definition differs - limited cross-country comparability,GBR,2_3,2021
definition_differs,info,Definition differs - limited cross-country comparability,GBR,2_3,2021
definition_differs,info,Definition differs - limited cross-country comparability,GBR,2_3,2021
definition_differs,info,Definition differs - limited cross-country comparability,USA,2_3,2021
definition_differs,info,Definition differs - limited cross-country comparability,USA,2_3,2021
definition_differs,info,Definition differs - limited cross-country comparability,USA,2_3,2021
definition_differs,info,Definition differs - limited cross-country comparability,ARG,2_3,2021
definition_differs,info,Definition differs - limited cross-country comparability,ARG,2_3,2021
definition_differs,info,Definition differs - limited cross-country comparability,ARG,2_3,2021
definition_differs,info,Definition differs - limited cross-country comparability,BRA,2_3,2021
definition_differs,info,Definition differs - limited cross-country comparability,BRA,2_3,2021
definition_differs,info,Definition differs - limited cross-country comparability,BRA,2_3,2021
definition_differs,info,Definition differs - limited cross-country comparability,IDN,2_3,2021
definition_differs,info,Definition differs - limited cross-country comparability,IDN,2_3,2021
definition_differs,info,Definition differs - limited cross-country comparability,IDN,2_3,2021
definition_differs,info,Definition differs - limited cross-country comparability,AUS,2_3,2018
definition_differs,info,Definition differs - limited cross-country comparability,AUS,2_3,2018
definition_differs,info,Definition differs - limited cross-country comparability,AUS,2_3,2018
definition_differs,info,Definition differs - limited cross-country comparability,AUT,2_3,2018
definition_differs,info,Definition differs - limited cross-country comparability,AUT,2_3,2018
definition_differs,info,Definition differs - limited cross-country comparability,AUT,2_3,2018
definition_differs,info,Definition differs - limited cross-country comparability,BEL,2_3,2018
definition_differs,info,Definition differs - limited cross-country comparability,BEL,2_3,2018
definition_differs,info,Definition differs - limited cross-country comparability,BEL,2_3,2018
definition_differs,info,Definition differs - limited cross-country comparability,CAN,2_3,2018
definition_differs,info,Definition differs - limited cross-country comparability,CAN,2_3,2018
definition_differs,info,Definition differs - limited cross-country comparability,CAN,2_3,2018
definition_differs,info,Definition differs - limited cross-country comparability,COL,2_3,2018
definition_differs,info,Definition differs - limited cross-country comparability,COL,2_3,2018
definition_differs,info,Definition differs - limited cross-country comparability,COL,2_3,2018
definition_differs,info,Definition differs - limited cross-country comparability,CRI,2_3,2018
definition_differs,info,Definition differs - limited cross-country comparability,CRI,2_3,2018
definition_differs,info,Definition differs - limited cross-country comparability,CRI,2_3,2018
definition_differs,info,Definition differs - limited cross-country comparability,CZE,2_3,2018
definition_differs,info,Definition differs - limited cross-country comparability,CZE,2_3,2018
definition_differs,info,Definition differs - limited cross-country comparability,CZE,2_3,2018
definition_differs,info,Definition differs - limited cross-country comparability,DNK,2_3,2018
definition_differs,info,Definition differs - limited cross-country comparability,DNK,2_3,2018
definition_differs,info,Definition differs - limited cross-country comparability,DNK,2_3,2018
definition_differs,info,Definition differs - limited cross-country comparability,EST,2_3,2018
definition_differs,info,Definition differs - limited cross-country comparability,EST,2_3,2018
definition_differs,info,Definition differs - limited cross-country comparability,EST,2_3,2018
definition_differs,info,Definition differs - limited cross-country comparability,FIN,2_3,2018
definition_differs,info,Definition differs - limited cross-country comparability,FIN,2_3,2018
definition_differs,info,Definition differs - limited cross-country comparability,FIN,2_3,2018
definition_differs,info,Definition differs - limited cross-country comparability,FRA,2_3,2018
definition_differs,info,Definition differs - limited cross-country comparability,FRA,2_3,2018
definition_differs,info,Definition differs - limited cross-country comparability,FRA,2_3,2018
definition_differs,info,Definition differs - limited cross-country comparability,DEU,2_3,2018
definition_differs,info,Definition differs - limited cross-country comparability,DEU,2_3,2018
definition_differs,info,Definition differs - limited cross-country comparability,DEU,2_3,2018
definition_differs,info,Definition differs - limited cross-country comparability,GRC,2_3,2018
definition_differs,info,Definition differs - limited cross-country comparability,GRC,2_3,2018
definition_differs,info,Definition differs - limited cross-country comparability,GRC,2_3,2018
definition_differs,info,Definition differs - limited cross-country comparability,HUN,2_3,2018
definition_differs,info,Definition differs - limited cross-country comparability,HUN,2_3,2018
definition_differs,info,Definition differs - limited cross-country comparability,HUN,2_3,2018
definition_differs,info,Definition differs - limited cross-country comparability,IRL,2_3,2018
definition_differs,info,Definition differs - limited cross-country comparability,IRL,2_3,2018
definition_differs,info,Definition differs - limited cross-country comparability,IRL,2_3,2018
definition_differs,info,Definition differs - limited cross-country comparability,ISR,2_3,2018
definition_differs,info,Definition differs - limited cross-country comparability,ISR,2_3,2018
definition_differs,info,Definition differs - limited cross-country comparability,ISR,2_3,2018
definition_differs,info,Definition differs - limited cross-country comparability,ITA,2_3,2018
definition_differs,info,Definition differs - limited cross-country comparability,ITA,2_3,2018
definition_differs,info,Definition differs - limited cross-country comparability,ITA,2_3,2018
definition_differs,info,Definition differs - limited cross-country comparability,LVA,2_3,2018
definition_differs,info,Definition differs - limited cross-country comparability,LVA,2_3,2018
definition_differs,info,Definition differs - limited cross-country comparability,LVA,2_3,2018
definition_differs,info,Definition differs - limited cross-country comparability,LTU,2_3,2018
definition_differs,info,Definition differs - limited cross-country comparability,LTU,2_3,2018
definition_differs,info,Definition differs - limited cross-country comparability,LTU,2_3,2018
definition_differs,info,Definition differs - limited cross-country comparability,LUX,2_3,2018
definition_differs,info,Definition differs - limited cross-country comparability,LUX,2_3,2018
definition_differs,info,Definition differs - limited cross-country comparability,LUX,2_3,2018
definition_differs,info,Definition differs - limited cross-country comparability,MEX,2_3,2018
definition_differs,info,Definition differs - limited cross-country comparability,MEX,2_3,2018
definition_differs,info,Definition differs - limited cross-country comparability,MEX,2_3,2018
definition_differs,info,Definition differs - limited cross-country comparability,NLD,2_3,2018
definition_differs,info,Definition differs - limited cross-country comparability,NLD,2_3,2018
definition_differs,info,Definition differs - limited cross-country comparability,NLD,2_3,2018
definition_differs,info,Definition differs - limited cross-country comparability,NZL,2_3,2018
definition_differs,info,Definition differs - limited cross-country comparability,NZL,2_3,2018
definition_differs,info,Definition differs - limited cross-country comparability,NZL,2_3,2018
definition_differs,info,Definition differs - limited cross-country comparability,NOR,2_3,2018
definition_differs,info,Definition differs - limited cross-country comparability,NOR,2_3,2018
definition_differs,info,Definition differs - limited cross-country comparability,NOR,2_3,2018
definition_differs,info,Definition differs - limited cross-country comparability,POL,2_3,2018
definition_differs,info,Definition differs - limited cross-country comparability,POL,2_3,2018
definition_differs,info,Definition differs - limited cross-country comparability,POL,2_3,2018
definition_differs,info,Definition differs - limited cross-country comparability,PRT,2_3,2018
definition_differs,info,Definition differs - limited cross-country comparability,PRT,2_3,2018
definition_differs,info,Definition differs - limited cross-country comparability,PRT,2_3,2018
definition_differs,info,Definition differs - limited cross-country comparability,SVK,2_3,2018
definition_differs,info,Definition differs - limited cross-country comparability,SVK,2_3,2018
definition_differs,info,Definition differs - limited cross-country comparability,SVK,2_3,2018
definition_differs,info,Definition differs - limited cross-country comparability,SVN,2_3,2018
definition_differs,info,Definition differs - limited cross-country comparability,SVN,2_3,2018
definition_differs,info,Definition differs - limited cross-country comparability,SVN,2_3,2018
definition_differs,info,Definition differs - limited cross-country comparability,ESP,2_3,2018
definition_differs,info,Definition differs - limited cross-country comparability,ESP,2_3,2018
definition_differs,info,Definition differs - limited cross-country comparability,ESP,2_3,2018
definition_differs,info,Definition differs - limited cross-country comparability,SWE,2_3,2018
definition_differs,info,Definition differs - limited cross-country comparability,SWE,2_3,2018
definition_differs,info,Definition differs - limited cross-country comparability,SWE,2_3,2018
definition_differs,info,Definition differs - limited cross-country comparability,CHE,2_3,2018
definition_differs,info,Definition differs - limited cross-country comparability,CHE,2_3,2018
definition_differs,info,Definition differs - limited cross-country comparability,CHE,2_3,2018
definition_differs,info,Definition differs - limited cross-country comparability,TUR,2_3,2018
definition_differs,info,Definition differs - limited cross-country comparability,TUR,2_3,2018
definition_differs,info,Definition differs - limited cross-country comparability,TUR,2_3,2018
definition_differs,info,Definition differs - limited cross-country comparability,GBR,2_3,2018
definition_differs,info,Definition differs - limited cross-country comparability,GBR,2_3,2018
definition_differs,info,Definition differs - limited cross-country comparability,GBR,2_3,2018
definition_differs,info,Definition differs - limited cross-country comparability,USA,2_3,2018
definition_differs,info,Definition differs - limited cross-country comparability,USA,2_3,2018
definition_differs,info,Definition differs - limited cross-country comparability,USA,2_3,2018
definition_differs,info,Definition differs - limited cross-country comparability,ARG,2_3,2018
definition_differs,info,Definition differs - limited cross-country comparability,ARG,2_3,2018
definition_differs,info,Definition differs - limited cross-country comparability,ARG,2_3,2018
definition_differs,info,Definition differs - limited cross-country comparability,BRA,2_3,2018
definition_differs,info,Definition differs - limited cross-country comparability,BRA,2_3,2018
definition_differs,info,Definition differs - limited cross-country comparability,BRA,2_3,2018
definition_differs,info,Definition differs - limited cross-country comparability,IDN,2_3,2018
definition_differs,info,Definition differs - limited cross-country comparability,IDN,2_3,2018
definition_differs,info,Definition differs - limited cross-country comparability,AUT,2_9,2013
definition_differs,info,Definition differs - limited cross-country comparability,AUT,2_9,2013
definition_differs,info,Definition differs - limited cross-country comparability,AUT,2_9,2018
definition_differs,info,Definition differs - limited cross-country comparability,AUT,2_9,2018
definition_differs,info,Definition differs - limited cross-country comparability,AUT,2_9,2023
definition_differs,info,Definition differs - limited cross-country comparability,AUT,2_9,2023
definition_differs,info,Definition differs - limited cross-country comparability,BEL,2_9,2013
definition_differs,info,Definition differs - limited cross-country comparability,BEL,2_9,2013
definition_differs,info,Definition differs - limited cross-country comparability,BEL,2_9,2018
definition_differs,info,Definition differs - limited cross-country comparability,BEL,2_9,2018
definition_differs,info,Definition differs - limited cross-country comparability,BEL,2_9,2023
definition_differs,info,Definition differs - limited cross-country comparability,BEL,2_9,2023
definition_differs,info,Definition differs - limited cross-country comparability,CZE,2_9,2013
definition_differs,info,Definition differs - limited cross-country comparability,CZE,2_9,2013
definition_differs,info,Definition differs - limited cross-country comparability,CZE,2_9,2018
definition_differs,info,Definition differs - limited cross-country comparability,CZE,2_9,2018
definition_differs,info,Definition differs - limited cross-country comparability,CZE,2_9,2023
definition_differs,info,Definition differs - limited cross-country comparability,CZE,2_9,2023
definition_differs,info,Definition differs - limited cross-country comparability,DNK,2_9,2013
definition_differs,info,Definition differs - limited cross-country comparability,DNK,2_9,2013
definition_differs,info,Definition differs - limited cross-country comparability,DNK,2_9,2018
definition_differs,info,Definition differs - limited cross-country comparability,DNK,2_9,2018
definition_differs,info,Definition differs - limited cross-country comparability,DNK,2_9,2023
definition_differs,info,Definition differs - limited cross-country comparability,DNK,2_9,2023
definition_differs,info,Definition differs - limited cross-country comparability,DNK,2_9,2023
definition_differs,info,Definition differs - limited cross-country comparability,EST,2_9,2013
definition_differs,info,Definition differs - limited cross-country comparability,EST,2_9,2013
definition_differs,info,Definition differs - limited cross-country comparability,EST,2_9,2018
definition_differs,info,Definition differs - limited cross-country comparability,EST,2_9,2018
definition_differs,info,Definition differs - limited cross-country comparability,EST,2_9,2023
definition_differs,info,Definition differs - limited cross-country comparability,EST,2_9,2023
definition_differs,info,Definition differs - limited cross-country comparability,FIN,2_9,2013
definition_differs,info,Definition differs - limited cross-country comparability,FIN,2_9,2013
definition_differs,info,Definition differs - limited cross-country comparability,FIN,2_9,2018
definition_differs,info,Definition differs - limited cross-country comparability,FIN,2_9,2018
definition_differs,info,Definition differs - limited cross-country comparability,FIN,2_9,2023
definition_differs,info,Definition differs - limited cross-country comparability,FIN,2_9,2023
definition_differs,info,Definition differs - limited cross-country comparability,FRA,2_9,2013
definition_differs,info,Definition differs - limited cross-country comparability,FRA,2_9,2013
definition_differs,info,Definition differs - limited cross-country comparability,FRA,2_9,2018
definition_differs,info,Definition differs - limited cross-country comparability,FRA,2_9,2018
definition_differs,info,Definition differs - limited cross-country comparability,DEU,2_9,2013
definition_differs,info,Definition differs - limited cross-country comparability,DEU,2_9,2018
definition_differs,info,Definition differs - limited cross-country comparability,GRC,2_9,2013
definition_differs,info,Definition differs - limited cross-country comparability,GRC,2_9,2023
definition_differs,info,Definition differs - limited cross-country comparability,HUN,2_9,2013
definition_differs,info,Definition differs - limited cross-country comparability,HUN,2_9,2018
definition_differs,info,Definition differs - limited cross-country comparability,HUN,2_9,2018
definition_differs,info,Definition differs - limited cross-country comparability,ISL,2_9,2013
definition_differs,info,Definition differs - limited cross-country comparability,ISL,2_9,2013
definition_differs,info,Definition differs - limited cross-country comparability,ISL,2_9,2013
definition_differs,info,Definition differs - limited cross-country comparability,ISL,2_9,2013
definition_differs,info,Definition differs - limited cross-country comparability,ISL,2_9,2013
definition_differs,info,Definition differs - limited cross-country comparability,ISL,2_9,2013
definition_differs,info,Definition differs - limited cross-country comparability,ISL,2_9,2013
definition_differs,info,Definition differs - limited cross-country comparability,ISL,2_9,2013
definition_differs,info,Definition differs - limited cross-country comparability,ISL,2_9,2018
definition_differs,info,Definition differs - limited cross-country comparability,ISL,2_9,2018
definition_differs,info,Definition differs - limited cross-country comparability,ISL,2_9,2018
definition_differs,info,Definition differs - limited cross-country comparability,ISL,2_9,2018
definition_differs,info,Definition differs - limited cross-country comparability,ISL,2_9,2018
definition_differs,info,Definition differs - limited cross-country comparability,ISL,2_9,2018
definition_differs,info,Definition differs - limited cross-country comparability,ISL,2_9,2018
definition_differs,info,Definition differs - limited cross-country comparability,IRL,2_9,2013
definition_differs,info,Definition differs - limited cross-country comparability,IRL,2_9,2013
definition_differs,info,Definition differs - limited cross-country comparability,IRL,2_9,2013
definition_differs,info,Definition differs - limited cross-country comparability,IRL,2_9,2013
definition_differs,info,Definition differs - limited cross-country comparability,IRL,2_9,2018
definition_differs,info,Definition differs - limited cross-country comparability,IRL,2_9,2018
definition_differs,info,Definition differs - limited cross-country comparability,IRL,2_9,2018
definition_differs,info,Definition differs - limited cross-country comparability,ITA,2_9,2013
definition_differs,info,Definition differs - limited cross-country comparability,LVA,2_9,2013
definition_differs,info,Definition differs - limited cross-country comparability,LVA,2_9,2013
definition_differs,info,Definition differs - limited cross-country comparability,LVA,2_9,2018
definition_differs,info,Definition differs - limited cross-country comparability,LVA,2_9,2018
definition_differs,info,Definition differs - limited cross-country comparability,LVA,2_9,2023
definition_differs,info,Definition differs - limited cross-country comparability,LVA,2_9,2023
definition_differs,info,Definition differs - limited cross-country comparability,LTU,2_9,2013
definition_differs,info,Definition differs - limited cross-country comparability,LTU,2_9,2013
definition_differs,info,Definition differs - limited cross-country comparability,LTU,2_9,2018
definition_differs,info,Definition differs - limited cross-country comparability,LTU,2_9,2018
definition_differs,info,Definition differs - limited cross-country comparability,LTU,2_9,2023
definition_differs,info,Definition differs - limited cross-country comparability,LTU,2_9,2023
definition_differs,info,Definition differs - limited cross-country comparability,LUX,2_9,2013
definition_differs,info,Definition differs - limited cross-country comparability,LUX,2_9,2013
definition_differs,info,Definition differs - limited cross-country comparability,LUX,2_9,2013
definition_differs,info,Definition differs - limited cross-country comparability,LUX,2_9,2013
definition_differs,info,Definition differs - limited cross-country comparability,LUX,2_9,2018
definition_differs,info,Definition differs - limited cross-country comparability,LUX,2_9,2018
definition_differs,info,Definition differs - limited cross-country comparability,LUX,2_9,2018
definition_differs,info,Definition differs - limited cross-country comparability,LUX,2_9,2023
definition_differs,info,Definition differs - limited cross-country comparability,LUX,2_9,2023
definition_differs,info,Definition differs - limited cross-country comparability,NLD,2_9,2013
definition_differs,info,Definition differs - limited cross-country comparability,NLD,2_9,2013
definition_differs,info,Definition differs - limited cross-country comparability,NLD,2_9,2018
definition_differs,info,Definition differs - limited cross-country comparability,NLD,2_9,2018
definition_differs,info,Definition differs - limited cross-country comparability,NLD,2_9,2023
definition_differs,info,Definition differs - limited cross-country comparability,NLD,2_9,2023
definition_differs,info,Definition differs - limited cross-country comparability,NOR,2_9,2013
definition_differs,info,Definition differs - limited cross-country comparability,NOR,2_9,2013
definition_differs,info,Definition differs - limited cross-country comparability,NOR,2_9,2018
definition_differs,info,Definition differs - limited cross-country comparability,NOR,2_9,2018
definition_differs,info,Definition differs - limited cross-country comparability,NOR,2_9,2023
definition_differs,info,Definition differs - limited cross-country comparability,NOR,2_9,2023
definition_differs,info,Definition differs - limited cross-country comparability,POL,2_9,2013
definition_differs,info,Definition differs - limited cross-country comparability,POL,2_9,2018
definition_differs,info,Definition differs - limited cross-country comparability,POL,2_9,2023
definition_differs,info,Definition differs - limited cross-country comparability,POL,2_9,2023
definition_differs,info,Definition differs - limited cross-country comparability,PRT,2_9,2013
definition_differs,info,Definition differs - limited cross-country comparability,PRT,2_9,2013
definition_differs,info,Definition differs - limited cross-country comparability,PRT,2_9,2013
definition_differs,info,Definition differs - limited cross-country comparability,PRT,2_9,2018
definition_differs,info,Definition differs - limited cross-country comparability,PRT,2_9,2023
definition_differs,info,Definition differs - limited cross-country comparability,SVK,2_9,2013
definition_differs,info,Definition differs - limited cross-country comparability,SVK,2_9,2018
definition_differs,info,Definition differs - limited cross-country comparability,SVK,2_9,2023
definition_differs,info,Definition differs - limited cross-country comparability,SVN,2_9,2013
definition_differs,info,Definition differs - limited cross-country comparability,SVN,2_9,2013
definition_differs,info,Definition differs - limited cross-country comparability,SVN,2_9,2018
definition_differs,info,Definition differs - limited cross-country comparability,SVN,2_9,2018
definition_differs,info,Definition differs - limited cross-country comparability,SVN,2_9,2023
definition_differs,info,Definition differs - limited cross-country comparability,SVN,2_9,2023
definition_differs,info,Definition differs - limited cross-country comparability,SWE,2_9,2013
definition_differs,info,Definition differs - limited cross-country comparability,SWE,2_9,2013
definition_differs,info,Definition differs - limited cross-country comparability,SWE,2_9,2023
definition_differs,info,Definition differs - limited cross-country comparability,SWE,2_9,2023
definition_differs,info,Definition differs - limited cross-country comparability,CHE,2_9,2013
definition_differs,info,Definition differs - limited cross-country comparability,CHE,2_9,2018
definition_differs,info,Definition differs - limited cross-country comparability,CHE,2_9,2018
definition_differs,info,Definition differs - limited cross-country comparability,CHE,2_9,2023
definition_differs,info,Definition differs - limited cross-country comparability,GBR,2_9,2013
definition_differs,info,Definition differs - limited cross-country comparability,GBR,2_9,2018
definition_differs,info,Definition differs - limited cross-country comparability,BGR,2_9,2013
definition_differs,info,Definition differs - limited cross-country comparability,BGR,2_9,2013
definition_differs,info,Definition differs - limited cross-country comparability,BGR,2_9,2018
definition_differs,info,Definition differs - limited cross-country comparability,BGR,2_9,2018
definition_differs,info,Definition differs - limited cross-country comparability,BGR,2_9,2023
definition_differs,info,Definition differs - limited cross-country comparability,BGR,2_9,2023
definition_differs,info,Definition differs - limited cross-country comparability,HRV,2_9,2013
definition_differs,info,Definition differs - limited cross-country comparability,HRV,2_9,2013
definition_differs,info,Definition differs - limited cross-country comparability,HRV,2_9,2013
definition_differs,info,Definition differs - limited cross-country comparability,HRV,2_9,2013
definition_differs,info,Definition differs - limited cross-country comparability,HRV,2_9,2013
definition_differs,info,Definition differs - limited cross-country comparability,HRV,2_9,2013
definition_differs,info,Definition differs - limited cross-country comparability,HRV,2_9,2013
definition_differs,info,Definition differs - limited cross-country comparability,HRV,2_9,2018
definition_differs,info,Definition differs - limited cross-country comparability,HRV,2_9,2018
definition_differs,info,Definition differs - limited cross-country comparability,HRV,2_9,2018
definition_differs,info,Definition differs - limited cross-country comparability,ROU,2_9,2013
definition_differs,info,Definition differs - limited cross-country comparability,ROU,2_9,2018
definition_differs,info,Definition differs - limited cross-country comparability,ROU,2_9,2018
definition_differs,info,Definition differs - limited cross-country comparability,ROU,2_9,2023
definition_differs,info,Definition differs - limited cross-country comparability,ROU,2_9,2023
definition_differs,info,Definition differs - limited cross-country comparability,FRA,8_2,2007
definition_differs,info,Definition differs - limited cross-country comparability,FRA,8_2,2007
definition_differs,info,Definition differs - limited cross-country comparability,FRA,8_2,2012
definition_differs,info,Definition differs - limited cross-country comparability,FRA,8_2,2012
definition_differs,info,Definition differs - limited cross-country comparability,FRA,8_2,2017
definition_differs,info,Definition differs - limited cross-country comparability,FRA,8_2,2017
definition_differs,info,Definition differs - limited cross-country comparability,FRA,8_2,2022
definition_differs,info,Definition differs - limited cross-country comparability,FRA,8_2,2022
definition_differs,info,Definition differs - limited cross-country comparability,JPN,8_2,2004
definition_differs,info,Definition differs - limited cross-country comparability,JPN,8_2,2004
definition_differs,info,Definition differs - limited cross-country comparability,JPN,8_2,2005
definition_differs,info,Definition differs - limited cross-country comparability,JPN,8_2,2005
definition_differs,info,Definition differs - limited cross-country comparability,JPN,8_2,2007
definition_differs,info,Definition differs - limited cross-country comparability,JPN,8_2,2007
definition_differs,info,Definition differs - limited cross-country comparability,JPN,8_2,2009
definition_differs,info,Definition differs - limited cross-country comparability,JPN,8_2,2009
definition_differs,info,Definition differs - limited cross-country comparability,JPN,8_2,2010
definition_differs,info,Definition differs - limited cross-country comparability,JPN,8_2,2010
definition_differs,info,Definition differs - limited cross-country comparability,JPN,8_2,2012
definition_differs,info,Definition differs - limited cross-country comparability,JPN,8_2,2012
definition_differs,info,Definition differs - limited cross-country comparability,JPN,8_2,2013
definition_differs,info,Definition differs - limited cross-country comparability,JPN,8_2,2013
definition_differs,info,Definition differs - limited cross-country comparability,JPN,8_2,2014
definition_differs,info,Definition differs - limited cross-country comparability,JPN,8_2,2014
definition_differs,info,Definition differs - limited cross-country comparability,JPN,8_2,2016
definition_differs,info,Definition differs - limited cross-country comparability,JPN,8_2,2016
definition_differs,info,Definition differs - limited cross-country comparability,JPN,8_2,2017
definition_differs,info,Definition differs - limited cross-country comparability,JPN,8_2,2017
definition_differs,info,Definition differs - limited cross-country comparability,JPN,8_2,2019
definition_differs,info,Definition differs - limited cross-country comparability,JPN,8_2,2019
definition_differs,info,Definition differs - limited cross-country comparability,JPN,8_2,2021
definition_differs,info,Definition differs - limited cross-country comparability,JPN,8_2,2021
definition_differs,info,Definition differs - limited cross-country comparability,JPN,8_2,2022
definition_differs,info,Definition differs - limited cross-country comparability,JPN,8_2,2022
definition_differs,info,Definition differs - limited cross-country comparability,JPN,8_2,2024
definition_differs,info,Definition differs - limited cross-country comparability,JPN,8_2,2024
definition_differs,info,Definition differs - limited cross-country comparability,KOR,11_1,2013
definition_differs,info,Definition differs - limited cross-country comparability,KOR,11_1,2013
definition_differs,info,Definition differs - limited cross-country comparability,KOR,11_1,2014
definition_differs,info,Definition differs - limited cross-country comparability,KOR,11_1,2014
definition_differs,info,Definition differs - limited cross-country comparability,KOR,11_1,2015
definition_differs,info,Definition differs - limited cross-country comparability,KOR,11_1,2015
definition_differs,info,Definition differs - limited cross-country comparability,KOR,11_1,2016
definition_differs,info,Definition differs - limited cross-country comparability,KOR,11_1,2016
definition_differs,info,Definition differs - limited cross-country comparability,KOR,11_1,2017
definition_differs,info,Definition differs - limited cross-country comparability,KOR,11_1,2017
definition_differs,info,Definition differs - limited cross-country comparability,KOR,11_1,2018
definition_differs,info,Definition differs - limited cross-country comparability,KOR,11_1,2018
definition_differs,info,Definition differs - limited cross-country comparability,KOR,11_1,2019
definition_differs,info,Definition differs - limited cross-country comparability,KOR,11_1,2019
definition_differs,info,Definition differs - limited cross-country comparability,NOR,8_2,2005
definition_differs,info,Definition differs - limited cross-country comparability,NOR,8_2,2005
definition_differs,info,Definition differs - limited cross-country comparability,NOR,8_2,2009
definition_differs,info,Definition differs - limited cross-country comparability,NOR,8_2,2009
definition_differs,info,Definition differs - limited cross-country comparability,NOR,8_2,2013
definition_differs,info,Definition differs - limited cross-country comparability,NOR,8_2,2013
definition_differs,info,Definition differs - limited cross-country comparability,NOR,8_2,2017
definition_differs,info,Definition differs - limited cross-country comparability,NOR,8_2,2017
definition_differs,info,Definition differs - limited cross-country comparability,NOR,8_2,2021
definition_differs,info,Definition differs - limited cross-country comparability,NOR,8_2,2021
definition_differs,info,Definition differs - limited cross-country comparability,SWE,8_2,2006
definition_differs,info,Definition differs - limited cross-country comparability,SWE,8_2,2006
definition_differs,info,Definition differs - limited cross-country comparability,SWE,8_2,2010
definition_differs,info,Definition differs - limited cross-country comparability,SWE,8_2,2010
definition_differs,info,Definition differs - limited cross-country comparability,SWE,8_2,2014
definition_differs,info,Definition differs - limited cross-country comparability,SWE,8_2,2014
definition_differs,info,Definition differs - limited cross-country comparability,SWE,8_2,2018
definition_differs,info,Definition differs - limited cross-country comparability,SWE,8_2,2018
definition_differs,info,Definition differs - limited cross-country comparability,SWE,8_2,2022
definition_differs,info,Definition differs - limited cross-country comparability,SWE,8_2,2022
definition_differs,info,Definition differs - limited cross-country comparability,TUR,10_1,2009
definition_differs,info,Definition differs - limited cross-country comparability,TUR,10_1,2009
definition_differs,info,Definition differs - limited cross-country comparability,TUR,10_1,2010
definition_differs,info,Definition differs - limited cross-country comparability,TUR,10_1,2010
definition_differs,info,Definition differs - limited cross-country comparability,TUR,10_1,2011
definition_differs,info,Definition differs - limited cross-country comparability,TUR,10_1,2011
definition_differs,info,Definition differs - limited cross-country comparability,TUR,10_1,2012
definition_differs,info,Definition differs - limited cross-country comparability,TUR,10_1,2012
definition_differs,info,Definition differs - limited cross-country comparability,TUR,10_1,2013
definition_differs,info,Definition differs - limited cross-country comparability,TUR,10_1,2013
definition_differs,info,Definition differs - limited cross-country comparability,TUR,10_1,2014
definition_differs,info,Definition differs - limited cross-country comparability,TUR,10_1,2014
definition_differs,info,Definition differs - limited cross-country comparability,TUR,10_1,2015
definition_differs,info,Definition differs - limited cross-country comparability,TUR,10_1,2015
definition_differs,info,Definition differs - limited cross-country comparability,TUR,10_1,2016
definition_differs,info,Definition differs - limited cross-country comparability,TUR,10_1,2016
definition_differs,info,Definition differs - limited cross-country comparability,FIN,11_1,2023
definition_differs,info,Definition differs - limited cross-country comparability,FIN,11_1,2024
definition_differs,info,Definition differs - limited cross-country comparability,FRA,8_2,2007
definition_differs,info,Definition differs - limited cross-country comparability,FRA,8_2,2007
definition_differs,info,Definition differs - limited cross-country comparability,FRA,8_2,2007
definition_differs,info,Definition differs - limited cross-country comparability,FRA,8_2,2012
definition_differs,info,Definition differs - limited cross-country comparability,FRA,8_2,2012
definition_differs,info,Definition differs - limited cross-country comparability,FRA,8_2,2012
definition_differs,info,Definition differs - limited cross-country comparability,FRA,8_2,2017
definition_differs,info,Definition differs - limited cross-country comparability,FRA,8_2,2017
definition_differs,info,Definition differs - limited cross-country comparability,FRA,8_2,2017
definition_differs,info,Definition differs - limited cross-country comparability,FRA,8_2,2022
definition_differs,info,Definition differs - limited cross-country comparability,FRA,8_2,2022
definition_differs,info,Definition differs - limited cross-country comparability,FRA,8_2,2022
definition_differs,info,Definition differs - limited cross-country comparability,ISL,4_4,2013
definition_differs,info,Definition differs - limited cross-country comparability,ISL,4_4,2013
definition_differs,info,Definition differs - limited cross-country comparability,ISL,7_3,2013
definition_differs,info,Definition differs - limited cross-country comparability,ISL,11_1,2013
definition_differs,info,Definition differs - limited cross-country comparability,ISL,11_1,2013
definition_differs,info,Definition differs - limited cross-country comparability,ISL,4_4,2018
definition_differs,info,Definition differs - limited cross-country comparability,ISL,4_4,2018
definition_differs,info,Definition differs - limited cross-country comparability,ISL,7_3,2018
definition_differs,info,Definition differs - limited cross-country comparability,ISL,7_3,2018
definition_differs,info,Definition differs - limited cross-country comparability,ISL,11_1,2018
definition_differs,info,Definition differs - limited cross-country comparability,ISL,11_1,2018
definition_differs,info,Definition differs - limited cross-country comparability,KOR,11_1,2013
definition_differs,info,Definition differs - limited cross-country comparability,KOR,11_1,2013
definition_differs,info,Definition differs - limited cross-country comparability,KOR,11_1,2013
definition_differs,info,Definition differs - limited cross-country comparability,KOR,11_1,2014
definition_differs,info,Definition differs - limited cross-country comparability,KOR,11_1,2014
definition_differs,info,Definition differs - limited cross-country comparability,KOR,11_1,2014
definition_differs,info,Definition differs - limited cross-country comparability,KOR,11_1,2015
definition_differs,info,Definition differs - limited cross-country comparability,KOR,11_1,2015
definition_differs,info,Definition differs - limited cross-country comparability,KOR,11_1,2015
definition_differs,info,Definition differs - limited cross-country comparability,KOR,11_1,2016
definition_differs,info,Definition differs - limited cross-country comparability,KOR,11_1,2016
definition_differs,info,Definition differs - limited cross-country comparability,KOR,11_1,2016
definition_differs,info,Definition differs - limited cross-country comparability,KOR,11_1,2017
definition_differs,info,Definition differs - limited cross-country comparability,KOR,11_1,2017
definition_differs,info,Definition differs - limited cross-country comparability,KOR,11_1,2017
definition_differs,info,Definition differs - limited cross-country comparability,KOR,11_1,2018
definition_differs,info,Definition differs - limited cross-country comparability,KOR,11_1,2018
definition_differs,info,Definition differs - limited cross-country comparability,KOR,11_1,2018
definition_differs,info,Definition differs - limited cross-country comparability,KOR,11_1,2019
definition_differs,info,Definition differs - limited cross-country comparability,KOR,11_1,2019
definition_differs,info,Definition differs - limited cross-country comparability,KOR,11_1,2019
definition_differs,info,Definition differs - limited cross-country comparability,LVA,4_4,2022
definition_differs,info,Definition differs - limited cross-country comparability,LVA,7_3,2022
definition_differs,info,Definition differs - limited cross-country comparability,LTU,4_4,2018
definition_differs,info,Definition differs - limited cross-country comparability,LTU,7_3,2018
definition_differs,info,Definition differs - limited cross-country comparability,LTU,11_1,2018
definition_differs,info,Definition differs - limited cross-country comparability,LTU,4_4,2022
definition_differs,info,Definition differs - limited cross-country comparability,LTU,7_3,2022
definition_differs,info,Definition differs - limited cross-country comparability,NOR,8_2,2005
definition_differs,info,Definition differs - limited cross-country comparability,NOR,8_2,2005
definition_differs,info,Definition differs - limited cross-country comparability,NOR,8_2,2005
definition_differs,info,Definition differs - limited cross-country comparability,NOR,8_2,2009
definition_differs,info,Definition differs - limited cross-country comparability,NOR,8_2,2009
definition_differs,info,Definition differs - limited cross-country comparability,NOR,8_2,2009
definition_differs,info,Definition differs - limited cross-country comparability,NOR,8_2,2013
definition_differs,info,Definition differs - limited cross-country comparability,NOR,8_2,2013
definition_differs,info,Definition differs - limited cross-country comparability,NOR,8_2,2013
definition_differs,info,Definition differs - limited cross-country comparability,NOR,8_2,2017
definition_differs,info,Definition differs - limited cross-country comparability,NOR,8_2,2017
definition_differs,info,Definition differs - limited cross-country comparability,NOR,8_2,2017
definition_differs,info,Definition differs - limited cross-country comparability,NOR,8_2,2021
definition_differs,info,Definition differs - limited cross-country comparability,NOR,8_2,2021
definition_differs,info,Definition differs - limited cross-country comparability,NOR,8_2,2021
definition_differs,info,Definition differs - limited cross-country comparability,NOR,11_1,2023
definition_differs,info,Definition differs - limited cross-country comparability,NOR,11_1,2024
definition_differs,info,Definition differs - limited cross-country comparability,SVN,11_1,2021
definition_differs,info,Definition differs - limited cross-country comparability,SWE,8_2,2006
definition_differs,info,Definition differs - limited cross-country comparability,SWE,8_2,2006
definition_differs,info,Definition differs - limited cross-country comparability,SWE,8_2,2006
definition_differs,info,Definition differs - limited cross-country comparability,SWE,8_2,2010
definition_differs,info,Definition differs - limited cross-country comparability,SWE,8_2,2010
definition_differs,info,Definition differs - limited cross-country comparability,SWE,8_2,2010
definition_differs,info,Definition differs - limited cross-country comparability,SWE,8_2,2014
definition_differs,info,Definition differs - limited cross-country comparability,SWE,8_2,2014
definition_differs,info,Definition differs - limited cross-country comparability,SWE,8_2,2014
definition_differs,info,Definition differs - limited cross-country comparability,SWE,8_2,2018
definition_differs,info,Definition differs - limited cross-country comparability,SWE,8_2,2018
definition_differs,info,Definition differs - limited cross-country comparability,SWE,8_2,2018
definition_differs,info,Definition differs - limited cross-country comparability,SWE,8_2,2022
definition_differs,info,Definition differs - limited cross-country comparability,SWE,8_2,2022
definition_differs,info,Definition differs - limited cross-country comparability,SWE,8_2,2022
definition_differs,info,Definition differs - limited cross-country comparability,HRV,4_4,2013
definition_differs,info,Definition differs - limited cross-country comparability,HRV,7_3,2013
definition_differs,info,Definition differs - limited cross-country comparability,HRV,11_1,2013
definition_differs,info,Definition differs - limited cross-country comparability,AUT,1_6,2011
definition_differs,info,Definition differs - limited cross-country comparability,AUT,1_6,2014
definition_differs,info,Definition differs - limited cross-country comparability,AUT,1_6,2017
definition_differs,info,Definition differs - limited cross-country comparability,AUT,1_6,2021
definition_differs,info,Definition differs - limited cross-country comparability,BEL,1_6,2010
definition_differs,info,Definition differs - limited cross-country comparability,BEL,1_6,2014
definition_differs,info,Definition differs - limited cross-country comparability,BEL,1_6,2017
definition_differs,info,Definition differs - limited cross-country comparability,BEL,1_6,2020
definition_differs,info,Definition differs - limited cross-country comparability,CZE,1_6,2021
definition_differs,info,Definition differs - limited cross-country comparability,EST,1_6,2013
definition_differs,info,Definition differs - limited cross-country comparability,EST,1_6,2017
definition_differs,info,Definition differs - limited cross-country comparability,EST,1_6,2021
definition_differs,info,Definition differs - limited cross-country comparability,FRA,1_6,2009
definition_differs,info,Definition differs - limited cross-country comparability,FRA,1_6,2014
definition_differs,info,Definition differs - limited cross-country comparability,FRA,1_6,2017
definition_differs,info,Definition differs - limited cross-country comparability,FRA,1_6,2020
definition_differs,info,Definition differs - limited cross-country comparability,DEU,1_6,2011
definition_differs,info,Definition differs - limited cross-country comparability,DEU,1_6,2014
definition_differs,info,Definition differs - limited cross-country comparability,DEU,1_6,2017
definition_differs,info,Definition differs - limited cross-country comparability,DEU,1_6,2021
definition_differs,info,Definition differs - limited cross-country comparability,GRC,1_6,2009
definition_differs,info,Definition differs - limited cross-country comparability,GRC,1_6,2014
definition_differs,info,Definition differs - limited cross-country comparability,GRC,1_6,2018
definition_differs,info,Definition differs - limited cross-country comparability,GRC,1_6,2021
definition_differs,info,Definition differs - limited cross-country comparability,HUN,1_6,2014
definition_differs,info,Definition differs - limited cross-country comparability,HUN,1_6,2017
definition_differs,info,Definition differs - limited cross-country comparability,HUN,1_6,2020
definition_differs,info,Definition differs - limited cross-country comparability,ISL,7_1,2008
definition_differs,info,Definition differs - limited cross-country comparability,ISL,7_1_DEP,2008
definition_differs,info,Definition differs - limited cross-country comparability,ISL,10_2,2008
definition_differs,info,Definition differs - limited cross-country comparability,ISL,10_2_DEP,2008
definition_differs,info,Definition differs - limited cross-country comparability,ISL,11_2,2008
definition_differs,info,Definition differs - limited cross-country comparability,ISL,11_3,2008
definition_differs,info,Definition differs - limited cross-country comparability,ISL,4_4_VER,2013
definition_differs,info,Definition differs - limited cross-country comparability,ISL,7_3_VER,2013
definition_differs,info,Definition differs - limited cross-country comparability,ISL,11_1_VER,2013
definition_differs,info,Definition differs - limited cross-country comparability,ISL,4_4_VER,2018
definition_differs,info,Definition differs - limited cross-country comparability,ISL,7_3_VER,2018
definition_differs,info,Definition differs - limited cross-country comparability,ISL,11_1_VER,2018
definition_differs,info,Definition differs - limited cross-country comparability,IRL,1_6,2013
definition_differs,info,Definition differs - limited cross-country comparability,IRL,1_6,2018
definition_differs,info,Definition differs - limited cross-country comparability,IRL,1_6,2020
definition_differs,info,Definition differs - limited cross-country comparability,JPN,1_3_VER,2014
definition_differs,info,Definition differs - limited cross-country comparability,KOR,11_1_VER,2013
definition_differs,info,Definition differs - limited cross-country comparability,KOR,11_1_VER,2014
definition_differs,info,Definition differs - limited cross-country comparability,KOR,11_1_VER,2015
definition_differs,info,Definition differs - limited cross-country comparability,KOR,11_1_VER,2016
definition_differs,info,Definition differs - limited cross-country comparability,KOR,11_1_VER,2017
definition_differs,info,Definition differs - limited cross-country comparability,KOR,11_1_VER,2018
definition_differs,info,Definition differs - limited cross-country comparability,KOR,11_1_VER,2019
definition_differs,info,Definition differs - limited cross-country comparability,LVA,1_6,2014
definition_differs,info,Definition differs - limited cross-country comparability,LVA,1_6,2017
definition_differs,info,Definition differs - limited cross-country comparability,LVA,1_6,2020
definition_differs,info,Definition differs - limited cross-country comparability,LTU,1_6,2016
definition_differs,info,Definition differs - limited cross-country comparability,LTU,1_6,2021
definition_differs,info,Definition differs - limited cross-country comparability,LUX,1_6,2011
definition_differs,info,Definition differs - limited cross-country comparability,LUX,1_6,2014
definition_differs,info,Definition differs - limited cross-country comparability,LUX,1_6,2018
definition_differs,info,Definition differs - limited cross-country comparability,LUX,1_6,2021
definition_differs,info,Definition differs - limited cross-country comparability,POL,1_6,2014
definition_differs,info,Definition differs - limited cross-country comparability,POL,1_6,2016
definition_differs,info,Definition differs - limited cross-country comparability,PRT,1_6,2010
definition_differs,info,Definition differs - limited cross-country comparability,PRT,1_6,2013
definition_differs,info,Definition differs - limited cross-country comparability,PRT,1_6,2017
definition_differs,info,Definition differs - limited cross-country comparability,PRT,1_6,2020
definition_differs,info,Definition differs - limited cross-country comparability,SVK,1_6,2010
definition_differs,info,Definition differs - limited cross-country comparability,SVK,1_6,2014
definition_differs,info,Definition differs - limited cross-country comparability,SVK,1_6,2017
definition_differs,info,Definition differs - limited cross-country comparability,SVK,1_6,2021
definition_differs,info,Definition differs - limited cross-country comparability,SVN,1_6,2014
definition_differs,info,Definition differs - limited cross-country comparability,SVN,1_6,2017
definition_differs,info,Definition differs - limited cross-country comparability,SVN,1_6,2021
definition_differs,info,Definition differs - limited cross-country comparability,ESP,1_6,2012
definition_differs,info,Definition differs - limited cross-country comparability,ESP,1_6,2014
definition_differs,info,Definition differs - limited cross-country comparability,ESP,1_6,2018
definition_differs,info,Definition differs - limited cross-country comparability,ESP,1_6,2021
definition_differs,info,Definition differs - limited cross-country comparability,TUR,10_1,2009
definition_differs,info,Definition differs - limited cross-country comparability,TUR,10_1,2010
definition_differs,info,Definition differs - limited cross-country comparability,TUR,10_1,2011
definition_differs,info,Definition differs - limited cross-country comparability,TUR,10_1,2012
definition_differs,info,Definition differs - limited cross-country comparability,TUR,10_1,2013
definition_differs,info,Definition differs - limited cross-country comparability,TUR,10_1,2014
definition_differs,info,Definition differs - limited cross-country comparability,TUR,10_1,2015
definition_differs,info,Definition differs - limited cross-country comparability,TUR,10_1,2016
definition_differs,info,Definition differs - limited cross-country comparability,HRV,1_6,2017
definition_differs,info,Definition differs - limited cross-country comparability,HRV,1_6,2020
definition_differs,info,Definition differs - limited cross-country comparability,FRA,8_2,2007
definition_differs,info,Definition differs - limited cross-country comparability,FRA,8_2,2007
definition_differs,info,Definition differs - limited cross-country comparability,FRA,8_2,2007
definition_differs,info,Definition differs - limited cross-country comparability,FRA,8_2,2007
definition_differs,info,Definition differs - limited cross-country comparability,FRA,8_2,2012
definition_differs,info,Definition differs - limited cross-country comparability,FRA,8_2,2012
definition_differs,info,Definition differs - limited cross-country comparability,FRA,8_2,2012
definition_differs,info,Definition differs - limited cross-country comparability,FRA,8_2,2017
definition_differs,info,Definition differs - limited cross-country comparability,FRA,8_2,2017
definition_differs,info,Definition differs - limited cross-country comparability,FRA,8_2,2017
definition_differs,info,Definition differs - limited cross-country comparability,FRA,8_2,2022
definition_differs,info,Definition differs - limited cross-country comparability,FRA,8_2,2022
definition_differs,info,Definition differs - limited cross-country comparability,FRA,8_2,2022
definition_differs,info,Definition differs - limited cross-country comparability,JPN,8_2,2004
definition_differs,info,Definition differs - limited cross-country comparability,JPN,8_2,2004
definition_differs,info,Definition differs - limited cross-country comparability,JPN,8_2,2004
definition_differs,info,Definition differs - limited cross-country comparability,JPN,8_2,2005
definition_differs,info,Definition differs - limited cross-country comparability,JPN,8_2,2005
definition_differs,info,Definition differs - limited cross-country comparability,JPN,8_2,2005
definition_differs,info,Definition differs - limited cross-country comparability,JPN,8_2,2007
definition_differs,info,Definition differs - limited cross-country comparability,JPN,8_2,2007
definition_differs,info,Definition differs - limited cross-country comparability,JPN,8_2,2007
definition_differs,info,Definition differs - limited cross-country comparability,JPN,8_2,2009
definition_differs,info,Definition differs - limited cross-country comparability,JPN,8_2,2009
definition_differs,info,Definition differs - limited cross-country comparability,JPN,8_2,2009
definition_differs,info,Definition differs - limited cross-country comparability,JPN,8_2,2010
definition_differs,info,Definition differs - limited cross-country comparability,JPN,8_2,2010
definition_differs,info,Definition differs - limited cross-country comparability,JPN,8_2,2010
definition_differs,info,Definition differs - limited cross-country comparability,JPN,8_2,2012
definition_differs,info,Definition differs - limited cross-country comparability,JPN,8_2,2012
definition_differs,info,Definition differs - limited cross-country comparability,JPN,8_2,2012
definition_differs,info,Definition differs - limited cross-country comparability,JPN,8_2,2013
definition_differs,info,Definition differs - limited cross-country comparability,JPN,8_2,2013
definition_differs,info,Definition differs - limited cross-country comparability,JPN,8_2,2013
definition_differs,info,Definition differs - limited cross-country comparability,JPN,8_2,2014
definition_differs,info,Definition differs - limited cross-country comparability,JPN,8_2,2014
definition_differs,info,Definition differs - limited cross-country comparability,JPN,8_2,2014
definition_differs,info,Definition differs - limited cross-country comparability,JPN,8_2,2016
definition_differs,info,Definition differs - limited cross-country comparability,JPN,8_2,2016
definition_differs,info,Definition differs - limited cross-country comparability,JPN,8_2,2016
definition_differs,info,Definition differs - limited cross-country comparability,JPN,8_2,2017
definition_differs,info,Definition differs - limited cross-country comparability,JPN,8_2,2017
definition_differs,info,Definition differs - limited cross-country comparability,JPN,8_2,2017
definition_differs,info,Definition differs - limited cross-country comparability,JPN,8_2,2019
definition_differs,info,Definition differs - limited cross-country comparability,JPN,8_2,2019
definition_differs,info,Definition differs - limited cross-country comparability,JPN,8_2,2019
definition_differs,info,Definition differs - limited cross-country comparability,JPN,8_2,2021
definition_differs,info,Definition differs - limited cross-country comparability,JPN,8_2,2021
definition_differs,info,Definition differs - limited cross-country comparability,JPN,8_2,2021
definition_differs,info,Definition differs - limited cross-country comparability,JPN,8_2,2022
definition_differs,info,Definition differs - limited cross-country comparability,JPN,8_2,2022
definition_differs,info,Definition differs - limited cross-country comparability,JPN,8_2,2022
definition_differs,info,Definition differs - limited cross-country comparability,JPN,8_2,2024
definition_differs,info,Definition differs - limited cross-country comparability,JPN,8_2,2024
definition_differs,info,Definition differs - limited cross-country comparability,JPN,8_2,2024
definition_differs,info,Definition differs - limited cross-country comparability,NOR,8_2,2017
definition_differs,info,Definition differs - limited cross-country comparability,NOR,8_2,2017
definition_differs,info,Definition differs - limited cross-country comparability,NOR,8_2,2017
definition_differs,info,Definition differs - limited cross-country comparability,NOR,8_2,2021
definition_differs,info,Definition differs - limited cross-country comparability,NOR,8_2,2021
definition_differs,info,Definition differs - limited cross-country comparability,NOR,8_2,2021
definition_differs,info,Definition differs - limited cross-country comparability,SWE,8_2,2018
definition_differs,info,Definition differs - limited cross-country comparability,SWE,8_2,2018
definition_differs,info,Definition differs - limited cross-country comparability,SWE,8_2,2018
definition_differs,info,Definition differs - limited cross-country comparability,SWE,8_2,2022
definition_differs,info,Definition differs - limited cross-country comparability,SWE,8_2,2022
definition_differs,info,Definition differs - limited cross-country comparability,SWE,8_2,2022
definition_differs,info,Definition differs - limited cross-country comparability,AUS,3_4,2005
definition_differs,info,Definition differs - limited cross-country comparability,AUS,3_4,2006
definition_differs,info,Definition differs - limited cross-country comparability,AUS,3_4,2007
definition_differs,info,Definition differs - limited cross-country comparability,AUS,3_4,2008
definition_differs,info,Definition differs - limited cross-country comparability,AUS,3_4,2010
definition_differs,info,Definition differs - limited cross-country comparability,AUS,3_4,2012
definition_differs,info,Definition differs - limited cross-country comparability,CAN,3_4,2005
definition_differs,info,Definition differs - limited cross-country comparability,CAN,3_4,2006
definition_differs,info,Definition differs - limited cross-country comparability,CAN,3_4,2007
definition_differs,info,Definition differs - limited cross-country comparability,CAN,3_4,2008
definition_differs,info,Definition differs - limited cross-country comparability,CAN,3_4,2009
definition_differs,info,Definition differs - limited cross-country comparability,CAN,3_4,2010
definition_differs,info,Definition differs - limited cross-country comparability,CAN,3_4,2011
definition_differs,info,Definition differs - limited cross-country comparability,CAN,3_4,2012
definition_differs,info,Definition differs - limited cross-country comparability,CAN,3_4,2013
definition_differs,info,Definition differs - limited cross-country comparability,CAN,3_4,2014
definition_differs,info,Definition differs - limited cross-country comparability,CAN,3_4,2015
definition_differs,info,Definition differs - limited cross-country comparability,CAN,3_4,2016
definition_differs,info,Definition differs - limited cross-country comparability,CAN,3_4,2017
definition_differs,info,Definition differs - limited cross-country comparability,CAN,3_4,2021
definition_differs,info,Definition differs - limited cross-country comparability,CHL,3_1,2011
definition_differs,info,Definition differs - limited cross-country comparability,CHL,3_1,2013
definition_differs,info,Definition differs - limited cross-country comparability,DNK,3_1,2010
definition_differs,info,Definition differs - limited cross-country comparability,DNK,3_1,2011
definition_differs,info,Definition differs - limited cross-country comparability,DNK,3_1,2012
definition_differs,info,Definition differs - limited cross-country comparability,DNK,3_1,2013
definition_differs,info,Definition differs - limited cross-country comparability,DNK,3_1,2014
definition_differs,info,Definition differs - limited cross-country comparability,DNK,3_1,2015
definition_differs,info,Definition differs - limited cross-country comparability,DNK,3_1,2016
definition_differs,info,Definition differs - limited cross-country comparability,DNK,3_1,2017
definition_differs,info,Definition differs - limited cross-country comparability,DNK,3_1,2018
definition_differs,info,Definition differs - limited cross-country comparability,DNK,3_1,2019
definition_differs,info,Definition differs - limited cross-country comparability,DNK,3_1,2020
definition_differs,info,Definition differs - limited cross-country comparability,DNK,3_1,2021
definition_differs,info,Definition differs - limited cross-country comparability,DNK,3_1,2022
definition_differs,info,Definition differs - limited cross-country comparability,DNK,3_1,2023
definition_differs,info,Definition differs - limited cross-country comparability,DNK,3_1,2024
definition_differs,info,Definition differs - limited cross-country comparability,JPN,3_4,2005
definition_differs,info,Definition differs - limited cross-country comparability,JPN,3_4,2006
definition_differs,info,Definition differs - limited cross-country comparability,JPN,3_4,2007
definition_differs,info,Definition differs - limited cross-country comparability,JPN,3_4,2008
definition_differs,info,Definition differs - limited cross-country comparability,JPN,3_4,2009
definition_differs,info,Definition differs - limited cross-country comparability,JPN,3_4,2010
definition_differs,info,Definition differs - limited cross-country comparability,MEX,3_1,2010
definition_differs,info,Definition differs - limited cross-country comparability,MEX,3_1,2012
definition_differs,info,Definition differs - limited cross-country comparability,MEX,3_1,2014
definition_differs,info,Definition differs - limited cross-country comparability,MEX,3_1,2016
definition_differs,info,Definition differs - limited cross-country comparability,MEX,3_1,2018
definition_differs,info,Definition differs - limited cross-country comparability,MEX,3_1,2020
definition_differs,info,Definition differs - limited cross-country comparability,MEX,3_1,2022
definition_differs,info,Definition differs - limited cross-country comparability,USA,3_1,2010
definition_differs,info,Definition differs - limited cross-country comparability,USA,3_1,2011
definition_differs,info,Definition differs - limited cross-country comparability,USA,3_1,2012
definition_differs,info,Definition differs - limited cross-country comparability,USA,3_1,2013
definition_differs,info,Definition differs - limited cross-country comparability,USA,3_1,2014
definition_differs,info,Definition differs - limited cross-country comparability,USA,3_1,2015
definition_differs,info,Definition differs - limited cross-country comparability,USA,3_1,2016
definition_differs,info,Definition differs - limited cross-country comparability,USA,3_1,2017
definition_differs,info,Definition differs - limited cross-country comparability,USA,3_1,2018
definition_differs,info,Definition differs - limited cross-country comparability,USA,3_4,2019
definition_differs,info,Definition differs - limited cross-country comparability,USA,3_1,2020
definition_differs,info,Definition differs - limited cross-country comparability,USA,3_1,2021
definition_differs,info,Definition differs - limited cross-country comparability,USA,3_1,2022
definition_differs,info,Definition differs - limited cross-country comparability,USA,3_1,2023
definition_differs,info,Definition differs - limited cross-country comparability,BRA,3_4,2008
definition_differs,info,Definition differs - limited cross-country comparability,BRA,3_4,2009
definition_differs,info,Definition differs - limited cross-country comparability,BRA,3_4,2010
definition_differs,info,Definition differs - limited cross-country comparability,BRA,3_4,2012
definition_differs,info,Definition differs - limited cross-country comparability,BRA,3_4,2013
definition_differs,info,Definition differs - limited cross-country comparability,BRA,3_4,2014
definition_differs,info,Definition differs - limited cross-country comparability,BRA,3_4,2015
definition_differs,info,Definition differs - limited cross-country comparability,BRA,3_4,2016
definition_differs,info,Definition differs - limited cross-country comparability,BRA,3_4,2017
definition_differs,info,Definition differs - limited cross-country comparability,BRA,3_4,2018
definition_differs,info,Definition differs - limited cross-country comparability,BRA,3_4,2019
definition_differs,info,Definition differs - limited cross-country comparability,BRA,3_4,2020
definition_differs,info,Definition differs - limited cross-country comparability,BRA,3_4,2021
definition_differs,info,Definition differs - limited cross-country comparability,BRA,3_4,2022
definition_differs,info,Definition differs - limited cross-country comparability,BRA,3_4,2023
definition_differs,info,Definition differs - limited cross-country comparability,BRA,3_4,2024
definition_differs,info,Definition differs - limited cross-country comparability,CZE,4_4,2018
definition_differs,info,Definition differs - limited cross-country comparability,CZE,7_3,2018
definition_differs,info,Definition differs - limited cross-country comparability,DNK,4_4,2013
definition_differs,info,Definition differs - limited cross-country comparability,DNK,7_3,2013
definition_differs,info,Definition differs - limited cross-country comparability,DNK,4_4,2018
definition_differs,info,Definition differs - limited cross-country comparability,DNK,7_3,2018
definition_differs,info,Definition differs - limited cross-country comparability,DNK,4_4,2022
definition_differs,info,Definition differs - limited cross-country comparability,DNK,7_3,2022
definition_differs,info,Definition differs - limited cross-country comparability,FIN,4_4,2022
definition_differs,info,Definition differs - limited cross-country comparability,FIN,7_3,2022
definition_differs,info,Definition differs - limited cross-country comparability,HUN,4_4,2022
definition_differs,info,Definition differs - limited cross-country comparability,HUN,7_3,2022
definition_differs,info,Definition differs - limited cross-country comparability,ISL,4_4,2013
definition_differs,info,Definition differs - limited cross-country comparability,ISL,7_3,2013
definition_differs,info,Definition differs - limited cross-country comparability,ISL,4_4,2018
definition_differs,info,Definition differs - limited cross-country comparability,ISL,4_4,2018
definition_differs,info,Definition differs - limited cross-country comparability,ISL,7_3,2018
definition_differs,info,Definition differs - limited cross-country comparability,ISL,7_3,2018
definition_differs,info,Definition differs - limited cross-country comparability,IRL,4_4,2013
definition_differs,info,Definition differs - limited cross-country comparability,IRL,7_3,2013
definition_differs,info,Definition differs - limited cross-country comparability,IRL,4_4,2018
definition_differs,info,Definition differs - limited cross-country comparability,IRL,7_3,2018
definition_differs,info,Definition differs - limited cross-country comparability,IRL,4_4,2022
definition_differs,info,Definition differs - limited cross-country comparability,IRL,7_3,2022
definition_differs,info,Definition differs - limited cross-country comparability,LVA,4_4,2018
definition_differs,info,Definition differs - limited cross-country comparability,LVA,7_3,2018
definition_differs,info,Definition differs - limited cross-country comparability,LVA,4_4,2022
definition_differs,info,Definition differs - limited cross-country comparability,LVA,7_3,2022
definition_differs,info,Definition differs - limited cross-country comparability,LTU,4_4,2013
definition_differs,info,Definition differs - limited cross-country comparability,LTU,7_3,2013
definition_differs,info,Definition differs - limited cross-country comparability,LTU,4_4,2018
definition_differs,info,Definition differs - limited cross-country comparability,LTU,7_3,2018
definition_differs,info,Definition differs - limited cross-country comparability,LTU,4_4,2022
definition_differs,info,Definition differs - limited cross-country comparability,LTU,7_3,2022
definition_differs,info,Definition differs - limited cross-country comparability,LUX,4_4,2013
definition_differs,info,Definition differs - limited cross-country comparability,LUX,7_3,2013
definition_differs,info,Definition differs - limited cross-country comparability,LUX,7_3,2018
definition_differs,info,Definition differs - limited cross-country comparability,PRT,4_4,2022
definition_differs,info,Definition differs - limited cross-country comparability,PRT,7_3,2022
definition_differs,info,Definition differs - limited cross-country comparability,SVN,4_4,2013
definition_differs,info,Definition differs - limited cross-country comparability,SVN,7_3,2013
definition_differs,info,Definition differs - limited cross-country comparability,SVN,4_4,2018
definition_differs,info,Definition differs - limited cross-country comparability,SVN,7_3,2018
definition_differs,info,Definition differs - limited cross-country comparability,SVN,4_4,2022
definition_differs,info,Definition differs - limited cross-country comparability,SVN,7_3,2022
definition_differs,info,Definition differs - limited cross-country comparability,HRV,4_4,2013
definition_differs,info,Definition differs - limited cross-country comparability,HRV,7_3,2013
definition_differs,info,Definition differs - limited cross-country comparability,HRV,4_4,2018
definition_differs,info,Definition differs - limited cross-country comparability,HRV,7_3,2018
definition_differs,info,Definition differs - limited cross-country comparability,HRV,4_4,2022
definition_differs,info,Definition differs - limited cross-country comparability,HRV,7_3,2022
definition_differs,info,Definition differs - limited cross-country comparability,CZE,11_1,2018
definition_differs,info,Definition differs - limited cross-country comparability,DNK,11_1,2013
definition_differs,info,Definition differs - limited cross-country comparability,DNK,11_1,2018
definition_differs,info,Definition differs - limited cross-country comparability,DNK,11_1,2022
definition_differs,info,Definition differs - limited cross-country comparability,DNK,11_1,2023
definition_differs,info,Definition differs - limited cross-country comparability,DNK,11_1,2024
definition_differs,info,Definition differs - limited cross-country comparability,FIN,11_1,2022
definition_differs,info,Definition differs - limited cross-country comparability,FIN,11_1,2023
definition_differs,info,Definition differs - limited cross-country comparability,HUN,11_1,2021
definition_differs,info,Definition differs - limited cross-country comparability,HUN,11_1,2022
definition_differs,info,Definition differs - limited cross-country comparability,ISL,11_1,2013
definition_differs,info,Definition differs - limited cross-country comparability,ISL,11_1,2018
definition_differs,info,Definition differs - limited cross-country comparability,ISL,11_1,2018
definition_differs,info,Definition differs - limited cross-country comparability,IRL,11_1,2013
definition_differs,info,Definition differs - limited cross-country comparability,IRL,11_1,2018
definition_differs,info,Definition differs - limited cross-country comparability,KOR,11_1,2013
definition_differs,info,Definition differs - limited cross-country comparability,KOR,11_1,2013
definition_differs,info,Definition differs - limited cross-country comparability,KOR,11_1,2013
definition_differs,info,Definition differs - limited cross-country comparability,KOR,11_1,2013
definition_differs,info,Definition differs - limited cross-country comparability,KOR,11_1,2014
definition_differs,info,Definition differs - limited cross-country comparability,KOR,11_1,2014
definition_differs,info,Definition differs - limited cross-country comparability,KOR,11_1,2014
definition_differs,info,Definition differs - limited cross-country comparability,KOR,11_1,2014
definition_differs,info,Definition differs - limited cross-country comparability,KOR,11_1,2015
definition_differs,info,Definition differs - limited cross-country comparability,KOR,11_1,2015
definition_differs,info,Definition differs - limited cross-country comparability,KOR,11_1,2015
definition_differs,info,Definition differs - limited cross-country comparability,KOR,11_1,2015
definition_differs,info,Definition differs - limited cross-country comparability,KOR,11_1,2016
definition_differs,info,Definition differs - limited cross-country comparability,KOR,11_1,2016
definition_differs,info,Definition differs - limited cross-country comparability,KOR,11_1,2016
definition_differs,info,Definition differs - limited cross-country comparability,KOR,11_1,2016
definition_differs,info,Definition differs - limited cross-country comparability,KOR,11_1,2017
definition_differs,info,Definition differs - limited cross-country comparability,KOR,11_1,2017
definition_differs,info,Definition differs - limited cross-country comparability,KOR,11_1,2017
definition_differs,info,Definition differs - limited cross-country comparability,KOR,11_1,2017
definition_differs,info,Definition differs - limited cross-country comparability,KOR,11_1,2018
definition_differs,info,Definition differs - limited cross-country comparability,KOR,11_1,2018
definition_differs,info,Definition differs - limited cross-country comparability,KOR,11_1,2018
definition_differs,info,Definition differs - limited cross-country comparability,KOR,11_1,2018
definition_differs,info,Definition differs - limited cross-country comparability,KOR,11_1,2019
definition_differs,info,Definition differs - limited cross-country comparability,KOR,11_1,2019
definition_differs,info,Definition differs - limited cross-country comparability,KOR,11_1,2019
definition_differs,info,Definition differs - limited cross-country comparability,KOR,11_1,2019
definition_differs,info,Definition differs - limited cross-country comparability,LVA,11_1,2018
definition_differs,info,Definition differs - limited cross-country comparability,LVA,11_1,2022
definition_differs,info,Definition differs - limited cross-country comparability,LVA,11_1,2023
definition_differs,info,Definition differs - limited cross-country comparability,LVA,11_1,2024
definition_differs,info,Definition differs - limited cross-country comparability,LTU,11_1,2013
definition_differs,info,Definition differs - limited cross-country comparability,LTU,11_1,2018
definition_differs,info,Definition differs - limited cross-country comparability,LTU,11_1,2022
definition_differs,info,Definition differs - limited cross-country comparability,LTU,11_1,2023
definition_differs,info,Definition differs - limited cross-country comparability,LTU,11_1,2024
definition_differs,info,Definition differs - limited cross-country comparability,LUX,11_1,2013
definition_differs,info,Definition differs - limited cross-country comparability,LUX,11_1,2018
definition_differs,info,Definition differs - limited cross-country comparability,NOR,11_1,2023
definition_differs,info,Definition differs - limited cross-country comparability,NOR,11_1,2024
definition_differs,info,Definition differs - limited cross-country comparability,PRT,11_1,2021
definition_differs,info,Definition differs - limited cross-country comparability,PRT,11_1,2022
definition_differs,info,Definition differs - limited cross-country comparability,PRT,11_1,2023
definition_differs,info,Definition differs - limited cross-country comparability,SVN,11_1,2013
definition_differs,info,Definition differs - limited cross-country comparability,SVN,11_1,2018
definition_differs,info,Definition differs - limited cross-country comparability,SVN,11_1,2021
definition_differs,info,Definition differs - limited cross-country comparability,SVN,11_1,2022
definition_differs,info,Definition differs - limited cross-country comparability,SVN,11_1,2023
definition_differs,info,Definition differs - limited cross-country comparability,SVN,11_1,2024
definition_differs,info,Definition differs - limited cross-country comparability,HRV,11_1,2013
definition_differs,info,Definition differs - limited cross-country comparability,HRV,11_1,2018
definition_differs,info,Definition differs - limited cross-country comparability,JPN,7_4,2021
definition_differs,info,Definition differs - limited cross-country comparability,JPN,7_4,2022
definition_differs,info,Definition differs - limited cross-country comparability,JPN,7_4,2023
definition_differs,info,Definition differs - limited cross-country comparability,KOR,11_1_DEP,2013
definition_differs,info,Definition differs - limited cross-country comparability,KOR,11_1_DEP,2014
definition_differs,info,Definition differs - limited cross-country comparability,KOR,11_1_DEP,2015
definition_differs,info,Definition differs - limited cross-country comparability,KOR,11_1_DEP,2016
definition_differs,info,Definition differs - limited cross-country comparability,KOR,11_1_DEP,2017
definition_differs,info,Definition differs - limited cross-country comparability,KOR,11_1_DEP,2018
definition_differs,info,Definition differs - limited cross-country comparability,KOR,11_1_DEP,2019
definition_differs,info,Definition differs - limited cross-country comparability,USA,7_4,2024
definition_differs,info,Definition differs - limited cross-country comparability,AUS,5_2,2004
definition_differs,info,Definition differs - limited cross-country comparability,AUS,5_2,2007
definition_differs,info,Definition differs - limited cross-country comparability,AUS,5_2,2011
definition_differs,info,Definition differs - limited cross-country comparability,AUS,5_2,2014
definition_differs,info,Definition differs - limited cross-country comparability,AUS,5_2,2017
definition_differs,info,Definition differs - limited cross-country comparability,AUS,5_2,2022
definition_differs,info,Definition differs - limited cross-country comparability,CAN,5_2,2005
definition_differs,info,Definition differs - limited cross-country comparability,CAN,5_2,2007
definition_differs,info,Definition differs - limited cross-country comparability,CAN,5_2,2008
definition_differs,info,Definition differs - limited cross-country comparability,CAN,5_2,2009
definition_differs,info,Definition differs - limited cross-country comparability,CAN,5_2,2010
definition_differs,info,Definition differs - limited cross-country comparability,CAN,5_2,2011
definition_differs,info,Definition differs - limited cross-country comparability,CAN,5_2,2012
definition_differs,info,Definition differs - limited cross-country comparability,CAN,5_2,2013
definition_differs,info,Definition differs - limited cross-country comparability,CAN,5_2,2014
definition_differs,info,Definition differs - limited cross-country comparability,CAN,5_2,2016
definition_differs,info,Definition differs - limited cross-country comparability,CAN,5_2,2017
definition_differs,info,Definition differs - limited cross-country comparability,CAN,5_2,2018
definition_differs,info,Definition differs - limited cross-country comparability,CAN,5_2,2019
definition_differs,info,Definition differs - limited cross-country comparability,CAN,5_2,2020
definition_differs,info,Definition differs - limited cross-country comparability,CAN,5_2,2021
definition_differs,info,Definition differs - limited cross-country comparability,CAN,5_2,2022
definition_differs,info,Definition differs - limited cross-country comparability,CHL,5_2,2015
definition_differs,info,Definition differs - limited cross-country comparability,CHL,5_2,2017
definition_differs,info,Definition differs - limited cross-country comparability,CRI,5_2,2018
definition_differs,info,Definition differs - limited cross-country comparability,ISR,5_2,2004
definition_differs,info,Definition differs - limited cross-country comparability,ISR,5_2,2005
definition_differs,info,Definition differs - limited cross-country comparability,ISR,5_2,2006
definition_differs,info,Definition differs - limited cross-country comparability,ISR,5_2,2007
definition_differs,info,Definition differs - limited cross-country comparability,ISR,5_2,2008
definition_differs,info,Definition differs - limited cross-country comparability,ISR,5_2,2009
definition_differs,info,Definition differs - limited cross-country comparability,ISR,5_2,2010
definition_differs,info,Definition differs - limited cross-country comparability,ISR,5_2,2011
definition_differs,info,Definition differs - limited cross-country comparability,ISR,5_2,2012
definition_differs,info,Definition differs - limited cross-country comparability,ISR,5_2,2013
definition_differs,info,Definition differs - limited cross-country comparability,ISR,5_2,2014
definition_differs,info,Definition differs - limited cross-country comparability,ISR,5_2,2015
definition_differs,info,Definition differs - limited cross-country comparability,ISR,5_2,2016
definition_differs,info,Definition differs - limited cross-country comparability,NZL,5_2,2007
definition_differs,info,Definition differs - limited cross-country comparability,NZL,5_2,2012
definition_differs,info,Definition differs - limited cross-country comparability,NZL,5_2,2013
definition_differs,info,Definition differs - limited cross-country comparability,NZL,5_2,2014
definition_differs,info,Definition differs - limited cross-country comparability,NZL,5_2,2015
definition_differs,info,Definition differs - limited cross-country comparability,NZL,5_2,2016
definition_differs,info,Definition differs - limited cross-country comparability,NZL,5_2,2017
definition_differs,info,Definition differs - limited cross-country comparability,NZL,5_2,2018
definition_differs,info,Definition differs - limited cross-country comparability,NZL,5_2,2019
definition_differs,info,Definition differs - limited cross-country comparability,NZL,5_2,2020
definition_differs,info,Definition differs - limited cross-country comparability,NZL,5_2,2021
definition_differs,info,Definition differs - limited cross-country comparability,NZL,5_2,2022
definition_differs,info,Definition differs - limited cross-country comparability,NZL,5_2,2023
definition_differs,info,Definition differs - limited cross-country comparability,NZL,5_2,2024
definition_differs,info,Definition differs - limited cross-country comparability,GBR,5_2,2004
definition_differs,info,Definition differs - limited cross-country comparability,USA,5_2,2004
definition_differs,info,Definition differs - limited cross-country comparability,USA,5_2,2005
definition_differs,info,Definition differs - limited cross-country comparability,USA,5_2,2006
definition_differs,info,Definition differs - limited cross-country comparability,USA,5_2,2007
definition_differs,info,Definition differs - limited cross-country comparability,USA,5_2,2008
definition_differs,info,Definition differs - limited cross-country comparability,USA,5_2,2009
definition_differs,info,Definition differs - limited cross-country comparability,USA,5_2,2010
definition_differs,info,Definition differs - limited cross-country comparability,USA,5_2,2011
definition_differs,info,Definition differs - limited cross-country comparability,USA,5_2,2012
definition_differs,info,Definition differs - limited cross-country comparability,USA,5_2,2013
definition_differs,info,Definition differs - limited cross-country comparability,USA,5_2,2014
definition_differs,info,Definition differs - limited cross-country comparability,USA,5_2,2015
definition_differs,info,Definition differs - limited cross-country comparability,USA,5_2,2016
definition_differs,info,Definition differs - limited cross-country comparability,USA,5_2,2017
definition_differs,info,Definition differs - limited cross-country comparability,USA,5_2,2018
definition_differs,info,Definition differs - limited cross-country comparability,USA,5_2,2020
definition_differs,info,Definition differs - limited cross-country comparability,USA,5_2,2021
definition_differs,info,Definition differs - limited cross-country comparability,USA,5_2,2022
definition_differs,info,Definition differs - limited cross-country comparability,USA,5_2,2023
definition_differs,info,Definition differs - limited cross-country comparability,AUS,5_2_DEP,2004
definition_differs,info,Definition differs - limited cross-country comparability,AUS,5_2_DEP,2007
definition_differs,info,Definition differs - limited cross-country comparability,AUS,5_2_DEP,2011
definition_differs,info,Definition differs - limited cross-country comparability,AUS,5_2_DEP,2014
definition_differs,info,Definition differs - limited cross-country comparability,AUS,5_2_DEP,2017
definition_differs,info,Definition differs - limited cross-country comparability,AUS,5_2_DEP,2022
definition_differs,info,Definition differs - limited cross-country comparability,CAN,5_2_DEP,2005
definition_differs,info,Definition differs - limited cross-country comparability,CAN,5_2_DEP,2007
definition_differs,info,Definition differs - limited cross-country comparability,CAN,5_2_DEP,2008
definition_differs,info,Definition differs - limited cross-country comparability,CAN,5_2_DEP,2009
definition_differs,info,Definition differs - limited cross-country comparability,CAN,5_2_DEP,2010
definition_differs,info,Definition differs - limited cross-country comparability,CAN,5_2_DEP,2011
definition_differs,info,Definition differs - limited cross-country comparability,CAN,5_2_DEP,2012
definition_differs,info,Definition differs - limited cross-country comparability,CAN,5_2_DEP,2013
definition_differs,info,Definition differs - limited cross-country comparability,CAN,5_2_DEP,2014
definition_differs,info,Definition differs - limited cross-country comparability,CAN,5_2_DEP,2016
definition_differs,info,Definition differs - limited cross-country comparability,CAN,5_2_DEP,2017
definition_differs,info,Definition differs - limited cross-country comparability,CAN,5_2_DEP,2018
definition_differs,info,Definition differs - limited cross-country comparability,CAN,5_2_DEP,2019
definition_differs,info,Definition differs - limited cross-country comparability,CAN,5_2_DEP,2020
definition_differs,info,Definition differs - limited cross-country comparability,CAN,5_2_DEP,2021
definition_differs,info,Definition differs - limited cross-country comparability,CAN,5_2_DEP,2022
definition_differs,info,Definition differs - limited cross-country comparability,CHL,5_2_DEP,2015
definition_differs,info,Definition differs - limited cross-country comparability,CHL,5_2_DEP,2017
definition_differs,info,Definition differs - limited cross-country comparability,COL,5_2_DEP,2018
definition_differs,info,Definition differs - limited cross-country comparability,COL,5_2_DEP,2019
definition_differs,info,Definition differs - limited cross-country comparability,CRI,5_2_DEP,2018
definition_differs,info,Definition differs - limited cross-country comparability,ISR,5_2_DEP,2004
definition_differs,info,Definition differs - limited cross-country comparability,ISR,5_2_DEP,2005
definition_differs,info,Definition differs - limited cross-country comparability,ISR,5_2_DEP,2006
definition_differs,info,Definition differs - limited cross-country comparability,ISR,5_2_DEP,2007
definition_differs,info,Definition differs - limited cross-country comparability,ISR,5_2_DEP,2008
definition_differs,info,Definition differs - limited cross-country comparability,ISR,5_2_DEP,2009
definition_differs,info,Definition differs - limited cross-country comparability,ISR,5_2_DEP,2010
definition_differs,info,Definition differs - limited cross-country comparability,ISR,5_2_DEP,2011
definition_differs,info,Definition differs - limited cross-country comparability,ISR,5_2_DEP,2012
definition_differs,info,Definition differs - limited cross-country comparability,ISR,5_2_DEP,2013
definition_differs,info,Definition differs - limited cross-country comparability,ISR,5_2_DEP,2014
definition_differs,info,Definition differs - limited cross-country comparability,ISR,5_2_DEP,2015
definition_differs,info,Definition differs - limited cross-country comparability,ISR,5_2_DEP,2016
definition_differs,info,Definition differs - limited cross-country comparability,NZL,5_2_DEP,2007
definition_differs,info,Definition differs - limited cross-country comparability,NZL,5_2_DEP,2012
definition_differs,info,Definition differs - limited cross-country comparability,NZL,5_2_DEP,2013
definition_differs,info,Definition differs - limited cross-country comparability,NZL,5_2_DEP,2014
definition_differs,info,Definition differs - limited cross-country comparability,NZL,5_2_DEP,2015
definition_differs,info,Definition differs - limited cross-country comparability,NZL,5_2_DEP,2016
definition_differs,info,Definition differs - limited cross-country comparability,NZL,5_2_DEP,2017
definition_differs,info,Definition differs - limited cross-country comparability,NZL,5_2_DEP,2018
definition_differs,info,Definition differs - limited cross-country comparability,NZL,5_2_DEP,2019
definition_differs,info,Definition differs - limited cross-country comparability,NZL,5_2_DEP,2020
definition_differs,info,Definition differs - limited cross-country comparability,NZL,5_2_DEP,2021
definition_differs,info,Definition differs - limited cross-country comparability,NZL,5_2_DEP,2022
definition_differs,info,Definition differs - limited cross-country comparability,NZL,5_2_DEP,2023
definition_differs,info,Definition differs - limited cross-country comparability,NZL,5_2_DEP,2024
definition_differs,info,Definition differs - limited cross-country comparability,USA,5_2_DEP,2004
definition_differs,info,Definition differs - limited cross-country comparability,USA,5_2_DEP,2005
definition_differs,info,Definition differs - limited cross-country comparability,USA,5_2_DEP,2006
definition_differs,info,Definition differs - limited cross-country comparability,USA,5_2_DEP,2007
definition_differs,info,Definition differs - limited cross-country comparability,USA,5_2_DEP,2008
definition_differs,info,Definition differs - limited cross-country comparability,USA,5_2_DEP,2009
definition_differs,info,Definition differs - limited cross-country comparability,USA,5_2_DEP,2010
definition_differs,info,Definition differs - limited cross-country comparability,USA,5_2_DEP,2011
definition_differs,info,Definition differs - limited cross-country comparability,USA,5_2_DEP,2012
definition_differs,info,Definition differs - limited cross-country comparability,USA,5_2_DEP,2013
definition_differs,info,Definition differs - limited cross-country comparability,USA,5_2_DEP,2014
definition_differs,info,Definition differs - limited cross-country comparability,USA,5_2_DEP,2015
definition_differs,info,Definition differs - limited cross-country comparability,USA,5_2_DEP,2016
definition_differs,info,Definition differs - limited cross-country comparability,USA,5_2_DEP,2017
definition_differs,info,Definition differs - limited cross-country comparability,USA,5_2_DEP,2018
definition_differs,info,Definition differs - limited cross-country comparability,USA,5_2_DEP,2020
definition_differs,info,Definition differs - limited cross-country comparability,USA,5_2_DEP,2021
definition_differs,info,Definition differs - limited cross-country comparability,USA,5_2_DEP,2022
definition_differs,info,Definition differs - limited cross-country comparability,USA,5_2_DEP,2023
definition_differs,info,Definition differs - limited cross-country comparability,CZE,4_4_DEP,2018
definition_differs,info,Definition differs - limited cross-country comparability,CZE,7_3_DEP,2018
definition_differs,info,Definition differs - limited cross-country comparability,CZE,7_4,2018
definition_differs,info,Definition differs - limited cross-country comparability,CZE,11_1_DEP,2018
definition_differs,info,Definition differs - limited cross-country comparability,DNK,4_4_DEP,2013
definition_differs,info,Definition differs - limited cross-country comparability,DNK,7_3_DEP,2013
definition_differs,info,Definition differs - limited cross-country comparability,DNK,11_1_DEP,2013
definition_differs,info,Definition differs - limited cross-country comparability,DNK,4_4_DEP,2018
definition_differs,info,Definition differs - limited cross-country comparability,DNK,7_3_DEP,2018
definition_differs,info,Definition differs - limited cross-country comparability,DNK,7_4,2018
definition_differs,info,Definition differs - limited cross-country comparability,DNK,11_1_DEP,2018
definition_differs,info,Definition differs - limited cross-country comparability,DNK,4_4_DEP,2022
definition_differs,info,Definition differs - limited cross-country comparability,DNK,7_3_DEP,2022
definition_differs,info,Definition differs - limited cross-country comparability,DNK,7_4,2022
definition_differs,info,Definition differs - limited cross-country comparability,DNK,11_1_DEP,2022
definition_differs,info,Definition differs - limited cross-country comparability,DNK,11_1_DEP,2023
definition_differs,info,Definition differs - limited cross-country comparability,DNK,11_1_DEP,2024
definition_differs,info,Definition differs - limited cross-country comparability,FIN,4_4_DEP,2022
definition_differs,info,Definition differs - limited cross-country comparability,FIN,7_3_DEP,2022
definition_differs,info,Definition differs - limited cross-country comparability,FIN,7_4,2022
definition_differs,info,Definition differs - limited cross-country comparability,FIN,11_1_DEP,2022
definition_differs,info,Definition differs - limited cross-country comparability,FIN,11_1_DEP,2023
definition_differs,info,Definition differs - limited cross-country comparability,FIN,11_1_DEP,2023
definition_differs,info,Definition differs - limited cross-country comparability,FIN,11_1_DEP,2024
definition_differs,info,Definition differs - limited cross-country comparability,HUN,11_1_DEP,2021
definition_differs,info,Definition differs - limited cross-country comparability,HUN,4_4_DEP,2022
definition_differs,info,Definition differs - limited cross-country comparability,HUN,7_3_DEP,2022
definition_differs,info,Definition differs - limited cross-country comparability,HUN,7_4,2022
definition_differs,info,Definition differs - limited cross-country comparability,HUN,11_1_DEP,2022
definition_differs,info,Definition differs - limited cross-country comparability,ISL,4_4_DEP,2013
definition_differs,info,Definition differs - limited cross-country comparability,ISL,4_4_DEP,2013
definition_differs,info,Definition differs - limited cross-country comparability,ISL,4_4_DEP,2013
definition_differs,info,Definition differs - limited cross-country comparability,ISL,7_3_DEP,2013
definition_differs,info,Definition differs - limited cross-country comparability,ISL,7_3_DEP,2013
definition_differs,info,Definition differs - limited cross-country comparability,ISL,11_1_DEP,2013
definition_differs,info,Definition differs - limited cross-country comparability,ISL,11_1_DEP,2013
definition_differs,info,Definition differs - limited cross-country comparability,ISL,11_1_DEP,2013
definition_differs,info,Definition differs - limited cross-country comparability,ISL,4_4_DEP,2018
definition_differs,info,Definition differs - limited cross-country comparability,ISL,4_4_DEP,2018
definition_differs,info,Definition differs - limited cross-country comparability,ISL,4_4_DEP,2018
definition_differs,info,Definition differs - limited cross-country comparability,ISL,4_4_DEP,2018
definition_differs,info,Definition differs - limited cross-country comparability,ISL,7_3_DEP,2018
definition_differs,info,Definition differs - limited cross-country comparability,ISL,7_3_DEP,2018
definition_differs,info,Definition differs - limited cross-country comparability,ISL,7_3_DEP,2018
definition_differs,info,Definition differs - limited cross-country comparability,ISL,7_3_DEP,2018
definition_differs,info,Definition differs - limited cross-country comparability,ISL,7_4,2018
definition_differs,info,Definition differs - limited cross-country comparability,ISL,7_4,2018
definition_differs,info,Definition differs - limited cross-country comparability,ISL,7_4,2018
definition_differs,info,Definition differs - limited cross-country comparability,ISL,7_4,2018
definition_differs,info,Definition differs - limited cross-country comparability,ISL,11_1_DEP,2018
definition_differs,info,Definition differs - limited cross-country comparability,ISL,11_1_DEP,2018
definition_differs,info,Definition differs - limited cross-country comparability,ISL,11_1_DEP,2018
definition_differs,info,Definition differs - limited cross-country comparability,ISL,11_1_DEP,2018
definition_differs,info,Definition differs - limited cross-country comparability,IRL,4_4_DEP,2013
definition_differs,info,Definition differs - limited cross-country comparability,IRL,7_3_DEP,2013
definition_differs,info,Definition differs - limited cross-country comparability,IRL,11_1_DEP,2013
definition_differs,info,Definition differs - limited cross-country comparability,IRL,4_4_DEP,2018
definition_differs,info,Definition differs - limited cross-country comparability,IRL,7_3_DEP,2018
definition_differs,info,Definition differs - limited cross-country comparability,IRL,7_4,2018
definition_differs,info,Definition differs - limited cross-country comparability,IRL,11_1_DEP,2018
definition_differs,info,Definition differs - limited cross-country comparability,IRL,4_4_DEP,2022
definition_differs,info,Definition differs - limited cross-country comparability,IRL,7_3_DEP,2022
definition_differs,info,Definition differs - limited cross-country comparability,IRL,7_4,2022
definition_differs,info,Definition differs - limited cross-country comparability,JPN,7_4,2021
definition_differs,info,Definition differs - limited cross-country comparability,JPN,7_4,2021
definition_differs,info,Definition differs - limited cross-country comparability,JPN,7_4,2021
definition_differs,info,Definition differs - limited cross-country comparability,JPN,7_4,2021
definition_differs,info,Definition differs - limited cross-country comparability,JPN,7_4,2021
definition_differs,info,Definition differs - limited cross-country comparability,JPN,7_4,2022
definition_differs,info,Definition differs - limited cross-country comparability,JPN,7_4,2022
definition_differs,info,Definition differs - limited cross-country comparability,JPN,7_4,2022
definition_differs,info,Definition differs - limited cross-country comparability,JPN,7_4,2022
definition_differs,info,Definition differs - limited cross-country comparability,JPN,7_4,2022
definition_differs,info,Definition differs - limited cross-country comparability,JPN,7_4,2023
definition_differs,info,Definition differs - limited cross-country comparability,JPN,7_4,2023
definition_differs,info,Definition differs - limited cross-country comparability,JPN,7_4,2023
definition_differs,info,Definition differs - limited cross-country comparability,JPN,7_4,2023
definition_differs,info,Definition differs - limited cross-country comparability,JPN,7_4,2023
definition_differs,info,Definition differs - limited cross-country comparability,LVA,4_4_DEP,2018
definition_differs,info,Definition differs - limited cross-country comparability,LVA,7_3_DEP,2018
definition_differs,info,Definition differs - limited cross-country comparability,LVA,7_4,2018
definition_differs,info,Definition differs - limited cross-country comparability,LVA,11_1_DEP,2018
definition_differs,info,Definition differs - limited cross-country comparability,LVA,4_4_DEP,2022
definition_differs,info,Definition differs - limited cross-country comparability,LVA,4_4_DEP,2022
definition_differs,info,Definition differs - limited cross-country comparability,LVA,7_3_DEP,2022
definition_differs,info,Definition differs - limited cross-country comparability,LVA,7_3_DEP,2022
definition_differs,info,Definition differs - limited cross-country comparability,LVA,7_4,2022
definition_differs,info,Definition differs - limited cross-country comparability,LVA,7_4,2022
definition_differs,info,Definition differs - limited cross-country comparability,LVA,11_1_DEP,2022
definition_differs,info,Definition differs - limited cross-country comparability,LVA,11_1_DEP,2023
definition_differs,info,Definition differs - limited cross-country comparability,LVA,11_1_DEP,2024
definition_differs,info,Definition differs - limited cross-country comparability,LTU,4_4_DEP,2013
definition_differs,info,Definition differs - limited cross-country comparability,LTU,7_3_DEP,2013
definition_differs,info,Definition differs - limited cross-country comparability,LTU,11_1_DEP,2013
definition_differs,info,Definition differs - limited cross-country comparability,LTU,4_4_DEP,2018
definition_differs,info,Definition differs - limited cross-country comparability,LTU,4_4_DEP,2018
definition_differs,info,Definition differs - limited cross-country comparability,LTU,7_3_DEP,2018
definition_differs,info,Definition differs - limited cross-country comparability,LTU,7_3_DEP,2018
definition_differs,info,Definition differs - limited cross-country comparability,LTU,7_4,2018
definition_differs,info,Definition differs - limited cross-country comparability,LTU,7_4,2018
definition_differs,info,Definition differs - limited cross-country comparability,LTU,11_1_DEP,2018
definition_differs,info,Definition differs - limited cross-country comparability,LTU,11_1_DEP,2018
definition_differs,info,Definition differs - limited cross-country comparability,LTU,4_4_DEP,2022
definition_differs,info,Definition differs - limited cross-country comparability,LTU,4_4_DEP,2022
definition_differs,info,Definition differs - limited cross-country comparability,LTU,7_3_DEP,2022
definition_differs,info,Definition differs - limited cross-country comparability,LTU,7_3_DEP,2022
definition_differs,info,Definition differs - limited cross-country comparability,LTU,7_4,2022
definition_differs,info,Definition differs - limited cross-country comparability,LTU,7_4,2022
definition_differs,info,Definition differs - limited cross-country comparability,LTU,11_1_DEP,2022
definition_differs,info,Definition differs - limited cross-country comparability,LTU,11_1_DEP,2023
definition_differs,info,Definition differs - limited cross-country comparability,LTU,11_1_DEP,2024
definition_differs,info,Definition differs - limited cross-country comparability,LUX,4_4_DEP,2013
definition_differs,info,Definition differs - limited cross-country comparability,LUX,7_3_DEP,2013
definition_differs,info,Definition differs - limited cross-country comparability,LUX,11_1_DEP,2013
definition_differs,info,Definition differs - limited cross-country comparability,LUX,7_3_DEP,2018
definition_differs,info,Definition differs - limited cross-country comparability,LUX,11_1_DEP,2018
definition_differs,info,Definition differs - limited cross-country comparability,NOR,11_1_DEP,2023
definition_differs,info,Definition differs - limited cross-country comparability,NOR,11_1_DEP,2023
definition_differs,info,Definition differs - limited cross-country comparability,NOR,11_1_DEP,2024
definition_differs,info,Definition differs - limited cross-country comparability,NOR,11_1_DEP,2024
definition_differs,info,Definition differs - limited cross-country comparability,PRT,11_1_DEP,2021
definition_differs,info,Definition differs - limited cross-country comparability,PRT,4_4_DEP,2022
definition_differs,info,Definition differs - limited cross-country comparability,PRT,7_3_DEP,2022
definition_differs,info,Definition differs - limited cross-country comparability,PRT,7_4,2022
definition_differs,info,Definition differs - limited cross-country comparability,PRT,11_1_DEP,2022
definition_differs,info,Definition differs - limited cross-country comparability,PRT,11_1_DEP,2023
definition_differs,info,Definition differs - limited cross-country comparability,SVN,4_4_DEP,2013
definition_differs,info,Definition differs - limited cross-country comparability,SVN,7_3_DEP,2013
definition_differs,info,Definition differs - limited cross-country comparability,SVN,11_1_DEP,2013
definition_differs,info,Definition differs - limited cross-country comparability,SVN,4_4_DEP,2018
definition_differs,info,Definition differs - limited cross-country comparability,SVN,7_3_DEP,2018
definition_differs,info,Definition differs - limited cross-country comparability,SVN,7_4,2018
definition_differs,info,Definition differs - limited cross-country comparability,SVN,11_1_DEP,2018
definition_differs,info,Definition differs - limited cross-country comparability,SVN,11_1_DEP,2021
definition_differs,info,Definition differs - limited cross-country comparability,SVN,11_1_DEP,2021
definition_differs,info,Definition differs - limited cross-country comparability,SVN,4_4_DEP,2022
definition_differs,info,Definition differs - limited cross-country comparability,SVN,7_3_DEP,2022
definition_differs,info,Definition differs - limited cross-country comparability,SVN,7_4,2022
definition_differs,info,Definition differs - limited cross-country comparability,SVN,11_1_DEP,2022
definition_differs,info,Definition differs - limited cross-country comparability,SVN,11_1_DEP,2023
definition_differs,info,Definition differs - limited cross-country comparability,SVN,11_1_DEP,2024
definition_differs,info,Definition differs - limited cross-country comparability,USA,7_4,2024
definition_differs,info,Definition differs - limited cross-country comparability,USA,7_4,2024
definition_differs,info,Definition differs - limited cross-country comparability,USA,7_4,2024
definition_differs,info,Definition differs - limited cross-country comparability,USA,7_4,2024
definition_differs,info,Definition differs - limited cross-country comparability,USA,7_4,2024
definition_differs,info,Definition differs - limited cross-country comparability,USA,7_4,2024
definition_differs,info,Definition differs - limited cross-country comparability,USA,7_4,2024
definition_differs,info,Definition differs - limited cross-country comparability,USA,7_4,2024
definition_differs,info,Definition differs - limited cross-country comparability,HRV,4_4_DEP,2013
definition_differs,info,Definition differs - limited cross-country comparability,HRV,4_4_DEP,2013
definition_differs,info,Definition differs - limited cross-country comparability,HRV,7_3_DEP,2013
definition_differs,info,Definition differs - limited cross-country comparability,HRV,7_3_DEP,2013
definition_differs,info,Definition differs - limited cross-country comparability,HRV,11_1_DEP,2013
definition_differs,info,Definition differs - limited cross-country comparability,HRV,11_1_DEP,2013
definition_differs,info,Definition differs - limited cross-country comparability,HRV,4_4_DEP,2018
definition_differs,info,Definition differs - limited cross-country comparability,HRV,7_3_DEP,2018
definition_differs,info,Definition differs - limited cross-country comparability,HRV,7_4,2018
definition_differs,info,Definition differs - limited cross-country comparability,HRV,11_1_DEP,2018
definition_differs,info,Definition differs - limited cross-country comparability,HRV,4_4_DEP,2022
definition_differs,info,Definition differs - limited cross-country comparability,HRV,7_3_DEP,2022
definition_differs,info,Definition differs - limited cross-country comparability,HRV,7_4,2022
definition_differs,info,Definition differs - limited cross-country comparability,AUS,5_2_DEP,2004
definition_differs,info,Definition differs - limited cross-country comparability,AUS,5_2_DEP,2004
definition_differs,info,Definition differs - limited cross-country comparability,AUS,5_2_DEP,2007
definition_differs,info,Definition differs - limited cross-country comparability,AUS,5_2_DEP,2007
definition_differs,info,Definition differs - limited cross-country comparability,AUS,5_2_DEP,2011
definition_differs,info,Definition differs - limited cross-country comparability,AUS,5_2_DEP,2011
definition_differs,info,Definition differs - limited cross-country comparability,AUS,5_2_DEP,2014
definition_differs,info,Definition differs - limited cross-country comparability,AUS,5_2_DEP,2014
definition_differs,info,Definition differs - limited cross-country comparability,AUS,5_2_DEP,2017
definition_differs,info,Definition differs - limited cross-country comparability,AUS,5_2_DEP,2017
definition_differs,info,Definition differs - limited cross-country comparability,AUS,5_2_DEP,2022
definition_differs,info,Definition differs - limited cross-country comparability,AUS,5_2_DEP,2022
definition_differs,info,Definition differs - limited cross-country comparability,CAN,5_2_DEP,2005
definition_differs,info,Definition differs - limited cross-country comparability,CAN,5_2_DEP,2005
definition_differs,info,Definition differs - limited cross-country comparability,CAN,5_2_DEP,2007
definition_differs,info,Definition differs - limited cross-country comparability,CAN,5_2_DEP,2007
definition_differs,info,Definition differs - limited cross-country comparability,CAN,5_2_DEP,2008
definition_differs,info,Definition differs - limited cross-country comparability,CAN,5_2_DEP,2008
definition_differs,info,Definition differs - limited cross-country comparability,CAN,5_2_DEP,2009
definition_differs,info,Definition differs - limited cross-country comparability,CAN,5_2_DEP,2009
definition_differs,info,Definition differs - limited cross-country comparability,CAN,5_2_DEP,2010
definition_differs,info,Definition differs - limited cross-country comparability,CAN,5_2_DEP,2010
definition_differs,info,Definition differs - limited cross-country comparability,CAN,5_2_DEP,2011
definition_differs,info,Definition differs - limited cross-country comparability,CAN,5_2_DEP,2011
definition_differs,info,Definition differs - limited cross-country comparability,CAN,5_2_DEP,2012
definition_differs,info,Definition differs - limited cross-country comparability,CAN,5_2_DEP,2012
definition_differs,info,Definition differs - limited cross-country comparability,CAN,5_2_DEP,2013
definition_differs,info,Definition differs - limited cross-country comparability,CAN,5_2_DEP,2013
definition_differs,info,Definition differs - limited cross-country comparability,CAN,5_2_DEP,2014
definition_differs,info,Definition differs - limited cross-country comparability,CAN,5_2_DEP,2014
definition_differs,info,Definition differs - limited cross-country comparability,CAN,5_2_DEP,2016
definition_differs,info,Definition differs - limited cross-country comparability,CAN,5_2_DEP,2016
definition_differs,info,Definition differs - limited cross-country comparability,CAN,5_2_DEP,2017
definition_differs,info,Definition differs - limited cross-country comparability,CAN,5_2_DEP,2017
definition_differs,info,Definition differs - limited cross-country comparability,CAN,5_2_DEP,2018
definition_differs,info,Definition differs - limited cross-country comparability,CAN,5_2_DEP,2018
definition_differs,info,Definition differs - limited cross-country comparability,CAN,5_2_DEP,2019
definition_differs,info,Definition differs - limited cross-country comparability,CAN,5_2_DEP,2019
definition_differs,info,Definition differs - limited cross-country comparability,CAN,5_2_DEP,2020
definition_differs,info,Definition differs - limited cross-country comparability,CAN,5_2_DEP,2020
definition_differs,info,Definition differs - limited cross-country comparability,CAN,5_2_DEP,2021
definition_differs,info,Definition differs - limited cross-country comparability,CAN,5_2_DEP,2021
definition_differs,info,Definition differs - limited cross-country comparability,CAN,5_2_DEP,2022
definition_differs,info,Definition differs - limited cross-country comparability,CAN,5_2_DEP,2022
definition_differs,info,Definition differs - limited cross-country comparability,CHL,5_2_DEP,2015
definition_differs,info,Definition differs - limited cross-country comparability,CHL,5_2_DEP,2015
definition_differs,info,Definition differs - limited cross-country comparability,CHL,5_2_DEP,2017
definition_differs,info,Definition differs - limited cross-country comparability,CHL,5_2_DEP,2017
definition_differs,info,Definition differs - limited cross-country comparability,COL,5_2_DEP,2018
definition_differs,info,Definition differs - limited cross-country comparability,COL,5_2_DEP,2018
definition_differs,info,Definition differs - limited cross-country comparability,COL,5_2_DEP,2019
definition_differs,info,Definition differs - limited cross-country comparability,COL,5_2_DEP,2019
definition_differs,info,Definition differs - limited cross-country comparability,CRI,5_2_DEP,2018
definition_differs,info,Definition differs - limited cross-country comparability,CRI,5_2_DEP,2018
definition_differs,info,Definition differs - limited cross-country comparability,ISR,5_2_DEP,2004
definition_differs,info,Definition differs - limited cross-country comparability,ISR,5_2_DEP,2004
definition_differs,info,Definition differs - limited cross-country comparability,ISR,5_2_DEP,2005
definition_differs,info,Definition differs - limited cross-country comparability,ISR,5_2_DEP,2005
definition_differs,info,Definition differs - limited cross-country comparability,ISR,5_2_DEP,2006
definition_differs,info,Definition differs - limited cross-country comparability,ISR,5_2_DEP,2006
definition_differs,info,Definition differs - limited cross-country comparability,ISR,5_2_DEP,2007
definition_differs,info,Definition differs - limited cross-country comparability,ISR,5_2_DEP,2007
definition_differs,info,Definition differs - limited cross-country comparability,ISR,5_2_DEP,2008
definition_differs,info,Definition differs - limited cross-country comparability,ISR,5_2_DEP,2008
definition_differs,info,Definition differs - limited cross-country comparability,ISR,5_2_DEP,2009
definition_differs,info,Definition differs - limited cross-country comparability,ISR,5_2_DEP,2009
definition_differs,info,Definition differs - limited cross-country comparability,ISR,5_2_DEP,2010
definition_differs,info,Definition differs - limited cross-country comparability,ISR,5_2_DEP,2010
definition_differs,info,Definition differs - limited cross-country comparability,ISR,5_2_DEP,2011
definition_differs,info,Definition differs - limited cross-country comparability,ISR,5_2_DEP,2011
definition_differs,info,Definition differs - limited cross-country comparability,ISR,5_2_DEP,2012
definition_differs,info,Definition differs - limited cross-country comparability,ISR,5_2_DEP,2012
definition_differs,info,Definition differs - limited cross-country comparability,ISR,5_2_DEP,2013
definition_differs,info,Definition differs - limited cross-country comparability,ISR,5_2_DEP,2013
definition_differs,info,Definition differs - limited cross-country comparability,ISR,5_2_DEP,2014
definition_differs,info,Definition differs - limited cross-country comparability,ISR,5_2_DEP,2014
definition_differs,info,Definition differs - limited cross-country comparability,ISR,5_2_DEP,2015
definition_differs,info,Definition differs - limited cross-country comparability,ISR,5_2_DEP,2015
definition_differs,info,Definition differs - limited cross-country comparability,ISR,5_2_DEP,2016
definition_differs,info,Definition differs - limited cross-country comparability,ISR,5_2_DEP,2016
definition_differs,info,Definition differs - limited cross-country comparability,NZL,5_2_DEP,2007
definition_differs,info,Definition differs - limited cross-country comparability,NZL,5_2_DEP,2007
definition_differs,info,Definition differs - limited cross-country comparability,NZL,5_2_DEP,2012
definition_differs,info,Definition differs - limited cross-country comparability,NZL,5_2_DEP,2012
definition_differs,info,Definition differs - limited cross-country comparability,NZL,5_2_DEP,2013
definition_differs,info,Definition differs - limited cross-country comparability,NZL,5_2_DEP,2013
definition_differs,info,Definition differs - limited cross-country comparability,NZL,5_2_DEP,2014
definition_differs,info,Definition differs - limited cross-country comparability,NZL,5_2_DEP,2014
definition_differs,info,Definition differs - limited cross-country comparability,NZL,5_2_DEP,2015
definition_differs,info,Definition differs - limited cross-country comparability,NZL,5_2_DEP,2015
definition_differs,info,Definition differs - limited cross-country comparability,NZL,5_2_DEP,2016
definition_differs,info,Definition differs - limited cross-country comparability,NZL,5_2_DEP,2016
definition_differs,info,Definition differs - limited cross-country comparability,NZL,5_2_DEP,2017
definition_differs,info,Definition differs - limited cross-country comparability,NZL,5_2_DEP,2017
definition_differs,info,Definition differs - limited cross-country comparability,NZL,5_2_DEP,2018
definition_differs,info,Definition differs - limited cross-country comparability,NZL,5_2_DEP,2018
definition_differs,info,Definition differs - limited cross-country comparability,NZL,5_2_DEP,2019
definition_differs,info,Definition differs - limited cross-country comparability,NZL,5_2_DEP,2019
definition_differs,info,Definition differs - limited cross-country comparability,NZL,5_2_DEP,2020
definition_differs,info,Definition differs - limited cross-country comparability,NZL,5_2_DEP,2020
definition_differs,info,Definition differs - limited cross-country comparability,NZL,5_2_DEP,2021
definition_differs,info,Definition differs - limited cross-country comparability,NZL,5_2_DEP,2021
definition_differs,info,Definition differs - limited cross-country comparability,NZL,5_2_DEP,2022
definition_differs,info,Definition differs - limited cross-country comparability,NZL,5_2_DEP,2022
definition_differs,info,Definition differs - limited cross-country comparability,NZL,5_2_DEP,2023
definition_differs,info,Definition differs - limited cross-country comparability,NZL,5_2_DEP,2023
definition_differs,info,Definition differs - limited cross-country comparability,NZL,5_2_DEP,2024
definition_differs,info,Definition differs - limited cross-country comparability,NZL,5_2_DEP,2024
definition_differs,info,Definition differs - limited cross-country comparability,USA,5_2_DEP,2004
definition_differs,info,Definition differs - limited cross-country comparability,USA,5_2_DEP,2004
definition_differs,info,Definition differs - limited cross-country comparability,USA,5_2_DEP,2005
definition_differs,info,Definition differs - limited cross-country comparability,USA,5_2_DEP,2005
definition_differs,info,Definition differs - limited cross-country comparability,USA,5_2_DEP,2006
definition_differs,info,Definition differs - limited cross-country comparability,USA,5_2_DEP,2006
definition_differs,info,Definition differs - limited cross-country comparability,USA,5_2_DEP,2007
definition_differs,info,Definition differs - limited cross-country comparability,USA,5_2_DEP,2007
definition_differs,info,Definition differs - limited cross-country comparability,USA,5_2_DEP,2008
definition_differs,info,Definition differs - limited cross-country comparability,USA,5_2_DEP,2008
definition_differs,info,Definition differs - limited cross-country comparability,USA,5_2_DEP,2009
definition_differs,info,Definition differs - limited cross-country comparability,USA,5_2_DEP,2009
definition_differs,info,Definition differs - limited cross-country comparability,USA,5_2_DEP,2010
definition_differs,info,Definition differs - limited cross-country comparability,USA,5_2_DEP,2010
definition_differs,info,Definition differs - limited cross-country comparability,USA,5_2_DEP,2011
definition_differs,info,Definition differs - limited cross-country comparability,USA,5_2_DEP,2011
definition_differs,info,Definition differs - limited cross-country comparability,USA,5_2_DEP,2012
definition_differs,info,Definition differs - limited cross-country comparability,USA,5_2_DEP,2012
definition_differs,info,Definition differs - limited cross-country comparability,USA,5_2_DEP,2013
definition_differs,info,Definition differs - limited cross-country comparability,USA,5_2_DEP,2013
definition_differs,info,Definition differs - limited cross-country comparability,USA,5_2_DEP,2014
definition_differs,info,Definition differs - limited cross-country comparability,USA,5_2_DEP,2014
definition_differs,info,Definition differs - limited cross-country comparability,USA,5_2_DEP,2015
definition_differs,info,Definition differs - limited cross-country comparability,USA,5_2_DEP,2015
definition_differs,info,Definition differs - limited cross-country comparability,USA,5_2_DEP,2016
definition_differs,info,Definition differs - limited cross-country comparability,USA,5_2_DEP,2016
definition_differs,info,Definition differs - limited cross-country comparability,USA,5_2_DEP,2017
definition_differs,info,Definition differs - limited cross-country comparability,USA,5_2_DEP,2017
definition_differs,info,Definition differs - limited cross-country comparability,USA,5_2_DEP,2018
definition_differs,info,Definition differs - limited cross-country comparability,USA,5_2_DEP,2018
definition_differs,info,Definition differs - limited cross-country comparability,USA,5_2_DEP,2020
definition_differs,info,Definition differs - limited cross-country comparability,USA,5_2_DEP,2020
definition_differs,info,Definition differs - limited cross-country comparability,USA,5_2_DEP,2021
definition_differs,info,Definition differs - limited cross-country comparability,USA,5_2_DEP,2021
definition_differs,info,Definition differs - limited cross-country comparability,USA,5_2_DEP,2022
definition_differs,info,Definition differs - limited cross-country comparability,USA,5_2_DEP,2022
definition_differs,info,Definition differs - limited cross-country comparability,USA,5_2_DEP,2023
definition_differs,info,Definition differs - limited cross-country comparability,USA,5_2_DEP,2023
definition_differs,info,Definition differs - limited cross-country comparability,AUS,5_2,2004
definition_differs,info,Definition differs - limited cross-country comparability,AUS,5_2,2004
definition_differs,info,Definition differs - limited cross-country comparability,AUS,5_2,2004
definition_differs,info,Definition differs - limited cross-country comparability,AUS,5_2,2004
definition_differs,info,Definition differs - limited cross-country comparability,AUS,5_2,2004
definition_differs,info,Definition differs - limited cross-country comparability,AUS,5_2,2007
definition_differs,info,Definition differs - limited cross-country comparability,AUS,5_2,2007
definition_differs,info,Definition differs - limited cross-country comparability,AUS,5_2,2007
definition_differs,info,Definition differs - limited cross-country comparability,AUS,5_2,2007
definition_differs,info,Definition differs - limited cross-country comparability,AUS,5_2,2007
definition_differs,info,Definition differs - limited cross-country comparability,AUS,5_2,2011
definition_differs,info,Definition differs - limited cross-country comparability,AUS,5_2,2011
definition_differs,info,Definition differs - limited cross-country comparability,AUS,5_2,2011
definition_differs,info,Definition differs - limited cross-country comparability,AUS,5_2,2011
definition_differs,info,Definition differs - limited cross-country comparability,AUS,5_2,2011
definition_differs,info,Definition differs - limited cross-country comparability,AUS,5_2,2014
definition_differs,info,Definition differs - limited cross-country comparability,AUS,5_2,2014
definition_differs,info,Definition differs - limited cross-country comparability,AUS,5_2,2014
definition_differs,info,Definition differs - limited cross-country comparability,AUS,5_2,2014
definition_differs,info,Definition differs - limited cross-country comparability,AUS,5_2,2014
definition_differs,info,Definition differs - limited cross-country comparability,AUS,5_2,2014
definition_differs,info,Definition differs - limited cross-country comparability,AUS,5_2,2014
definition_differs,info,Definition differs - limited cross-country comparability,AUS,5_2,2014
definition_differs,info,Definition differs - limited cross-country comparability,AUS,5_2,2017
definition_differs,info,Definition differs - limited cross-country comparability,AUS,5_2,2017
definition_differs,info,Definition differs - limited cross-country comparability,AUS,5_2,2017
definition_differs,info,Definition differs - limited cross-country comparability,AUS,5_2,2017
definition_differs,info,Definition differs - limited cross-country comparability,AUS,5_2,2017
definition_differs,info,Definition differs - limited cross-country comparability,AUS,5_2,2017
definition_differs,info,Definition differs - limited cross-country comparability,AUS,5_2,2017
definition_differs,info,Definition differs - limited cross-country comparability,AUS,5_2,2017
definition_differs,info,Definition differs - limited cross-country comparability,AUS,5_2,2022
definition_differs,info,Definition differs - limited cross-country comparability,AUS,5_2,2022
definition_differs,info,Definition differs - limited cross-country comparability,AUS,5_2,2022
definition_differs,info,Definition differs - limited cross-country comparability,AUS,5_2,2022
definition_differs,info,Definition differs - limited cross-country comparability,AUS,5_2,2022
definition_differs,info,Definition differs - limited cross-country comparability,AUS,5_2,2022
definition_differs,info,Definition differs - limited cross-country comparability,AUS,5_2,2022
definition_differs,info,Definition differs - limited cross-country comparability,AUS,5_2,2022
definition_differs,info,Definition differs - limited cross-country comparability,CHL,5_2,2015
definition_differs,info,Definition differs - limited cross-country comparability,CHL,5_2,2015
definition_differs,info,Definition differs - limited cross-country comparability,CHL,5_2,2015
definition_differs,info,Definition differs - limited cross-country comparability,CHL,5_2,2015
definition_differs,info,Definition differs - limited cross-country comparability,CHL,5_2,2015
definition_differs,info,Definition differs - limited cross-country comparability,CHL,5_2,2017
definition_differs,info,Definition differs - limited cross-country comparability,CHL,5_2,2017
definition_differs,info,Definition differs - limited cross-country comparability,CHL,5_2,2017
definition_differs,info,Definition differs - limited cross-country comparability,CHL,5_2,2017
definition_differs,info,Definition differs - limited cross-country comparability,CHL,5_2,2017
definition_differs,info,Definition differs - limited cross-country comparability,CRI,5_2,2018
definition_differs,info,Definition differs - limited cross-country comparability,CRI,5_2,2018
definition_differs,info,Definition differs - limited cross-country comparability,CRI,5_2,2018
definition_differs,info,Definition differs - limited cross-country comparability,GBR,5_2,2004
definition_differs,info,Definition differs - limited cross-country comparability,GBR,5_2,2004
definition_differs,info,Definition differs - limited cross-country comparability,GBR,5_2,2004
definition_differs,info,Definition differs - limited cross-country comparability,GBR,5_2,2004
definition_differs,info,Definition differs - limited cross-country comparability,GBR,5_2,2004
definition_differs,info,Definition differs - limited cross-country comparability,ISR,5_2,2004
definition_differs,info,Definition differs - limited cross-country comparability,ISR,5_2,2004
definition_differs,info,Definition differs - limited cross-country comparability,ISR,5_2,2005
definition_differs,info,Definition differs - limited cross-country comparability,ISR,5_2,2005
definition_differs,info,Definition differs - limited cross-country comparability,ISR,5_2,2006
definition_differs,info,Definition differs - limited cross-country comparability,ISR,5_2,2006
definition_differs,info,Definition differs - limited cross-country comparability,ISR,5_2,2007
definition_differs,info,Definition differs - limited cross-country comparability,ISR,5_2,2007
definition_differs,info,Definition differs - limited cross-country comparability,ISR,5_2,2008
definition_differs,info,Definition differs - limited cross-country comparability,ISR,5_2,2008
definition_differs,info,Definition differs - limited cross-country comparability,ISR,5_2,2009
definition_differs,info,Definition differs - limited cross-country comparability,ISR,5_2,2009
definition_differs,info,Definition differs - limited cross-country comparability,ISR,5_2,2010
definition_differs,info,Definition differs - limited cross-country comparability,ISR,5_2,2010
definition_differs,info,Definition differs - limited cross-country comparability,ISR,5_2,2011
definition_differs,info,Definition differs - limited cross-country comparability,ISR,5_2,2011
definition_differs,info,Definition differs - limited cross-country comparability,ISR,5_2,2012
definition_differs,info,Definition differs - limited cross-country comparability,ISR,5_2,2012
definition_differs,info,Definition differs - limited cross-country comparability,ISR,5_2,2013
definition_differs,info,Definition differs - limited cross-country comparability,ISR,5_2,2013
definition_differs,info,Definition differs - limited cross-country comparability,ISR,5_2,2014
definition_differs,info,Definition differs - limited cross-country comparability,ISR,5_2,2014
definition_differs,info,Definition differs - limited cross-country comparability,ISR,5_2,2015
definition_differs,info,Definition differs - limited cross-country comparability,ISR,5_2,2015
definition_differs,info,Definition differs - limited cross-country comparability,ISR,5_2,2016
definition_differs,info,Definition differs - limited cross-country comparability,ISR,5_2,2016
definition_differs,info,Definition differs - limited cross-country comparability,ISR,5_2,2004
definition_differs,info,Definition differs - limited cross-country comparability,ISR,5_2,2004
definition_differs,info,Definition differs - limited cross-country comparability,ISR,5_2,2004
definition_differs,info,Definition differs - limited cross-country comparability,ISR,5_2,2004
definition_differs,info,Definition differs - limited cross-country comparability,ISR,5_2,2004
definition_differs,info,Definition differs - limited cross-country comparability,ISR,5_2,2004
definition_differs,info,Definition differs - limited cross-country comparability,ISR,5_2,2005
definition_differs,info,Definition differs - limited cross-country comparability,ISR,5_2,2005
definition_differs,info,Definition differs - limited cross-country comparability,ISR,5_2,2005
definition_differs,info,Definition differs - limited cross-country comparability,ISR,5_2,2005
definition_differs,info,Definition differs - limited cross-country comparability,ISR,5_2,2005
definition_differs,info,Definition differs - limited cross-country comparability,ISR,5_2,2005
definition_differs,info,Definition differs - limited cross-country comparability,ISR,5_2,2006
definition_differs,info,Definition differs - limited cross-country comparability,ISR,5_2,2006
definition_differs,info,Definition differs - limited cross-country comparability,ISR,5_2,2006
definition_differs,info,Definition differs - limited cross-country comparability,ISR,5_2,2006
definition_differs,info,Definition differs - limited cross-country comparability,ISR,5_2,2006
definition_differs,info,Definition differs - limited cross-country comparability,ISR,5_2,2006
definition_differs,info,Definition differs - limited cross-country comparability,ISR,5_2,2007
definition_differs,info,Definition differs - limited cross-country comparability,ISR,5_2,2007
definition_differs,info,Definition differs - limited cross-country comparability,ISR,5_2,2007
definition_differs,info,Definition differs - limited cross-country comparability,ISR,5_2,2007
definition_differs,info,Definition differs - limited cross-country comparability,ISR,5_2,2007
definition_differs,info,Definition differs - limited cross-country comparability,ISR,5_2,2007
definition_differs,info,Definition differs - limited cross-country comparability,ISR,5_2,2008
definition_differs,info,Definition differs - limited cross-country comparability,ISR,5_2,2008
definition_differs,info,Definition differs - limited cross-country comparability,ISR,5_2,2008
definition_differs,info,Definition differs - limited cross-country comparability,ISR,5_2,2008
definition_differs,info,Definition differs - limited cross-country comparability,ISR,5_2,2008
definition_differs,info,Definition differs - limited cross-country comparability,ISR,5_2,2008
definition_differs,info,Definition differs - limited cross-country comparability,ISR,5_2,2009
definition_differs,info,Definition differs - limited cross-country comparability,ISR,5_2,2009
definition_differs,info,Definition differs - limited cross-country comparability,ISR,5_2,2009
definition_differs,info,Definition differs - limited cross-country comparability,ISR,5_2,2009
definition_differs,info,Definition differs - limited cross-country comparability,ISR,5_2,2009
definition_differs,info,Definition differs - limited cross-country comparability,ISR,5_2,2009
definition_differs,info,Definition differs - limited cross-country comparability,ISR,5_2,2010
definition_differs,info,Definition differs - limited cross-country comparability,ISR,5_2,2010
definition_differs,info,Definition differs - limited cross-country comparability,ISR,5_2,2010
definition_differs,info,Definition differs - limited cross-country comparability,ISR,5_2,2010
definition_differs,info,Definition differs - limited cross-country comparability,ISR,5_2,2010
definition_differs,info,Definition differs - limited cross-country comparability,ISR,5_2,2010
definition_differs,info,Definition differs - limited cross-country comparability,ISR,5_2,2011
definition_differs,info,Definition differs - limited cross-country comparability,ISR,5_2,2011
definition_differs,info,Definition differs - limited cross-country comparability,ISR,5_2,2011
definition_differs,info,Definition differs - limited cross-country comparability,ISR,5_2,2011
definition_differs,info,Definition differs - limited cross-country comparability,ISR,5_2,2011
definition_differs,info,Definition differs - limited cross-country comparability,ISR,5_2,2011
definition_differs,info,Definition differs - limited cross-country comparability,ISR,5_2,2012
definition_differs,info,Definition differs - limited cross-country comparability,ISR,5_2,2012
definition_differs,info,Definition differs - limited cross-country comparability,ISR,5_2,2012
definition_differs,info,Definition differs - limited cross-country comparability,ISR,5_2,2012
definition_differs,info,Definition differs - limited cross-country comparability,ISR,5_2,2012
definition_differs,info,Definition differs - limited cross-country comparability,ISR,5_2,2012
definition_differs,info,Definition differs - limited cross-country comparability,ISR,5_2,2013
definition_differs,info,Definition differs - limited cross-country comparability,ISR,5_2,2013
definition_differs,info,Definition differs - limited cross-country comparability,ISR,5_2,2013
definition_differs,info,Definition differs - limited cross-country comparability,ISR,5_2,2013
definition_differs,info,Definition differs - limited cross-country comparability,ISR,5_2,2013
definition_differs,info,Definition differs - limited cross-country comparability,ISR,5_2,2013
definition_differs,info,Definition differs - limited cross-country comparability,ISR,5_2,2014
definition_differs,info,Definition differs - limited cross-country comparability,ISR,5_2,2014
definition_differs,info,Definition differs - limited cross-country comparability,ISR,5_2,2014
definition_differs,info,Definition differs - limited cross-country comparability,ISR,5_2,2014
definition_differs,info,Definition differs - limited cross-country comparability,ISR,5_2,2014
definition_differs,info,Definition differs - limited cross-country comparability,ISR,5_2,2014
definition_differs,info,Definition differs - limited cross-country comparability,ISR,5_2,2015
definition_differs,info,Definition differs - limited cross-country comparability,ISR,5_2,2015
definition_differs,info,Definition differs - limited cross-country comparability,ISR,5_2,2015
definition_differs,info,Definition differs - limited cross-country comparability,ISR,5_2,2015
definition_differs,info,Definition differs - limited cross-country comparability,ISR,5_2,2015
definition_differs,info,Definition differs - limited cross-country comparability,ISR,5_2,2015
definition_differs,info,Definition differs - limited cross-country comparability,ISR,5_2,2016
definition_differs,info,Definition differs - limited cross-country comparability,ISR,5_2,2016
definition_differs,info,Definition differs - limited cross-country comparability,ISR,5_2,2016
definition_differs,info,Definition differs - limited cross-country comparability,ISR,5_2,2016
definition_differs,info,Definition differs - limited cross-country comparability,ISR,5_2,2016
definition_differs,info,Definition differs - limited cross-country comparability,ISR,5_2,2016
definition_differs,info,Definition differs - limited cross-country comparability,NZL,5_2,2007
definition_differs,info,Definition differs - limited cross-country comparability,NZL,5_2,2007
definition_differs,info,Definition differs - limited cross-country comparability,NZL,5_2,2012
definition_differs,info,Definition differs - limited cross-country comparability,NZL,5_2,2012
definition_differs,info,Definition differs - limited cross-country comparability,NZL,5_2,2013
definition_differs,info,Definition differs - limited cross-country comparability,NZL,5_2,2013
definition_differs,info,Definition differs - limited cross-country comparability,NZL,5_2,2014
definition_differs,info,Definition differs - limited cross-country comparability,NZL,5_2,2014
definition_differs,info,Definition differs - limited cross-country comparability,NZL,5_2,2015
definition_differs,info,Definition differs - limited cross-country comparability,NZL,5_2,2015
definition_differs,info,Definition differs - limited cross-country comparability,NZL,5_2,2016
definition_differs,info,Definition differs - limited cross-country comparability,NZL,5_2,2016
definition_differs,info,Definition differs - limited cross-country comparability,NZL,5_2,2017
definition_differs,info,Definition differs - limited cross-country comparability,NZL,5_2,2017
definition_differs,info,Definition differs - limited cross-country comparability,NZL,5_2,2018
definition_differs,info,Definition differs - limited cross-country comparability,NZL,5_2,2018
definition_differs,info,Definition differs - limited cross-country comparability,NZL,5_2,2019
definition_differs,info,Definition differs - limited cross-country comparability,NZL,5_2,2019
definition_differs,info,Definition differs - limited cross-country comparability,NZL,5_2,2020
definition_differs,info,Definition differs - limited cross-country comparability,NZL,5_2,2020
definition_differs,info,Definition differs - limited cross-country comparability,NZL,5_2,2021
definition_differs,info,Definition differs - limited cross-country comparability,NZL,5_2,2021
definition_differs,info,Definition differs - limited cross-country comparability,NZL,5_2,2022
definition_differs,info,Definition differs - limited cross-country comparability,NZL,5_2,2022
definition_differs,info,Definition differs - limited cross-country comparability,NZL,5_2,2023
definition_differs,info,Definition differs - limited cross-country comparability,NZL,5_2,2023
definition_differs,info,Definition differs - limited cross-country comparability,NZL,5_2,2024
definition_differs,info,Definition differs - limited cross-country comparability,NZL,5_2,2024
definition_differs,info,Definition differs - limited cross-country comparability,NZL,5_2,2007
definition_differs,info,Definition differs - limited cross-country comparability,NZL,5_2,2007
definition_differs,info,Definition differs - limited cross-country comparability,NZL,5_2,2007
definition_differs,info,Definition differs - limited cross-country comparability,NZL,5_2,2007
definition_differs,info,Definition differs - limited cross-country comparability,NZL,5_2,2007
definition_differs,info,Definition differs - limited cross-country comparability,NZL,5_2,2007
definition_differs,info,Definition differs - limited cross-country comparability,NZL,5_2,2012
definition_differs,info,Definition differs - limited cross-country comparability,NZL,5_2,2012
definition_differs,info,Definition differs - limited cross-country comparability,NZL,5_2,2012
definition_differs,info,Definition differs - limited cross-country comparability,NZL,5_2,2012
definition_differs,info,Definition differs - limited cross-country comparability,NZL,5_2,2012
definition_differs,info,Definition differs - limited cross-country comparability,NZL,5_2,2012
definition_differs,info,Definition differs - limited cross-country comparability,NZL,5_2,2013
definition_differs,info,Definition differs - limited cross-country comparability,NZL,5_2,2013
definition_differs,info,Definition differs - limited cross-country comparability,NZL,5_2,2013
definition_differs,info,Definition differs - limited cross-country comparability,NZL,5_2,2013
definition_differs,info,Definition differs - limited cross-country comparability,NZL,5_2,2013
definition_differs,info,Definition differs - limited cross-country comparability,NZL,5_2,2013
definition_differs,info,Definition differs - limited cross-country comparability,NZL,5_2,2014
definition_differs,info,Definition differs - limited cross-country comparability,NZL,5_2,2014
definition_differs,info,Definition differs - limited cross-country comparability,NZL,5_2,2014
definition_differs,info,Definition differs - limited cross-country comparability,NZL,5_2,2014
definition_differs,info,Definition differs - limited cross-country comparability,NZL,5_2,2014
definition_differs,info,Definition differs - limited cross-country comparability,NZL,5_2,2014
definition_differs,info,Definition differs - limited cross-country comparability,NZL,5_2,2015
definition_differs,info,Definition differs - limited cross-country comparability,NZL,5_2,2015
definition_differs,info,Definition differs - limited cross-country comparability,NZL,5_2,2015
definition_differs,info,Definition differs - limited cross-country comparability,NZL,5_2,2015
definition_differs,info,Definition differs - limited cross-country comparability,NZL,5_2,2015
definition_differs,info,Definition differs - limited cross-country comparability,NZL,5_2,2015
definition_differs,info,Definition differs - limited cross-country comparability,NZL,5_2,2016
definition_differs,info,Definition differs - limited cross-country comparability,NZL,5_2,2016
definition_differs,info,Definition differs - limited cross-country comparability,NZL,5_2,2016
definition_differs,info,Definition differs - limited cross-country comparability,NZL,5_2,2016
definition_differs,info,Definition differs - limited cross-country comparability,NZL,5_2,2016
definition_differs,info,Definition differs - limited cross-country comparability,NZL,5_2,2016
definition_differs,info,Definition differs - limited cross-country comparability,NZL,5_2,2017
definition_differs,info,Definition differs - limited cross-country comparability,NZL,5_2,2017
definition_differs,info,Definition differs - limited cross-country comparability,NZL,5_2,2017
definition_differs,info,Definition differs - limited cross-country comparability,NZL,5_2,2017
definition_differs,info,Definition differs - limited cross-country comparability,NZL,5_2,2017
definition_differs,info,Definition differs - limited cross-country comparability,NZL,5_2,2017
definition_differs,info,Definition differs - limited cross-country comparability,NZL,5_2,2018
definition_differs,info,Definition differs - limited cross-country comparability,NZL,5_2,2018
definition_differs,info,Definition differs - limited cross-country comparability,NZL,5_2,2018
definition_differs,info,Definition differs - limited cross-country comparability,NZL,5_2,2018
definition_differs,info,Definition differs - limited cross-country comparability,NZL,5_2,2018
definition_differs,info,Definition differs - limited cross-country comparability,NZL,5_2,2018
definition_differs,info,Definition differs - limited cross-country comparability,NZL,5_2,2019
definition_differs,info,Definition differs - limited cross-country comparability,NZL,5_2,2019
definition_differs,info,Definition differs - limited cross-country comparability,NZL,5_2,2019
definition_differs,info,Definition differs - limited cross-country comparability,NZL,5_2,2019
definition_differs,info,Definition differs - limited cross-country comparability,NZL,5_2,2019
definition_differs,info,Definition differs - limited cross-country comparability,NZL,5_2,2019
definition_differs,info,Definition differs - limited cross-country comparability,NZL,5_2,2020
definition_differs,info,Definition differs - limited cross-country comparability,NZL,5_2,2020
definition_differs,info,Definition differs - limited cross-country comparability,NZL,5_2,2020
definition_differs,info,Definition differs - limited cross-country comparability,NZL,5_2,2020
definition_differs,info,Definition differs - limited cross-country comparability,NZL,5_2,2020
definition_differs,info,Definition differs - limited cross-country comparability,NZL,5_2,2020
definition_differs,info,Definition differs - limited cross-country comparability,NZL,5_2,2021
definition_differs,info,Definition differs - limited cross-country comparability,NZL,5_2,2021
definition_differs,info,Definition differs - limited cross-country comparability,NZL,5_2,2021
definition_differs,info,Definition differs - limited cross-country comparability,NZL,5_2,2021
definition_differs,info,Definition differs - limited cross-country comparability,NZL,5_2,2021
definition_differs,info,Definition differs - limited cross-country comparability,NZL,5_2,2021
definition_differs,info,Definition differs - limited cross-country comparability,NZL,5_2,2022
definition_differs,info,Definition differs - limited cross-country comparability,NZL,5_2,2022
definition_differs,info,Definition differs - limited cross-country comparability,NZL,5_2,2022
definition_differs,info,Definition differs - limited cross-country comparability,NZL,5_2,2022
definition_differs,info,Definition differs - limited cross-country comparability,NZL,5_2,2022
definition_differs,info,Definition differs - limited cross-country comparability,NZL,5_2,2022
definition_differs,info,Definition differs - limited cross-country comparability,NZL,5_2,2023
definition_differs,info,Definition differs - limited cross-country comparability,NZL,5_2,2023
definition_differs,info,Definition differs - limited cross-country comparability,NZL,5_2,2023
definition_differs,info,Definition differs - limited cross-country comparability,NZL,5_2,2023
definition_differs,info,Definition differs - limited cross-country comparability,NZL,5_2,2023
definition_differs,info,Definition differs - limited cross-country comparability,NZL,5_2,2023
definition_differs,info,Definition differs - limited cross-country comparability,NZL,5_2,2024
definition_differs,info,Definition differs - limited cross-country comparability,NZL,5_2,2024
definition_differs,info,Definition differs - limited cross-country comparability,NZL,5_2,2024
definition_differs,info,Definition differs - limited cross-country comparability,NZL,5_2,2024
definition_differs,info,Definition differs - limited cross-country comparability,NZL,5_2,2024
definition_differs,info,Definition differs - limited cross-country comparability,NZL,5_2,2024
definition_differs,info,Definition differs - limited cross-country comparability,CAN,5_2,2005
definition_differs,info,Definition differs - limited cross-country comparability,CAN,5_2,2005
definition_differs,info,Definition differs - limited cross-country comparability,CAN,5_2,2007
definition_differs,info,Definition differs - limited cross-country comparability,CAN,5_2,2007
definition_differs,info,Definition differs - limited cross-country comparability,CAN,5_2,2008
definition_differs,info,Definition differs - limited cross-country comparability,CAN,5_2,2008
definition_differs,info,Definition differs - limited cross-country comparability,CAN,5_2,2009
definition_differs,info,Definition differs - limited cross-country comparability,CAN,5_2,2009
definition_differs,info,Definition differs - limited cross-country comparability,CAN,5_2,2010
definition_differs,info,Definition differs - limited cross-country comparability,CAN,5_2,2010
definition_differs,info,Definition differs - limited cross-country comparability,CAN,5_2,2011
definition_differs,info,Definition differs - limited cross-country comparability,CAN,5_2,2011
definition_differs,info,Definition differs - limited cross-country comparability,CAN,5_2,2012
definition_differs,info,Definition differs - limited cross-country comparability,CAN,5_2,2012
definition_differs,info,Definition differs - limited cross-country comparability,CAN,5_2,2013
definition_differs,info,Definition differs - limited cross-country comparability,CAN,5_2,2013
definition_differs,info,Definition differs - limited cross-country comparability,CAN,5_2,2014
definition_differs,info,Definition differs - limited cross-country comparability,CAN,5_2,2014
definition_differs,info,Definition differs - limited cross-country comparability,CAN,5_2,2016
definition_differs,info,Definition differs - limited cross-country comparability,CAN,5_2,2016
definition_differs,info,Definition differs - limited cross-country comparability,CAN,5_2,2017
definition_differs,info,Definition differs - limited cross-country comparability,CAN,5_2,2017
definition_differs,info,Definition differs - limited cross-country comparability,CAN,5_2,2018
definition_differs,info,Definition differs - limited cross-country comparability,CAN,5_2,2018
definition_differs,info,Definition differs - limited cross-country comparability,CAN,5_2,2019
definition_differs,info,Definition differs - limited cross-country comparability,CAN,5_2,2019
definition_differs,info,Definition differs - limited cross-country comparability,CAN,5_2,2020
definition_differs,info,Definition differs - limited cross-country comparability,CAN,5_2,2020
definition_differs,info,Definition differs - limited cross-country comparability,CAN,5_2,2021
definition_differs,info,Definition differs - limited cross-country comparability,CAN,5_2,2021
definition_differs,info,Definition differs - limited cross-country comparability,CAN,5_2,2022
definition_differs,info,Definition differs - limited cross-country comparability,CAN,5_2,2022
definition_differs,info,Definition differs - limited cross-country comparability,CAN,5_2,2005
definition_differs,info,Definition differs - limited cross-country comparability,CAN,5_2,2005
definition_differs,info,Definition differs - limited cross-country comparability,CAN,5_2,2005
definition_differs,info,Definition differs - limited cross-country comparability,CAN,5_2,2007
definition_differs,info,Definition differs - limited cross-country comparability,CAN,5_2,2007
definition_differs,info,Definition differs - limited cross-country comparability,CAN,5_2,2007
definition_differs,info,Definition differs - limited cross-country comparability,CAN,5_2,2008
definition_differs,info,Definition differs - limited cross-country comparability,CAN,5_2,2008
definition_differs,info,Definition differs - limited cross-country comparability,CAN,5_2,2008
definition_differs,info,Definition differs - limited cross-country comparability,CAN,5_2,2009
definition_differs,info,Definition differs - limited cross-country comparability,CAN,5_2,2009
definition_differs,info,Definition differs - limited cross-country comparability,CAN,5_2,2009
definition_differs,info,Definition differs - limited cross-country comparability,CAN,5_2,2010
definition_differs,info,Definition differs - limited cross-country comparability,CAN,5_2,2010
definition_differs,info,Definition differs - limited cross-country comparability,CAN,5_2,2010
definition_differs,info,Definition differs - limited cross-country comparability,CAN,5_2,2011
definition_differs,info,Definition differs - limited cross-country comparability,CAN,5_2,2011
definition_differs,info,Definition differs - limited cross-country comparability,CAN,5_2,2011
definition_differs,info,Definition differs - limited cross-country comparability,CAN,5_2,2011
definition_differs,info,Definition differs - limited cross-country comparability,CAN,5_2,2011
definition_differs,info,Definition differs - limited cross-country comparability,CAN,5_2,2011
definition_differs,info,Definition differs - limited cross-country comparability,CAN,5_2,2012
definition_differs,info,Definition differs - limited cross-country comparability,CAN,5_2,2012
definition_differs,info,Definition differs - limited cross-country comparability,CAN,5_2,2012
definition_differs,info,Definition differs - limited cross-country comparability,CAN,5_2,2012
definition_differs,info,Definition differs - limited cross-country comparability,CAN,5_2,2012
definition_differs,info,Definition differs - limited cross-country comparability,CAN,5_2,2012
definition_differs,info,Definition differs - limited cross-country comparability,CAN,5_2,2013
definition_differs,info,Definition differs - limited cross-country comparability,CAN,5_2,2013
definition_differs,info,Definition differs - limited cross-country comparability,CAN,5_2,2013
definition_differs,info,Definition differs - limited cross-country comparability,CAN,5_2,2013
definition_differs,info,Definition differs - limited cross-country comparability,CAN,5_2,2013
definition_differs,info,Definition differs - limited cross-country comparability,CAN,5_2,2013
definition_differs,info,Definition differs - limited cross-country comparability,CAN,5_2,2014
definition_differs,info,Definition differs - limited cross-country comparability,CAN,5_2,2014
definition_differs,info,Definition differs - limited cross-country comparability,CAN,5_2,2014
definition_differs,info,Definition differs - limited cross-country comparability,CAN,5_2,2014
definition_differs,info,Definition differs - limited cross-country comparability,CAN,5_2,2014
definition_differs,info,Definition differs - limited cross-country comparability,CAN,5_2,2014
definition_differs,info,Definition differs - limited cross-country comparability,CAN,5_2,2016
definition_differs,info,Definition differs - limited cross-country comparability,CAN,5_2,2016
definition_differs,info,Definition differs - limited cross-country comparability,CAN,5_2,2016
definition_differs,info,Definition differs - limited cross-country comparability,CAN,5_2,2016
definition_differs,info,Definition differs - limited cross-country comparability,CAN,5_2,2016
definition_differs,info,Definition differs - limited cross-country comparability,CAN,5_2,2016
definition_differs,info,Definition differs - limited cross-country comparability,CAN,5_2,2017
definition_differs,info,Definition differs - limited cross-country comparability,CAN,5_2,2017
definition_differs,info,Definition differs - limited cross-country comparability,CAN,5_2,2017
definition_differs,info,Definition differs - limited cross-country comparability,CAN,5_2,2017
definition_differs,info,Definition differs - limited cross-country comparability,CAN,5_2,2017
definition_differs,info,Definition differs - limited cross-country comparability,CAN,5_2,2017
definition_differs,info,Definition differs - limited cross-country comparability,CAN,5_2,2018
definition_differs,info,Definition differs - limited cross-country comparability,CAN,5_2,2018
definition_differs,info,Definition differs - limited cross-country comparability,CAN,5_2,2018
definition_differs,info,Definition differs - limited cross-country comparability,CAN,5_2,2018
definition_differs,info,Definition differs - limited cross-country comparability,CAN,5_2,2018
definition_differs,info,Definition differs - limited cross-country comparability,CAN,5_2,2018
definition_differs,info,Definition differs - limited cross-country comparability,CAN,5_2,2019
definition_differs,info,Definition differs - limited cross-country comparability,CAN,5_2,2019
definition_differs,info,Definition differs - limited cross-country comparability,CAN,5_2,2019
definition_differs,info,Definition differs - limited cross-country comparability,CAN,5_2,2019
definition_differs,info,Definition differs - limited cross-country comparability,CAN,5_2,2019
definition_differs,info,Definition differs - limited cross-country comparability,CAN,5_2,2019
definition_differs,info,Definition differs - limited cross-country comparability,CAN,5_2,2020
definition_differs,info,Definition differs - limited cross-country comparability,CAN,5_2,2020
definition_differs,info,Definition differs - limited cross-country comparability,CAN,5_2,2020
definition_differs,info,Definition differs - limited cross-country comparability,CAN,5_2,2020
definition_differs,info,Definition differs - limited cross-country comparability,CAN,5_2,2020
definition_differs,info,Definition differs - limited cross-country comparability,CAN,5_2,2020
definition_differs,info,Definition differs - limited cross-country comparability,CAN,5_2,2021
definition_differs,info,Definition differs - limited cross-country comparability,CAN,5_2,2021
definition_differs,info,Definition differs - limited cross-country comparability,CAN,5_2,2021
definition_differs,info,Definition differs - limited cross-country comparability,CAN,5_2,2021
definition_differs,info,Definition differs - limited cross-country comparability,CAN,5_2,2021
definition_differs,info,Definition differs - limited cross-country comparability,CAN,5_2,2021
definition_differs,info,Definition differs - limited cross-country comparability,CAN,5_2,2022
definition_differs,info,Definition differs - limited cross-country comparability,CAN,5_2,2022
definition_differs,info,Definition differs - limited cross-country comparability,CAN,5_2,2022
definition_differs,info,Definition differs - limited cross-country comparability,CAN,5_2,2022
definition_differs,info,Definition differs - limited cross-country comparability,CAN,5_2,2022
definition_differs,info,Definition differs - limited cross-country comparability,CAN,5_2,2022
definition_differs,info,Definition differs - limited cross-country comparability,USA,5_2,2004
definition_differs,info,Definition differs - limited cross-country comparability,USA,5_2,2004
definition_differs,info,Definition differs - limited cross-country comparability,USA,5_2,2005
definition_differs,info,Definition differs - limited cross-country comparability,USA,5_2,2005
definition_differs,info,Definition differs - limited cross-country comparability,USA,5_2,2006
definition_differs,info,Definition differs - limited cross-country comparability,USA,5_2,2006
definition_differs,info,Definition differs - limited cross-country comparability,USA,5_2,2007
definition_differs,info,Definition differs - limited cross-country comparability,USA,5_2,2007
definition_differs,info,Definition differs - limited cross-country comparability,USA,5_2,2008
definition_differs,info,Definition differs - limited cross-country comparability,USA,5_2,2008
definition_differs,info,Definition differs - limited cross-country comparability,USA,5_2,2009
definition_differs,info,Definition differs - limited cross-country comparability,USA,5_2,2009
definition_differs,info,Definition differs - limited cross-country comparability,USA,5_2,2010
definition_differs,info,Definition differs - limited cross-country comparability,USA,5_2,2010
definition_differs,info,Definition differs - limited cross-country comparability,USA,5_2,2011
definition_differs,info,Definition differs - limited cross-country comparability,USA,5_2,2011
definition_differs,info,Definition differs - limited cross-country comparability,USA,5_2,2012
definition_differs,info,Definition differs - limited cross-country comparability,USA,5_2,2012
definition_differs,info,Definition differs - limited cross-country comparability,USA,5_2,2013
definition_differs,info,Definition differs - limited cross-country comparability,USA,5_2,2013
definition_differs,info,Definition differs - limited cross-country comparability,USA,5_2,2014
definition_differs,info,Definition differs - limited cross-country comparability,USA,5_2,2014
definition_differs,info,Definition differs - limited cross-country comparability,USA,5_2,2015
definition_differs,info,Definition differs - limited cross-country comparability,USA,5_2,2015
definition_differs,info,Definition differs - limited cross-country comparability,USA,5_2,2016
definition_differs,info,Definition differs - limited cross-country comparability,USA,5_2,2016
definition_differs,info,Definition differs - limited cross-country comparability,USA,5_2,2017
definition_differs,info,Definition differs - limited cross-country comparability,USA,5_2,2017
definition_differs,info,Definition differs - limited cross-country comparability,USA,5_2,2018
definition_differs,info,Definition differs - limited cross-country comparability,USA,5_2,2018
definition_differs,info,Definition differs - limited cross-country comparability,USA,5_2,2020
definition_differs,info,Definition differs - limited cross-country comparability,USA,5_2,2020
definition_differs,info,Definition differs - limited cross-country comparability,USA,5_2,2021
definition_differs,info,Definition differs - limited cross-country comparability,USA,5_2,2021
definition_differs,info,Definition differs - limited cross-country comparability,USA,5_2,2022
definition_differs,info,Definition differs - limited cross-country comparability,USA,5_2,2022
definition_differs,info,Definition differs - limited cross-country comparability,USA,5_2,2023
definition_differs,info,Definition differs - limited cross-country comparability,USA,5_2,2023
definition_differs,info,Definition differs - limited cross-country comparability,USA,5_2,2004
definition_differs,info,Definition differs - limited cross-country comparability,USA,5_2,2004
definition_differs,info,Definition differs - limited cross-country comparability,USA,5_2,2004
definition_differs,info,Definition differs - limited cross-country comparability,USA,5_2,2004
definition_differs,info,Definition differs - limited cross-country comparability,USA,5_2,2004
definition_differs,info,Definition differs - limited cross-country comparability,USA,5_2,2004
definition_differs,info,Definition differs - limited cross-country comparability,USA,5_2,2005
definition_differs,info,Definition differs - limited cross-country comparability,USA,5_2,2005
definition_differs,info,Definition differs - limited cross-country comparability,USA,5_2,2005
definition_differs,info,Definition differs - limited cross-country comparability,USA,5_2,2005
definition_differs,info,Definition differs - limited cross-country comparability,USA,5_2,2005
definition_differs,info,Definition differs - limited cross-country comparability,USA,5_2,2005
definition_differs,info,Definition differs - limited cross-country comparability,USA,5_2,2006
definition_differs,info,Definition differs - limited cross-country comparability,USA,5_2,2006
definition_differs,info,Definition differs - limited cross-country comparability,USA,5_2,2006
definition_differs,info,Definition differs - limited cross-country comparability,USA,5_2,2006
definition_differs,info,Definition differs - limited cross-country comparability,USA,5_2,2006
definition_differs,info,Definition differs - limited cross-country comparability,USA,5_2,2006
definition_differs,info,Definition differs - limited cross-country comparability,USA,5_2,2007
definition_differs,info,Definition differs - limited cross-country comparability,USA,5_2,2007
definition_differs,info,Definition differs - limited cross-country comparability,USA,5_2,2007
definition_differs,info,Definition differs - limited cross-country comparability,USA,5_2,2007
definition_differs,info,Definition differs - limited cross-country comparability,USA,5_2,2007
definition_differs,info,Definition differs - limited cross-country comparability,USA,5_2,2007
definition_differs,info,Definition differs - limited cross-country comparability,USA,5_2,2008
definition_differs,info,Definition differs - limited cross-country comparability,USA,5_2,2008
definition_differs,info,Definition differs - limited cross-country comparability,USA,5_2,2008
definition_differs,info,Definition differs - limited cross-country comparability,USA,5_2,2008
definition_differs,info,Definition differs - limited cross-country comparability,USA,5_2,2008
definition_differs,info,Definition differs - limited cross-country comparability,USA,5_2,2008
definition_differs,info,Definition differs - limited cross-country comparability,USA,5_2,2009
definition_differs,info,Definition differs - limited cross-country comparability,USA,5_2,2009
definition_differs,info,Definition differs - limited cross-country comparability,USA,5_2,2009
definition_differs,info,Definition differs - limited cross-country comparability,USA,5_2,2009
definition_differs,info,Definition differs - limited cross-country comparability,USA,5_2,2009
definition_differs,info,Definition differs - limited cross-country comparability,USA,5_2,2009
definition_differs,info,Definition differs - limited cross-country comparability,USA,5_2,2010
definition_differs,info,Definition differs - limited cross-country comparability,USA,5_2,2010
definition_differs,info,Definition differs - limited cross-country comparability,USA,5_2,2010
definition_differs,info,Definition differs - limited cross-country comparability,USA,5_2,2010
definition_differs,info,Definition differs - limited cross-country comparability,USA,5_2,2010
definition_differs,info,Definition differs - limited cross-country comparability,USA,5_2,2010
definition_differs,info,Definition differs - limited cross-country comparability,USA,5_2,2011
definition_differs,info,Definition differs - limited cross-country comparability,USA,5_2,2011
definition_differs,info,Definition differs - limited cross-country comparability,USA,5_2,2011
definition_differs,info,Definition differs - limited cross-country comparability,USA,5_2,2011
definition_differs,info,Definition differs - limited cross-country comparability,USA,5_2,2011
definition_differs,info,Definition differs - limited cross-country comparability,USA,5_2,2011
definition_differs,info,Definition differs - limited cross-country comparability,USA,5_2,2012
definition_differs,info,Definition differs - limited cross-country comparability,USA,5_2,2012
definition_differs,info,Definition differs - limited cross-country comparability,USA,5_2,2012
definition_differs,info,Definition differs - limited cross-country comparability,USA,5_2,2012
definition_differs,info,Definition differs - limited cross-country comparability,USA,5_2,2012
definition_differs,info,Definition differs - limited cross-country comparability,USA,5_2,2012
definition_differs,info,Definition differs - limited cross-country comparability,USA,5_2,2013
definition_differs,info,Definition differs - limited cross-country comparability,USA,5_2,2013
definition_differs,info,Definition differs - limited cross-country comparability,USA,5_2,2013
definition_differs,info,Definition differs - limited cross-country comparability,USA,5_2,2013
definition_differs,info,Definition differs - limited cross-country comparability,USA,5_2,2013
definition_differs,info,Definition differs - limited cross-country comparability,USA,5_2,2013
definition_differs,info,Definition differs - limited cross-country comparability,USA,5_2,2014
definition_differs,info,Definition differs - limited cross-country comparability,USA,5_2,2014
definition_differs,info,Definition differs - limited cross-country comparability,USA,5_2,2014
definition_differs,info,Definition differs - limited cross-country comparability,USA,5_2,2014
definition_differs,info,Definition differs - limited cross-country comparability,USA,5_2,2014
definition_differs,info,Definition differs - limited cross-country comparability,USA,5_2,2014
definition_differs,info,Definition differs - limited cross-country comparability,USA,5_2,2015
definition_differs,info,Definition differs - limited cross-country comparability,USA,5_2,2015
definition_differs,info,Definition differs - limited cross-country comparability,USA,5_2,2015
definition_differs,info,Definition differs - limited cross-country comparability,USA,5_2,2015
definition_differs,info,Definition differs - limited cross-country comparability,USA,5_2,2015
definition_differs,info,Definition differs - limited cross-country comparability,USA,5_2,2015
definition_differs,info,Definition differs - limited cross-country comparability,USA,5_2,2016
definition_differs,info,Definition differs - limited cross-country comparability,USA,5_2,2016
definition_differs,info,Definition differs - limited cross-country comparability,USA,5_2,2016
definition_differs,info,Definition differs - limited cross-country comparability,USA,5_2,2016
definition_differs,info,Definition differs - limited cross-country comparability,USA,5_2,2016
definition_differs,info,Definition differs - limited cross-country comparability,USA,5_2,2016
definition_differs,info,Definition differs - limited cross-country comparability,USA,5_2,2017
definition_differs,info,Definition differs - limited cross-country comparability,USA,5_2,2017
definition_differs,info,Definition differs - limited cross-country comparability,USA,5_2,2017
definition_differs,info,Definition differs - limited cross-country comparability,USA,5_2,2017
definition_differs,info,Definition differs - limited cross-country comparability,USA,5_2,2017
definition_differs,info,Definition differs - limited cross-country comparability,USA,5_2,2017
definition_differs,info,Definition differs - limited cross-country comparability,USA,5_2,2018
definition_differs,info,Definition differs - limited cross-country comparability,USA,5_2,2018
definition_differs,info,Definition differs - limited cross-country comparability,USA,5_2,2018
definition_differs,info,Definition differs - limited cross-country comparability,USA,5_2,2018
definition_differs,info,Definition differs - limited cross-country comparability,USA,5_2,2018
definition_differs,info,Definition differs - limited cross-country comparability,USA,5_2,2018
definition_differs,info,Definition differs - limited cross-country comparability,USA,5_2,2020
definition_differs,info,Definition differs - limited cross-country comparability,USA,5_2,2020
definition_differs,info,Definition differs - limited cross-country comparability,USA,5_2,2020
definition_differs,info,Definition differs - limited cross-country comparability,USA,5_2,2020
definition_differs,info,Definition differs - limited cross-country comparability,USA,5_2,2020
definition_differs,info,Definition differs - limited cross-country comparability,USA,5_2,2020
definition_differs,info,Definition differs - limited cross-country comparability,USA,5_2,2021
definition_differs,info,Definition differs - limited cross-country comparability,USA,5_2,2021
definition_differs,info,Definition differs - limited cross-country comparability,USA,5_2,2021
definition_differs,info,Definition differs - limited cross-country comparability,USA,5_2,2021
definition_differs,info,Definition differs - limited cross-country comparability,USA,5_2,2021
definition_differs,info,Definition differs - limited cross-country comparability,USA,5_2,2021
definition_differs,info,Definition differs - limited cross-country comparability,USA,5_2,2022
definition_differs,info,Definition differs - limited cross-country comparability,USA,5_2,2022
definition_differs,info,Definition differs - limited cross-country comparability,USA,5_2,2022
definition_differs,info,Definition differs - limited cross-country comparability,USA,5_2,2022
definition_differs,info,Definition differs - limited cross-country comparability,USA,5_2,2022
definition_differs,info,Definition differs - limited cross-country comparability,USA,5_2,2022
definition_differs,info,Definition differs - limited cross-country comparability,USA,5_2,2023
definition_differs,info,Definition differs - limited cross-country comparability,USA,5_2,2023
definition_differs,info,Definition differs - limited cross-country comparability,USA,5_2,2023
definition_differs,info,Definition differs - limited cross-country comparability,USA,5_2,2023
definition_differs,info,Definition differs - limited cross-country comparability,USA,5_2,2023
definition_differs,info,Definition differs - limited cross-country comparability,USA,5_2,2023
definition_differs,info,Definition differs - limited cross-country comparability,JPN,1_3,2014
definition_differs,info,Definition differs - limited cross-country comparability,AUS,7_1,2007
definition_differs,info,Definition differs - limited cross-country comparability,AUS,7_1_DEP,2007
definition_differs,info,Definition differs - limited cross-country comparability,AUS,10_2,2007
definition_differs,info,Definition differs - limited cross-country comparability,AUS,10_2_DEP,2007
definition_differs,info,Definition differs - limited cross-country comparability,EST,7_1,2008
definition_differs,info,Definition differs - limited cross-country comparability,EST,7_1_DEP,2008
definition_differs,info,Definition differs - limited cross-country comparability,EST,10_2,2008
definition_differs,info,Definition differs - limited cross-country comparability,EST,10_2_DEP,2008
definition_differs,info,Definition differs - limited cross-country comparability,EST,11_2,2008
definition_differs,info,Definition differs - limited cross-country comparability,EST,11_3,2008
definition_differs,info,Definition differs - limited cross-country comparability,EST,7_1,2009
definition_differs,info,Definition differs - limited cross-country comparability,EST,7_1_DEP,2009
definition_differs,info,Definition differs - limited cross-country comparability,EST,10_2,2009
definition_differs,info,Definition differs - limited cross-country comparability,EST,10_2_DEP,2009
definition_differs,info,Definition differs - limited cross-country comparability,EST,11_2,2009
definition_differs,info,Definition differs - limited cross-country comparability,EST,11_3,2009
definition_differs,info,Definition differs - limited cross-country comparability,FRA,7_1,2007
definition_differs,info,Definition differs - limited cross-country comparability,FRA,7_1_DEP,2007
definition_differs,info,Definition differs - limited cross-country comparability,DEU,7_1,2007
definition_differs,info,Definition differs - limited cross-country comparability,DEU,7_1_DEP,2007
definition_differs,info,Definition differs - limited cross-country comparability,LVA,7_1,2008
definition_differs,info,Definition differs - limited cross-country comparability,LVA,7_1_DEP,2008
definition_differs,info,Definition differs - limited cross-country comparability,LVA,10_2,2008
definition_differs,info,Definition differs - limited cross-country comparability,LVA,10_2_DEP,2008
definition_differs,info,Definition differs - limited cross-country comparability,LVA,11_2,2008
definition_differs,info,Definition differs - limited cross-country comparability,LVA,11_3,2008
definition_differs,info,Definition differs - limited cross-country comparability,LVA,7_1,2009
definition_differs,info,Definition differs - limited cross-country comparability,LVA,7_1_DEP,2009
definition_differs,info,Definition differs - limited cross-country comparability,LVA,10_2,2009
definition_differs,info,Definition differs - limited cross-country comparability,LVA,10_2_DEP,2009
definition_differs,info,Definition differs - limited cross-country comparability,LVA,11_2,2009
definition_differs,info,Definition differs - limited cross-country comparability,LVA,11_3,2009
definition_differs,info,Definition differs - limited cross-country comparability,LUX,7_1,2008
definition_differs,info,Definition differs - limited cross-country comparability,LUX,7_1_DEP,2008
definition_differs,info,Definition differs - limited cross-country comparability,LUX,10_2,2008
definition_differs,info,Definition differs - limited cross-country comparability,LUX,10_2_DEP,2008
definition_differs,info,Definition differs - limited cross-country comparability,LUX,11_2,2008
definition_differs,info,Definition differs - limited cross-country comparability,LUX,11_3,2008
definition_differs,info,Definition differs - limited cross-country comparability,LUX,7_1,2010
definition_differs,info,Definition differs - limited cross-country comparability,LUX,7_1_DEP,2010
definition_differs,info,Definition differs - limited cross-country comparability,LUX,10_2,2010
definition_differs,info,Definition differs - limited cross-country comparability,LUX,10_2_DEP,2010
definition_differs,info,Definition differs - limited cross-country comparability,LUX,11_2,2010
definition_differs,info,Definition differs - limited cross-country comparability,LUX,11_3,2010
definition_differs,info,Definition differs - limited cross-country comparability,LUX,7_1,2022
definition_differs,info,Definition differs - limited cross-country comparability,LUX,7_1_DEP,2022
definition_differs,info,Definition differs - limited cross-country comparability,LUX,10_2,2022
definition_differs,info,Definition differs - limited cross-country comparability,LUX,10_2_DEP,2022
definition_differs,info,Definition differs - limited cross-country comparability,LUX,11_2,2022
definition_differs,info,Definition differs - limited cross-country comparability,LUX,11_3,2022
definition_differs,info,Definition differs - limited cross-country comparability,LUX,7_1,2023
definition_differs,info,Definition differs - limited cross-country comparability,LUX,7_1_DEP,2023
definition_differs,info,Definition differs - limited cross-country comparability,LUX,10_2,2023
definition_differs,info,Definition differs - limited cross-country comparability,LUX,10_2_DEP,2023
definition_differs,info,Definition differs - limited cross-country comparability,LUX,11_2,2023
definition_differs,info,Definition differs - limited cross-country comparability,LUX,11_3,2023
definition_differs,info,Definition differs - limited cross-country comparability,LUX,7_1,2025
definition_differs,info,Definition differs - limited cross-country comparability,LUX,7_1_DEP,2025
definition_differs,info,Definition differs - limited cross-country comparability,LUX,10_2,2025
definition_differs,info,Definition differs - limited cross-country comparability,LUX,10_2_DEP,2025
definition_differs,info,Definition differs - limited cross-country comparability,LUX,11_2,2025
definition_differs,info,Definition differs - limited cross-country comparability,LUX,11_3,2025
definition_differs,info,Definition differs - limited cross-country comparability,NZL,7_1,2007
definition_differs,info,Definition differs - limited cross-country comparability,NZL,7_1_DEP,2007
definition_differs,info,Definition differs - limited cross-country comparability,NZL,10_2,2007
definition_differs,info,Definition differs - limited cross-country comparability,NZL,10_2_DEP,2007
definition_differs,info,Definition differs - limited cross-country comparability,NZL,11_2,2007
definition_differs,info,Definition differs - limited cross-country comparability,NZL,11_3,2007
definition_differs,info,Definition differs - limited cross-country comparability,NZL,7_1,2008
definition_differs,info,Definition differs - limited cross-country comparability,NZL,7_1_DEP,2008
definition_differs,info,Definition differs - limited cross-country comparability,NZL,10_2,2008
definition_differs,info,Definition differs - limited cross-country comparability,NZL,10_2_DEP,2008
definition_differs,info,Definition differs - limited cross-country comparability,NZL,11_2,2008
definition_differs,info,Definition differs - limited cross-country comparability,NZL,11_3,2008
definition_differs,info,Definition differs - limited cross-country comparability,NZL,7_1,2010
definition_differs,info,Definition differs - limited cross-country comparability,NZL,7_1_DEP,2010
definition_differs,info,Definition differs - limited cross-country comparability,NZL,10_2,2010
definition_differs,info,Definition differs - limited cross-country comparability,NZL,10_2_DEP,2010
definition_differs,info,Definition differs - limited cross-country comparability,NZL,11_2,2010
definition_differs,info,Definition differs - limited cross-country comparability,NZL,11_3,2010
definition_differs,info,Definition differs - limited cross-country comparability,NOR,7_1,2008
definition_differs,info,Definition differs - limited cross-country comparability,NOR,7_1_DEP,2008
definition_differs,info,Definition differs - limited cross-country comparability,NOR,10_2,2008
definition_differs,info,Definition differs - limited cross-country comparability,NOR,10_2_DEP,2008
definition_differs,info,Definition differs - limited cross-country comparability,NOR,11_2,2008
definition_differs,info,Definition differs - limited cross-country comparability,NOR,11_3,2008
definition_differs,info,Definition differs - limited cross-country comparability,NOR,7_1,2012
definition_differs,info,Definition differs - limited cross-country comparability,NOR,7_1_DEP,2012
definition_differs,info,Definition differs - limited cross-country comparability,NOR,10_2,2012
definition_differs,info,Definition differs - limited cross-country comparability,NOR,10_2_DEP,2012
definition_differs,info,Definition differs - limited cross-country comparability,NOR,11_2,2012
definition_differs,info,Definition differs - limited cross-country comparability,NOR,11_3,2012
definition_differs,info,Definition differs - limited cross-country comparability,SVK,7_1,2010
definition_differs,info,Definition differs - limited cross-country comparability,SVK,7_1_DEP,2010
definition_differs,info,Definition differs - limited cross-country comparability,SVK,10_2,2010
definition_differs,info,Definition differs - limited cross-country comparability,SVK,10_2_DEP,2010
definition_differs,info,Definition differs - limited cross-country comparability,SVK,11_2,2010
definition_differs,info,Definition differs - limited cross-country comparability,SVK,11_3,2010
definition_differs,info,Definition differs - limited cross-country comparability,SVN,7_1,2009
definition_differs,info,Definition differs - limited cross-country comparability,SVN,7_1_DEP,2009
definition_differs,info,Definition differs - limited cross-country comparability,SVN,10_2,2009
definition_differs,info,Definition differs - limited cross-country comparability,SVN,10_2_DEP,2009
definition_differs,info,Definition differs - limited cross-country comparability,SVN,11_2,2009
definition_differs,info,Definition differs - limited cross-country comparability,SVN,11_3,2009
definition_differs,info,Definition differs - limited cross-country comparability,SVN,7_1,2010
definition_differs,info,Definition differs - limited cross-country comparability,SVN,7_1_DEP,2010
definition_differs,info,Definition differs - limited cross-country comparability,SVN,10_2,2010
definition_differs,info,Definition differs - limited cross-country comparability,SVN,10_2_DEP,2010
definition_differs,info,Definition differs - limited cross-country comparability,SVN,11_2,2010
definition_differs,info,Definition differs - limited cross-country comparability,SVN,11_3,2010
definition_differs,info,Definition differs - limited cross-country comparability,CHE,7_1,2009
definition_differs,info,Definition differs - limited cross-country comparability,CHE,7_1_DEP,2009
definition_differs,info,Definition differs - limited cross-country comparability,CHE,10_2,2009
definition_differs,info,Definition differs - limited cross-country comparability,CHE,10_2_DEP,2009
definition_differs,info,Definition differs - limited cross-country comparability,CHE,11_2,2009
definition_differs,info,Definition differs - limited cross-country comparability,CHE,11_3,2009
definition_differs,info,Definition differs - limited cross-country comparability,CHE,7_1,2012
definition_differs,info,Definition differs - limited cross-country comparability,CHE,7_1_DEP,2012
definition_differs,info,Definition differs - limited cross-country comparability,CHE,10_2,2012
definition_differs,info,Definition differs - limited cross-country comparability,CHE,10_2_DEP,2012
definition_differs,info,Definition differs - limited cross-country comparability,CHE,11_2,2012
definition_differs,info,Definition differs - limited cross-country comparability,CHE,11_3,2012
definition_differs,info,Definition differs - limited cross-country comparability,TUR,7_1,2007
definition_differs,info,Definition differs - limited cross-country comparability,TUR,7_1_DEP,2007
definition_differs,info,Definition differs - limited cross-country comparability,TUR,10_2,2007
definition_differs,info,Definition differs - limited cross-country comparability,TUR,10_2_DEP,2007
definition_differs,info,Definition differs - limited cross-country comparability,TUR,11_2,2007
definition_differs,info,Definition differs - limited cross-country comparability,TUR,11_3,2007
definition_differs,info,Definition differs - limited cross-country comparability,GBR,7_1,2007
definition_differs,info,Definition differs - limited cross-country comparability,GBR,7_1_DEP,2007
definition_differs,info,Definition differs - limited cross-country comparability,ZAF,7_1,2007
definition_differs,info,Definition differs - limited cross-country comparability,ZAF,7_1_DEP,2007
definition_differs,info,Definition differs - limited cross-country comparability,ZAF,10_2,2007
definition_differs,info,Definition differs - limited cross-country comparability,ZAF,10_2_DEP,2007
definition_differs,info,Definition differs - limited cross-country comparability,ZAF,11_2,2007
definition_differs,info,Definition differs - limited cross-country comparability,ZAF,11_3,2007
definition_differs,info,Definition differs - limited cross-country comparability,ISL,7_1,2008
definition_differs,info,Definition differs - limited cross-country comparability,ISL,7_1_DEP,2008
definition_differs,info,Definition differs - limited cross-country comparability,ISL,10_2,2008
definition_differs,info,Definition differs - limited cross-country comparability,ISL,10_2_DEP,2008
definition_differs,info,Definition differs - limited cross-country comparability,ISL,11_2,2008
definition_differs,info,Definition differs - limited cross-country comparability,ISL,11_3,2008
definition_differs,info,Definition differs - limited cross-country comparability,ISL,7_1,2012
definition_differs,info,Definition differs - limited cross-country comparability,ISL,7_1_DEP,2012
definition_differs,info,Definition differs - limited cross-country comparability,ISL,10_2,2012
definition_differs,info,Definition differs - limited cross-country comparability,ISL,10_2_DEP,2012
definition_differs,info,Definition differs - limited cross-country comparability,ISL,11_2,2012
definition_differs,info,Definition differs - limited cross-country comparability,ISL,11_3,2012
definition_differs,info,Definition differs - limited cross-country comparability,ISL,7_1,2013
definition_differs,info,Definition differs - limited cross-country comparability,ISL,7_1_DEP,2013
definition_differs,info,Definition differs - limited cross-country comparability,ISL,10_2,2013
definition_differs,info,Definition differs - limited cross-country comparability,ISL,10_2_DEP,2013
definition_differs,info,Definition differs - limited cross-country comparability,ISL,11_2,2013
definition_differs,info,Definition differs - limited cross-country comparability,ISL,11_3,2013
definition_differs,info,Definition differs - limited cross-country comparability,ISL,7_1,2015
definition_differs,info,Definition differs - limited cross-country comparability,ISL,7_1_DEP,2015
definition_differs,info,Definition differs - limited cross-country comparability,ISL,10_2,2015
definition_differs,info,Definition differs - limited cross-country comparability,ISL,10_2_DEP,2015
definition_differs,info,Definition differs - limited cross-country comparability,ISL,11_2,2015
definition_differs,info,Definition differs - limited cross-country comparability,ISL,11_3,2015
definition_differs,info,Definition differs - limited cross-country comparability,ISL,7_1,2016
definition_differs,info,Definition differs - limited cross-country comparability,ISL,7_1_DEP,2016
definition_differs,info,Definition differs - limited cross-country comparability,ISL,10_2,2016
definition_differs,info,Definition differs - limited cross-country comparability,ISL,10_2_DEP,2016
definition_differs,info,Definition differs - limited cross-country comparability,ISL,11_2,2016
definition_differs,info,Definition differs - limited cross-country comparability,ISL,11_3,2016
definition_differs,info,Definition differs - limited cross-country comparability,ISL,7_1,2017
definition_differs,info,Definition differs - limited cross-country comparability,ISL,7_1_DEP,2017
definition_differs,info,Definition differs - limited cross-country comparability,ISL,10_2,2017
definition_differs,info,Definition differs - limited cross-country comparability,ISL,10_2_DEP,2017
definition_differs,info,Definition differs - limited cross-country comparability,ISL,11_2,2017
definition_differs,info,Definition differs - limited cross-country comparability,ISL,11_3,2017
definition_differs,info,Definition differs - limited cross-country comparability,ISL,7_1,2019
definition_differs,info,Definition differs - limited cross-country comparability,ISL,7_1_DEP,2019
definition_differs,info,Definition differs - limited cross-country comparability,ISL,10_2,2019
definition_differs,info,Definition differs - limited cross-country comparability,ISL,10_2_DEP,2019
definition_differs,info,Definition differs - limited cross-country comparability,ISL,11_2,2019
definition_differs,info,Definition differs - limited cross-country comparability,ISL,11_3,2019
definition_differs,info,Definition differs - limited cross-country comparability,ISL,7_1,2020
definition_differs,info,Definition differs - limited cross-country comparability,ISL,7_1_DEP,2020
definition_differs,info,Definition differs - limited cross-country comparability,ISL,10_2,2020
definition_differs,info,Definition differs - limited cross-country comparability,ISL,10_2_DEP,2020
definition_differs,info,Definition differs - limited cross-country comparability,ISL,11_2,2020
definition_differs,info,Definition differs - limited cross-country comparability,ISL,11_3,2020
definition_differs,info,Definition differs - limited cross-country comparability,ISL,7_1,2021
definition_differs,info,Definition differs - limited cross-country comparability,ISL,7_1_DEP,2021
definition_differs,info,Definition differs - limited cross-country comparability,ISL,10_2,2021
definition_differs,info,Definition differs - limited cross-country comparability,ISL,10_2_DEP,2021
definition_differs,info,Definition differs - limited cross-country comparability,ISL,11_2,2021
definition_differs,info,Definition differs - limited cross-country comparability,ISL,11_3,2021
definition_differs,info,Definition differs - limited cross-country comparability,ISL,7_1,2022
definition_differs,info,Definition differs - limited cross-country comparability,ISL,7_1_DEP,2022
definition_differs,info,Definition differs - limited cross-country comparability,ISL,10_2,2022
definition_differs,info,Definition differs - limited cross-country comparability,ISL,10_2_DEP,2022
definition_differs,info,Definition differs - limited cross-country comparability,ISL,11_2,2022
definition_differs,info,Definition differs - limited cross-country comparability,ISL,11_3,2022
definition_differs,info,Definition differs - limited cross-country comparability,ISL,7_1,2023
definition_differs,info,Definition differs - limited cross-country comparability,ISL,7_1_DEP,2023
definition_differs,info,Definition differs - limited cross-country comparability,ISL,10_2,2023
definition_differs,info,Definition differs - limited cross-country comparability,ISL,10_2_DEP,2023
definition_differs,info,Definition differs - limited cross-country comparability,ISL,11_2,2023
definition_differs,info,Definition differs - limited cross-country comparability,ISL,11_3,2023
definition_differs,info,Definition differs - limited cross-country comparability,ISL,7_1,2024
definition_differs,info,Definition differs - limited cross-country comparability,ISL,7_1_DEP,2024
definition_differs,info,Definition differs - limited cross-country comparability,ISL,10_2,2024
definition_differs,info,Definition differs - limited cross-country comparability,ISL,10_2_DEP,2024
definition_differs,info,Definition differs - limited cross-country comparability,ISL,11_2,2024
definition_differs,info,Definition differs - limited cross-country comparability,ISL,11_3,2024
definition_differs,info,Definition differs - limited cross-country comparability,ISL,7_1,2025
definition_differs,info,Definition differs - limited cross-country comparability,ISL,7_1_DEP,2025
definition_differs,info,Definition differs - limited cross-country comparability,ISL,10_2,2025
definition_differs,info,Definition differs - limited cross-country comparability,ISL,10_2_DEP,2025
definition_differs,info,Definition differs - limited cross-country comparability,ISL,11_2,2025
definition_differs,info,Definition differs - limited cross-country comparability,ISL,11_3,2025
definition_differs,info,Definition differs - limited cross-country comparability,AUS,10_2,2008
definition_differs,info,Definition differs - limited cross-country comparability,AUS,10_2_DEP,2008
definition_differs,info,Definition differs - limited cross-country comparability,AUS,10_2,2010
definition_differs,info,Definition differs - limited cross-country comparability,AUS,10_2_DEP,2010
definition_differs,info,Definition differs - limited cross-country comparability,BEL,10_2,2008
definition_differs,info,Definition differs - limited cross-country comparability,BEL,10_2_DEP,2008
definition_differs,info,Definition differs - limited cross-country comparability,BEL,10_2,2010
definition_differs,info,Definition differs - limited cross-country comparability,BEL,10_2_DEP,2010
definition_differs,info,Definition differs - limited cross-country comparability,CZE,10_2,2009
definition_differs,info,Definition differs - limited cross-country comparability,CZE,10_2_DEP,2009
definition_differs,info,Definition differs - limited cross-country comparability,CZE,10_2,2010
definition_differs,info,Definition differs - limited cross-country comparability,CZE,10_2_DEP,2010
definition_differs,info,Definition differs - limited cross-country comparability,CZE,10_2,2017
definition_differs,info,Definition differs - limited cross-country comparability,CZE,10_2_DEP,2017
definition_differs,info,Definition differs - limited cross-country comparability,CZE,10_2,2018
definition_differs,info,Definition differs - limited cross-country comparability,CZE,10_2_DEP,2018
definition_differs,info,Definition differs - limited cross-country comparability,EST,10_2,2008
definition_differs,info,Definition differs - limited cross-country comparability,EST,10_2_DEP,2008
definition_differs,info,Definition differs - limited cross-country comparability,EST,10_2,2009
definition_differs,info,Definition differs - limited cross-country comparability,EST,10_2_DEP,2009
definition_differs,info,Definition differs - limited cross-country comparability,FIN,10_2,2008
definition_differs,info,Definition differs - limited cross-country comparability,FIN,10_2_DEP,2008
definition_differs,info,Definition differs - limited cross-country comparability,FIN,10_2,2010
definition_differs,info,Definition differs - limited cross-country comparability,FIN,10_2_DEP,2010
definition_differs,info,Definition differs - limited cross-country comparability,GRC,10_2,2009
definition_differs,info,Definition differs - limited cross-country comparability,GRC,10_2_DEP,2009
definition_differs,info,Definition differs - limited cross-country comparability,GRC,10_2,2010
definition_differs,info,Definition differs - limited cross-country comparability,GRC,10_2_DEP,2010
definition_differs,info,Definition differs - limited cross-country comparability,HUN,10_2,2008
definition_differs,info,Definition differs - limited cross-country comparability,HUN,10_2_DEP,2008
definition_differs,info,Definition differs - limited cross-country comparability,HUN,10_2,2010
definition_differs,info,Definition differs - limited cross-country comparability,HUN,10_2_DEP,2010
definition_differs,info,Definition differs - limited cross-country comparability,ISL,10_2,2008
definition_differs,info,Definition differs - limited cross-country comparability,ISL,10_2_DEP,2008
definition_differs,info,Definition differs - limited cross-country comparability,ISL,10_2,2012
definition_differs,info,Definition differs - limited cross-country comparability,ISL,10_2_DEP,2012
definition_differs,info,Definition differs - limited cross-country comparability,ISL,10_2,2013
definition_differs,info,Definition differs - limited cross-country comparability,ISL,10_2_DEP,2013
definition_differs,info,Definition differs - limited cross-country comparability,ISL,10_2,2015
definition_differs,info,Definition differs - limited cross-country comparability,ISL,10_2_DEP,2015
definition_differs,info,Definition differs - limited cross-country comparability,ISL,10_2,2016
definition_differs,info,Definition differs - limited cross-country comparability,ISL,10_2_DEP,2016
definition_differs,info,Definition differs - limited cross-country comparability,ISL,10_2,2017
definition_differs,info,Definition differs - limited cross-country comparability,ISL,10_2_DEP,2017
definition_differs,info,Definition differs - limited cross-country comparability,ISL,10_2,2019
definition_differs,info,Definition differs - limited cross-country comparability,ISL,10_2_DEP,2019
definition_differs,info,Definition differs - limited cross-country comparability,ISL,10_2,2020
definition_differs,info,Definition differs - limited cross-country comparability,ISL,10_2_DEP,2020
definition_differs,info,Definition differs - limited cross-country comparability,ISL,10_2,2021
definition_differs,info,Definition differs - limited cross-country comparability,ISL,10_2_DEP,2021
definition_differs,info,Definition differs - limited cross-country comparability,ISL,10_2,2022
definition_differs,info,Definition differs - limited cross-country comparability,ISL,10_2_DEP,2022
definition_differs,info,Definition differs - limited cross-country comparability,ISL,10_2,2023
definition_differs,info,Definition differs - limited cross-country comparability,ISL,10_2_DEP,2023
definition_differs,info,Definition differs - limited cross-country comparability,ISL,10_2,2024
definition_differs,info,Definition differs - limited cross-country comparability,ISL,10_2_DEP,2024
definition_differs,info,Definition differs - limited cross-country comparability,ISL,10_2,2025
definition_differs,info,Definition differs - limited cross-country comparability,ISL,10_2_DEP,2025
definition_differs,info,Definition differs - limited cross-country comparability,IRL,10_2,2008
definition_differs,info,Definition differs - limited cross-country comparability,IRL,10_2_DEP,2008
definition_differs,info,Definition differs - limited cross-country comparability,IRL,10_2,2009
definition_differs,info,Definition differs - limited cross-country comparability,IRL,10_2_DEP,2009
definition_differs,info,Definition differs - limited cross-country comparability,IRL,10_2,2010
definition_differs,info,Definition differs - limited cross-country comparability,IRL,10_2_DEP,2010
definition_differs,info,Definition differs - limited cross-country comparability,LVA,10_2,2008
definition_differs,info,Definition differs - limited cross-country comparability,LVA,10_2_DEP,2008
definition_differs,info,Definition differs - limited cross-country comparability,LVA,10_2,2009
definition_differs,info,Definition differs - limited cross-country comparability,LVA,10_2_DEP,2009
definition_differs,info,Definition differs - limited cross-country comparability,LUX,10_2,2008
definition_differs,info,Definition differs - limited cross-country comparability,LUX,10_2_DEP,2008
definition_differs,info,Definition differs - limited cross-country comparability,LUX,10_2,2010
definition_differs,info,Definition differs - limited cross-country comparability,LUX,10_2_DEP,2010
definition_differs,info,Definition differs - limited cross-country comparability,LUX,10_2,2022
definition_differs,info,Definition differs - limited cross-country comparability,LUX,10_2_DEP,2022
definition_differs,info,Definition differs - limited cross-country comparability,NLD,10_2,2008
definition_differs,info,Definition differs - limited cross-country comparability,NLD,10_2_DEP,2008
definition_differs,info,Definition differs - limited cross-country comparability,NLD,10_2,2010
definition_differs,info,Definition differs - limited cross-country comparability,NLD,10_2_DEP,2010
definition_differs,info,Definition differs - limited cross-country comparability,NZL,10_2,2008
definition_differs,info,Definition differs - limited cross-country comparability,NZL,10_2_DEP,2008
definition_differs,info,Definition differs - limited cross-country comparability,NZL,10_2,2010
definition_differs,info,Definition differs - limited cross-country comparability,NZL,10_2_DEP,2010
definition_differs,info,Definition differs - limited cross-country comparability,NZL,10_2,2011
definition_differs,info,Definition differs - limited cross-country comparability,NZL,10_2_DEP,2011
definition_differs,info,Definition differs - limited cross-country comparability,NZL,10_2,2012
definition_differs,info,Definition differs - limited cross-country comparability,NZL,10_2_DEP,2012
definition_differs,info,Definition differs - limited cross-country comparability,NZL,10_2,2013
definition_differs,info,Definition differs - limited cross-country comparability,NZL,10_2_DEP,2013
definition_differs,info,Definition differs - limited cross-country comparability,NOR,10_2,2008
definition_differs,info,Definition differs - limited cross-country comparability,NOR,10_2_DEP,2008
definition_differs,info,Definition differs - limited cross-country comparability,NOR,10_2,2012
definition_differs,info,Definition differs - limited cross-country comparability,NOR,10_2_DEP,2012
definition_differs,info,Definition differs - limited cross-country comparability,SVK,10_2,2010
definition_differs,info,Definition differs - limited cross-country comparability,SVK,10_2_DEP,2010
definition_differs,info,Definition differs - limited cross-country comparability,SVN,10_2,2009
definition_differs,info,Definition differs - limited cross-country comparability,SVN,10_2_DEP,2009
definition_differs,info,Definition differs - limited cross-country comparability,SVN,10_2,2010
definition_differs,info,Definition differs - limited cross-country comparability,SVN,10_2_DEP,2010
definition_differs,info,Definition differs - limited cross-country comparability,CHE,10_2,2009
definition_differs,info,Definition differs - limited cross-country comparability,CHE,10_2_DEP,2009
definition_differs,info,Definition differs - limited cross-country comparability,CHE,10_2,2012
definition_differs,info,Definition differs - limited cross-country comparability,CHE,10_2_DEP,2012
definition_differs,info,Definition differs - limited cross-country comparability,BGR,10_2,2009
definition_differs,info,Definition differs - limited cross-country comparability,BGR,10_2_DEP,2009
definition_differs,info,Definition differs - limited cross-country comparability,BGR,10_2,2010
definition_differs,info,Definition differs - limited cross-country comparability,BGR,10_2_DEP,2010
definition_differs,info,Definition differs - limited cross-country comparability,ROU,10_2,2009
definition_differs,info,Definition differs - limited cross-country comparability,ROU,10_2_DEP,2009
definition_differs,info,Definition differs - limited cross-country comparability,ROU,10_2,2010
definition_differs,info,Definition differs - limited cross-country comparability,ROU,10_2_DEP,2010
definition_differs,info,Definition differs - limited cross-country comparability,THA,10_2,2008
definition_differs,info,Definition differs - limited cross-country comparability,THA,10_2_DEP,2008
definition_differs,info,Definition differs - limited cross-country comparability,THA,10_2,2009
definition_differs,info,Definition differs - limited cross-country comparability,THA,10_2_DEP,2009
definition_differs,info,Definition differs - limited cross-country comparability,THA,10_2,2010
definition_differs,info,Definition differs - limited cross-country comparability,THA,10_2_DEP,2010
definition_differs,info,Definition differs - limited cross-country comparability,AUS,11_2,2008
definition_differs,info,Definition differs - limited cross-country comparability,AUS,11_3,2008
definition_differs,info,Definition differs - limited cross-country comparability,AUS,11_2,2010
definition_differs,info,Definition differs - limited cross-country comparability,AUS,11_3,2010
definition_differs,info,Definition differs - limited cross-country comparability,BEL,11_2,2008
definition_differs,info,Definition differs - limited cross-country comparability,BEL,11_3,2008
definition_differs,info,Definition differs - limited cross-country comparability,BEL,11_2,2010
definition_differs,info,Definition differs - limited cross-country comparability,BEL,11_3,2010
definition_differs,info,Definition differs - limited cross-country comparability,CZE,11_2,2009
definition_differs,info,Definition differs - limited cross-country comparability,CZE,11_3,2009
definition_differs,info,Definition differs - limited cross-country comparability,CZE,11_2,2010
definition_differs,info,Definition differs - limited cross-country comparability,CZE,11_3,2010
definition_differs,info,Definition differs - limited cross-country comparability,CZE,11_2,2017
definition_differs,info,Definition differs - limited cross-country comparability,CZE,11_3,2017
definition_differs,info,Definition differs - limited cross-country comparability,CZE,11_2,2018
definition_differs,info,Definition differs - limited cross-country comparability,CZE,11_3,2018
definition_differs,info,Definition differs - limited cross-country comparability,EST,11_2,2008
definition_differs,info,Definition differs - limited cross-country comparability,EST,11_3,2008
definition_differs,info,Definition differs - limited cross-country comparability,EST,11_2,2009
definition_differs,info,Definition differs - limited cross-country comparability,EST,11_3,2009
definition_differs,info,Definition differs - limited cross-country comparability,FIN,11_2,2008
definition_differs,info,Definition differs - limited cross-country comparability,FIN,11_3,2008
definition_differs,info,Definition differs - limited cross-country comparability,FIN,11_2,2010
definition_differs,info,Definition differs - limited cross-country comparability,FIN,11_3,2010
definition_differs,info,Definition differs - limited cross-country comparability,GRC,11_2,2009
definition_differs,info,Definition differs - limited cross-country comparability,GRC,11_3,2009
definition_differs,info,Definition differs - limited cross-country comparability,GRC,11_2,2010
definition_differs,info,Definition differs - limited cross-country comparability,GRC,11_3,2010
definition_differs,info,Definition differs - limited cross-country comparability,HUN,11_2,2008
definition_differs,info,Definition differs - limited cross-country comparability,HUN,11_3,2008
definition_differs,info,Definition differs - limited cross-country comparability,HUN,11_2,2010
definition_differs,info,Definition differs - limited cross-country comparability,HUN,11_3,2010
definition_differs,info,Definition differs - limited cross-country comparability,ISL,11_2,2008
definition_differs,info,Definition differs - limited cross-country comparability,ISL,11_3,2008
definition_differs,info,Definition differs - limited cross-country comparability,ISL,11_2,2012
definition_differs,info,Definition differs - limited cross-country comparability,ISL,11_3,2012
definition_differs,info,Definition differs - limited cross-country comparability,ISL,11_2,2013
definition_differs,info,Definition differs - limited cross-country comparability,ISL,11_3,2013
definition_differs,info,Definition differs - limited cross-country comparability,ISL,11_2,2015
definition_differs,info,Definition differs - limited cross-country comparability,ISL,11_3,2015
definition_differs,info,Definition differs - limited cross-country comparability,ISL,11_2,2016
definition_differs,info,Definition differs - limited cross-country comparability,ISL,11_3,2016
definition_differs,info,Definition differs - limited cross-country comparability,ISL,11_2,2017
definition_differs,info,Definition differs - limited cross-country comparability,ISL,11_3,2017
definition_differs,info,Definition differs - limited cross-country comparability,ISL,11_2,2019
definition_differs,info,Definition differs - limited cross-country comparability,ISL,11_3,2019
definition_differs,info,Definition differs - limited cross-country comparability,ISL,11_2,2020
definition_differs,info,Definition differs - limited cross-country comparability,ISL,11_3,2020
definition_differs,info,Definition differs - limited cross-country comparability,ISL,11_2,2021
definition_differs,info,Definition differs - limited cross-country comparability,ISL,11_3,2021
definition_differs,info,Definition differs - limited cross-country comparability,ISL,11_2,2022
definition_differs,info,Definition differs - limited cross-country comparability,ISL,11_3,2022
definition_differs,info,Definition differs - limited cross-country comparability,ISL,11_2,2023
definition_differs,info,Definition differs - limited cross-country comparability,ISL,11_3,2023
definition_differs,info,Definition differs - limited cross-country comparability,ISL,11_2,2024
definition_differs,info,Definition differs - limited cross-country comparability,ISL,11_3,2024
definition_differs,info,Definition differs - limited cross-country comparability,ISL,11_2,2025
definition_differs,info,Definition differs - limited cross-country comparability,ISL,11_3,2025
definition_differs,info,Definition differs - limited cross-country comparability,IRL,11_2,2008
definition_differs,info,Definition differs - limited cross-country comparability,IRL,11_3,2008
definition_differs,info,Definition differs - limited cross-country comparability,IRL,11_2,2009
definition_differs,info,Definition differs - limited cross-country comparability,IRL,11_3,2009
definition_differs,info,Definition differs - limited cross-country comparability,IRL,11_2,2010
definition_differs,info,Definition differs - limited cross-country comparability,IRL,11_3,2010
definition_differs,info,Definition differs - limited cross-country comparability,LVA,11_2,2008
definition_differs,info,Definition differs - limited cross-country comparability,LVA,11_3,2008
definition_differs,info,Definition differs - limited cross-country comparability,LVA,11_2,2009
definition_differs,info,Definition differs - limited cross-country comparability,LVA,11_3,2009
definition_differs,info,Definition differs - limited cross-country comparability,LUX,11_2,2008
definition_differs,info,Definition differs - limited cross-country comparability,LUX,11_3,2008
definition_differs,info,Definition differs - limited cross-country comparability,LUX,11_2,2010
definition_differs,info,Definition differs - limited cross-country comparability,LUX,11_3,2010
definition_differs,info,Definition differs - limited cross-country comparability,LUX,11_2,2022
definition_differs,info,Definition differs - limited cross-country comparability,LUX,11_3,2022
definition_differs,info,Definition differs - limited cross-country comparability,NLD,11_2,2008
definition_differs,info,Definition differs - limited cross-country comparability,NLD,11_3,2008
definition_differs,info,Definition differs - limited cross-country comparability,NLD,11_2,2010
definition_differs,info,Definition differs - limited cross-country comparability,NLD,11_3,2010
definition_differs,info,Definition differs - limited cross-country comparability,NZL,11_2,2008
definition_differs,info,Definition differs - limited cross-country comparability,NZL,11_3,2008
definition_differs,info,Definition differs - limited cross-country comparability,NZL,11_2,2010
definition_differs,info,Definition differs - limited cross-country comparability,NZL,11_3,2010
definition_differs,info,Definition differs - limited cross-country comparability,NZL,11_2,2011
definition_differs,info,Definition differs - limited cross-country comparability,NZL,11_3,2011
definition_differs,info,Definition differs - limited cross-country comparability,NZL,11_2,2012
definition_differs,info,Definition differs - limited cross-country comparability,NZL,11_3,2012
definition_differs,info,Definition differs - limited cross-country comparability,NZL,11_2,2013
definition_differs,info,Definition differs - limited cross-country comparability,NZL,11_3,2013
definition_differs,info,Definition differs - limited cross-country comparability,NOR,11_2,2008
definition_differs,info,Definition differs - limited cross-country comparability,NOR,11_3,2008
definition_differs,info,Definition differs - limited cross-country comparability,NOR,11_2,2012
definition_differs,info,Definition differs - limited cross-country comparability,NOR,11_3,2012
definition_differs,info,Definition differs - limited cross-country comparability,SVK,11_2,2010
definition_differs,info,Definition differs - limited cross-country comparability,SVK,11_3,2010
definition_differs,info,Definition differs - limited cross-country comparability,SVN,11_2,2009
definition_differs,info,Definition differs - limited cross-country comparability,SVN,11_3,2009
definition_differs,info,Definition differs - limited cross-country comparability,SVN,11_2,2010
definition_differs,info,Definition differs - limited cross-country comparability,SVN,11_3,2010
definition_differs,info,Definition differs - limited cross-country comparability,CHE,11_2,2009
definition_differs,info,Definition differs - limited cross-country comparability,CHE,11_3,2009
definition_differs,info,Definition differs - limited cross-country comparability,CHE,11_2,2012
definition_differs,info,Definition differs - limited cross-country comparability,CHE,11_3,2012
definition_differs,info,Definition differs - limited cross-country comparability,BGR,11_2,2009
definition_differs,info,Definition differs - limited cross-country comparability,BGR,11_3,2009
definition_differs,info,Definition differs - limited cross-country comparability,BGR,11_2,2010
definition_differs,info,Definition differs - limited cross-country comparability,BGR,11_3,2010
definition_differs,info,Definition differs - limited cross-country comparability,HRV,11_2,2009
definition_differs,info,Definition differs - limited cross-country comparability,HRV,11_3,2009
definition_differs,info,Definition differs - limited cross-country comparability,HRV,11_2,2010
definition_differs,info,Definition differs - limited cross-country comparability,HRV,11_3,2010
definition_differs,info,Definition differs - limited cross-country comparability,ROU,11_2,2009
definition_differs,info,Definition differs - limited cross-country comparability,ROU,11_3,2009
definition_differs,info,Definition differs - limited cross-country comparability,ROU,11_2,2010
definition_differs,info,Definition differs - limited cross-country comparability,ROU,11_3,2010
definition_differs,info,Definition differs - limited cross-country comparability,THA,11_2,2008
definition_differs,info,Definition differs - limited cross-country comparability,THA,11_3,2008
definition_differs,info,Definition differs - limited cross-country comparability,THA,11_2,2009
definition_differs,info,Definition differs - limited cross-country comparability,THA,11_3,2009
definition_differs,info,Definition differs - limited cross-country comparability,THA,11_2,2010
definition_differs,info,Definition differs - limited cross-country comparability,THA,11_3,2010
definition_differs,info,Definition differs - limited cross-country comparability,AUS,7_1,2008
definition_differs,info,Definition differs - limited cross-country comparability,AUS,7_1_DEP,2008
definition_differs,info,Definition differs - limited cross-country comparability,AUS,7_1,2010
definition_differs,info,Definition differs - limited cross-country comparability,AUS,7_1_DEP,2010
definition_differs,info,Definition differs - limited cross-country comparability,BEL,7_1,2008
definition_differs,info,Definition differs - limited cross-country comparability,BEL,7_1_DEP,2008
definition_differs,info,Definition differs - limited cross-country comparability,BEL,7_1,2010
definition_differs,info,Definition differs - limited cross-country comparability,BEL,7_1_DEP,2010
definition_differs,info,Definition differs - limited cross-country comparability,CZE,7_1,2009
definition_differs,info,Definition differs - limited cross-country comparability,CZE,7_1_DEP,2009
definition_differs,info,Definition differs - limited cross-country comparability,CZE,7_1,2010
definition_differs,info,Definition differs - limited cross-country comparability,CZE,7_1_DEP,2010
definition_differs,info,Definition differs - limited cross-country comparability,CZE,7_1,2017
definition_differs,info,Definition differs - limited cross-country comparability,CZE,7_1_DEP,2017
definition_differs,info,Definition differs - limited cross-country comparability,CZE,7_1,2018
definition_differs,info,Definition differs - limited cross-country comparability,CZE,7_1_DEP,2018
definition_differs,info,Definition differs - limited cross-country comparability,EST,7_1,2008
definition_differs,info,Definition differs - limited cross-country comparability,EST,7_1_DEP,2008
definition_differs,info,Definition differs - limited cross-country comparability,EST,7_1,2009
definition_differs,info,Definition differs - limited cross-country comparability,EST,7_1_DEP,2009
definition_differs,info,Definition differs - limited cross-country comparability,FIN,7_1,2008
definition_differs,info,Definition differs - limited cross-country comparability,FIN,7_1_DEP,2008
definition_differs,info,Definition differs - limited cross-country comparability,FIN,7_1,2010
definition_differs,info,Definition differs - limited cross-country comparability,FIN,7_1_DEP,2010
definition_differs,info,Definition differs - limited cross-country comparability,GRC,7_1,2009
definition_differs,info,Definition differs - limited cross-country comparability,GRC,7_1_DEP,2009
definition_differs,info,Definition differs - limited cross-country comparability,GRC,7_1,2010
definition_differs,info,Definition differs - limited cross-country comparability,GRC,7_1_DEP,2010
definition_differs,info,Definition differs - limited cross-country comparability,HUN,7_1,2008
definition_differs,info,Definition differs - limited cross-country comparability,HUN,7_1_DEP,2008
definition_differs,info,Definition differs - limited cross-country comparability,HUN,7_1,2010
definition_differs,info,Definition differs - limited cross-country comparability,HUN,7_1_DEP,2010
definition_differs,info,Definition differs - limited cross-country comparability,ISL,7_1,2008
definition_differs,info,Definition differs - limited cross-country comparability,ISL,7_1_DEP,2008
definition_differs,info,Definition differs - limited cross-country comparability,ISL,7_1,2012
definition_differs,info,Definition differs - limited cross-country comparability,ISL,7_1_DEP,2012
definition_differs,info,Definition differs - limited cross-country comparability,ISL,7_1,2013
definition_differs,info,Definition differs - limited cross-country comparability,ISL,7_1_DEP,2013
definition_differs,info,Definition differs - limited cross-country comparability,ISL,7_1,2015
definition_differs,info,Definition differs - limited cross-country comparability,ISL,7_1_DEP,2015
definition_differs,info,Definition differs - limited cross-country comparability,ISL,7_1,2016
definition_differs,info,Definition differs - limited cross-country comparability,ISL,7_1_DEP,2016
definition_differs,info,Definition differs - limited cross-country comparability,ISL,7_1,2017
definition_differs,info,Definition differs - limited cross-country comparability,ISL,7_1_DEP,2017
definition_differs,info,Definition differs - limited cross-country comparability,ISL,7_1,2019
definition_differs,info,Definition differs - limited cross-country comparability,ISL,7_1_DEP,2019
definition_differs,info,Definition differs - limited cross-country comparability,ISL,7_1,2020
definition_differs,info,Definition differs - limited cross-country comparability,ISL,7_1_DEP,2020
definition_differs,info,Definition differs - limited cross-country comparability,ISL,7_1,2021
definition_differs,info,Definition differs - limited cross-country comparability,ISL,7_1_DEP,2021
definition_differs,info,Definition differs - limited cross-country comparability,ISL,7_1,2022
definition_differs,info,Definition differs - limited cross-country comparability,ISL,7_1_DEP,2022
definition_differs,info,Definition differs - limited cross-country comparability,ISL,7_1,2023
definition_differs,info,Definition differs - limited cross-country comparability,ISL,7_1_DEP,2023
definition_differs,info,Definition differs - limited cross-country comparability,ISL,7_1,2024
definition_differs,info,Definition differs - limited cross-country comparability,ISL,7_1_DEP,2024
definition_differs,info,Definition differs - limited cross-country comparability,ISL,7_1,2025
definition_differs,info,Definition differs - limited cross-country comparability,ISL,7_1_DEP,2025
definition_differs,info,Definition differs - limited cross-country comparability,IRL,7_1,2008
definition_differs,info,Definition differs - limited cross-country comparability,IRL,7_1_DEP,2008
definition_differs,info,Definition differs - limited cross-country comparability,IRL,7_1,2009
definition_differs,info,Definition differs - limited cross-country comparability,IRL,7_1_DEP,2009
definition_differs,info,Definition differs - limited cross-country comparability,IRL,7_1,2010
definition_differs,info,Definition differs - limited cross-country comparability,IRL,7_1_DEP,2010
definition_differs,info,Definition differs - limited cross-country comparability,LVA,7_1,2008
definition_differs,info,Definition differs - limited cross-country comparability,LVA,7_1_DEP,2008
definition_differs,info,Definition differs - limited cross-country comparability,LVA,7_1,2009
definition_differs,info,Definition differs - limited cross-country comparability,LVA,7_1_DEP,2009
definition_differs,info,Definition differs - limited cross-country comparability,LUX,7_1,2008
definition_differs,info,Definition differs - limited cross-country comparability,LUX,7_1_DEP,2008
definition_differs,info,Definition differs - limited cross-country comparability,LUX,7_1,2010
definition_differs,info,Definition differs - limited cross-country comparability,LUX,7_1_DEP,2010
definition_differs,info,Definition differs - limited cross-country comparability,LUX,7_1,2022
definition_differs,info,Definition differs - limited cross-country comparability,LUX,7_1_DEP,2022
definition_differs,info,Definition differs - limited cross-country comparability,NLD,7_1,2008
definition_differs,info,Definition differs - limited cross-country comparability,NLD,7_1_DEP,2008
definition_differs,info,Definition differs - limited cross-country comparability,NLD,7_1,2010
definition_differs,info,Definition differs - limited cross-country comparability,NLD,7_1_DEP,2010
definition_differs,info,Definition differs - limited cross-country comparability,NZL,7_1,2008
definition_differs,info,Definition differs - limited cross-country comparability,NZL,7_1_DEP,2008
definition_differs,info,Definition differs - limited cross-country comparability,NZL,7_1,2010
definition_differs,info,Definition differs - limited cross-country comparability,NZL,7_1_DEP,2010
definition_differs,info,Definition differs - limited cross-country comparability,NZL,7_1,2011
definition_differs,info,Definition differs - limited cross-country comparability,NZL,7_1_DEP,2011
definition_differs,info,Definition differs - limited cross-country comparability,NZL,7_1,2012
definition_differs,info,Definition differs - limited cross-country comparability,NZL,7_1_DEP,2012
definition_differs,info,Definition differs - limited cross-country comparability,NZL,7_1,2013
definition_differs,info,Definition differs - limited cross-country comparability,NZL,7_1_DEP,2013
definition_differs,info,Definition differs - limited cross-country comparability,NOR,7_1,2008
definition_differs,info,Definition differs - limited cross-country comparability,NOR,7_1_DEP,2008
definition_differs,info,Definition differs - limited cross-country comparability,NOR,7_1,2012
definition_differs,info,Definition differs - limited cross-country comparability,NOR,7_1_DEP,2012
definition_differs,info,Definition differs - limited cross-country comparability,SVK,7_1,2010
definition_differs,info,Definition differs - limited cross-country comparability,SVK,7_1_DEP,2010
definition_differs,info,Definition differs - limited cross-country comparability,SVN,7_1,2009
definition_differs,info,Definition differs - limited cross-country comparability,SVN,7_1_DEP,2009
definition_differs,info,Definition differs - limited cross-country comparability,SVN,7_1,2010
definition_differs,info,Definition differs - limited cross-country comparability,SVN,7_1_DEP,2010
definition_differs,info,Definition differs - limited cross-country comparability,CHE,7_1,2009
definition_differs,info,Definition differs - limited cross-country comparability,CHE,7_1_DEP,2009
definition_differs,info,Definition differs - limited cross-country comparability,CHE,7_1,2012
definition_differs,info,Definition differs - limited cross-country comparability,CHE,7_1_DEP,2012
definition_differs,info,Definition differs - limited cross-country comparability,BGR,7_1,2009
definition_differs,info,Definition differs - limited cross-country comparability,BGR,7_1_DEP,2009
definition_differs,info,Definition differs - limited cross-country comparability,BGR,7_1,2010
definition_differs,info,Definition differs - limited cross-country comparability,BGR,7_1_DEP,2010
definition_differs,info,Definition differs - limited cross-country comparability,HRV,7_1,2009
definition_differs,info,Definition differs - limited cross-country comparability,HRV,7_1_DEP,2009
definition_differs,info,Definition differs - limited cross-country comparability,HRV,7_1,2010
definition_differs,info,Definition differs - limited cross-country comparability,HRV,7_1_DEP,2010
definition_differs,info,Definition differs - limited cross-country comparability,ROU,7_1,2009
definition_differs,info,Definition differs - limited cross-country comparability,ROU,7_1_DEP,2009
definition_differs,info,Definition differs - limited cross-country comparability,ROU,7_1,2010
definition_differs,info,Definition differs - limited cross-country comparability,ROU,7_1_DEP,2010
definition_differs,info,Definition differs - limited cross-country comparability,THA,7_1,2008
definition_differs,info,Definition differs - limited cross-country comparability,THA,7_1_DEP,2008
definition_differs,info,Definition differs - limited cross-country comparability,THA,7_1,2009
definition_differs,info,Definition differs - limited cross-country comparability,THA,7_1_DEP,2009
definition_differs,info,Definition differs - limited cross-country comparability,THA,7_1,2010
definition_differs,info,Definition differs - limited cross-country comparability,THA,7_1_DEP,2010
definition_differs,info,Definition differs - limited cross-country comparability,AUS,7_1,2007
definition_differs,info,Definition differs - limited cross-country comparability,AUS,7_1_DEP,2007
definition_differs,info,Definition differs - limited cross-country comparability,AUS,10_2,2007
definition_differs,info,Definition differs - limited cross-country comparability,AUS,10_2_DEP,2007
definition_differs,info,Definition differs - limited cross-country comparability,BEL,7_1,2007
definition_differs,info,Definition differs - limited cross-country comparability,BEL,7_1_DEP,2007
definition_differs,info,Definition differs - limited cross-country comparability,BEL,10_2,2007
definition_differs,info,Definition differs - limited cross-country comparability,BEL,10_2_DEP,2007
definition_differs,info,Definition differs - limited cross-country comparability,BEL,11_2,2007
definition_differs,info,Definition differs - limited cross-country comparability,BEL,11_3,2007
definition_differs,info,Definition differs - limited cross-country comparability,CHL,7_1,2007
definition_differs,info,Definition differs - limited cross-country comparability,CHL,7_1_DEP,2007
definition_differs,info,Definition differs - limited cross-country comparability,CHL,10_2,2007
definition_differs,info,Definition differs - limited cross-country comparability,CHL,10_2_DEP,2007
definition_differs,info,Definition differs - limited cross-country comparability,CHL,11_2,2007
definition_differs,info,Definition differs - limited cross-country comparability,CHL,11_3,2007
definition_differs,info,Definition differs - limited cross-country comparability,COL,7_1,2007
definition_differs,info,Definition differs - limited cross-country comparability,COL,7_1_DEP,2007
definition_differs,info,Definition differs - limited cross-country comparability,COL,10_2,2007
definition_differs,info,Definition differs - limited cross-country comparability,COL,10_2_DEP,2007
definition_differs,info,Definition differs - limited cross-country comparability,COL,11_2,2007
definition_differs,info,Definition differs - limited cross-country comparability,COL,11_3,2007
definition_differs,info,Definition differs - limited cross-country comparability,CRI,7_1,2007
definition_differs,info,Definition differs - limited cross-country comparability,CRI,7_1_DEP,2007
definition_differs,info,Definition differs - limited cross-country comparability,CRI,10_2,2007
definition_differs,info,Definition differs - limited cross-country comparability,CRI,10_2_DEP,2007
definition_differs,info,Definition differs - limited cross-country comparability,CRI,11_2,2007
definition_differs,info,Definition differs - limited cross-country comparability,CRI,11_3,2007
definition_differs,info,Definition differs - limited cross-country comparability,CZE,7_1,2007
definition_differs,info,Definition differs - limited cross-country comparability,CZE,7_1_DEP,2007
definition_differs,info,Definition differs - limited cross-country comparability,CZE,10_2,2007
definition_differs,info,Definition differs - limited cross-country comparability,CZE,10_2_DEP,2007
definition_differs,info,Definition differs - limited cross-country comparability,CZE,11_2,2007
definition_differs,info,Definition differs - limited cross-country comparability,CZE,11_3,2007
definition_differs,info,Definition differs - limited cross-country comparability,DNK,7_1,2007
definition_differs,info,Definition differs - limited cross-country comparability,DNK,7_1_DEP,2007
definition_differs,info,Definition differs - limited cross-country comparability,DNK,10_2,2007
definition_differs,info,Definition differs - limited cross-country comparability,DNK,10_2_DEP,2007
definition_differs,info,Definition differs - limited cross-country comparability,DNK,11_2,2007
definition_differs,info,Definition differs - limited cross-country comparability,DNK,11_3,2007
definition_differs,info,Definition differs - limited cross-country comparability,EST,7_1,2007
definition_differs,info,Definition differs - limited cross-country comparability,EST,7_1_DEP,2007
definition_differs,info,Definition differs - limited cross-country comparability,EST,10_2,2007
definition_differs,info,Definition differs - limited cross-country comparability,EST,10_2_DEP,2007
definition_differs,info,Definition differs - limited cross-country comparability,EST,11_2,2007
definition_differs,info,Definition differs - limited cross-country comparability,EST,11_3,2007
definition_differs,info,Definition differs - limited cross-country comparability,FRA,7_1,2007
definition_differs,info,Definition differs - limited cross-country comparability,FRA,7_1_DEP,2007
definition_differs,info,Definition differs - limited cross-country comparability,FRA,10_2,2007
definition_differs,info,Definition differs - limited cross-country comparability,FRA,10_2_DEP,2007
definition_differs,info,Definition differs - limited cross-country comparability,FRA,11_2,2007
definition_differs,info,Definition differs - limited cross-country comparability,FRA,11_3,2007
definition_differs,info,Definition differs - limited cross-country comparability,DEU,7_1,2007
definition_differs,info,Definition differs - limited cross-country comparability,DEU,7_1_DEP,2007
definition_differs,info,Definition differs - limited cross-country comparability,DEU,10_2,2007
definition_differs,info,Definition differs - limited cross-country comparability,DEU,10_2_DEP,2007
definition_differs,info,Definition differs - limited cross-country comparability,DEU,11_2,2007
definition_differs,info,Definition differs - limited cross-country comparability,DEU,11_3,2007
definition_differs,info,Definition differs - limited cross-country comparability,GRC,7_1,2007
definition_differs,info,Definition differs - limited cross-country comparability,GRC,7_1_DEP,2007
definition_differs,info,Definition differs - limited cross-country comparability,GRC,10_2,2007
definition_differs,info,Definition differs - limited cross-country comparability,GRC,10_2_DEP,2007
definition_differs,info,Definition differs - limited cross-country comparability,GRC,11_2,2007
definition_differs,info,Definition differs - limited cross-country comparability,GRC,11_3,2007
definition_differs,info,Definition differs - limited cross-country comparability,HUN,7_1,2007
definition_differs,info,Definition differs - limited cross-country comparability,HUN,7_1_DEP,2007
definition_differs,info,Definition differs - limited cross-country comparability,HUN,10_2,2007
definition_differs,info,Definition differs - limited cross-country comparability,HUN,10_2_DEP,2007
definition_differs,info,Definition differs - limited cross-country comparability,HUN,11_2,2007
definition_differs,info,Definition differs - limited cross-country comparability,HUN,11_3,2007
definition_differs,info,Definition differs - limited cross-country comparability,ISR,7_1,2007
definition_differs,info,Definition differs - limited cross-country comparability,ISR,7_1_DEP,2007
definition_differs,info,Definition differs - limited cross-country comparability,ISR,10_2,2007
definition_differs,info,Definition differs - limited cross-country comparability,ISR,10_2_DEP,2007
definition_differs,info,Definition differs - limited cross-country comparability,ISR,11_2,2007
definition_differs,info,Definition differs - limited cross-country comparability,ISR,11_3,2007
definition_differs,info,Definition differs - limited cross-country comparability,ITA,7_1,2007
definition_differs,info,Definition differs - limited cross-country comparability,ITA,7_1_DEP,2007
definition_differs,info,Definition differs - limited cross-country comparability,ITA,10_2,2007
definition_differs,info,Definition differs - limited cross-country comparability,ITA,10_2_DEP,2007
definition_differs,info,Definition differs - limited cross-country comparability,ITA,11_2,2007
definition_differs,info,Definition differs - limited cross-country comparability,ITA,11_3,2007
definition_differs,info,Definition differs - limited cross-country comparability,LVA,7_1,2007
definition_differs,info,Definition differs - limited cross-country comparability,LVA,7_1_DEP,2007
definition_differs,info,Definition differs - limited cross-country comparability,LVA,10_2,2007
definition_differs,info,Definition differs - limited cross-country comparability,LVA,10_2_DEP,2007
definition_differs,info,Definition differs - limited cross-country comparability,LVA,11_2,2007
definition_differs,info,Definition differs - limited cross-country comparability,LVA,11_3,2007
definition_differs,info,Definition differs - limited cross-country comparability,MEX,7_1,2007
definition_differs,info,Definition differs - limited cross-country comparability,MEX,7_1_DEP,2007
definition_differs,info,Definition differs - limited cross-country comparability,MEX,10_2,2007
definition_differs,info,Definition differs - limited cross-country comparability,MEX,10_2_DEP,2007
definition_differs,info,Definition differs - limited cross-country comparability,MEX,11_2,2007
definition_differs,info,Definition differs - limited cross-country comparability,MEX,11_3,2007
definition_differs,info,Definition differs - limited cross-country comparability,NLD,7_1,2007
definition_differs,info,Definition differs - limited cross-country comparability,NLD,7_1_DEP,2007
definition_differs,info,Definition differs - limited cross-country comparability,NLD,10_2,2007
definition_differs,info,Definition differs - limited cross-country comparability,NLD,10_2_DEP,2007
definition_differs,info,Definition differs - limited cross-country comparability,NLD,11_2,2007
definition_differs,info,Definition differs - limited cross-country comparability,NLD,11_3,2007
definition_differs,info,Definition differs - limited cross-country comparability,NZL,7_1,2007
definition_differs,info,Definition differs - limited cross-country comparability,NZL,7_1_DEP,2007
definition_differs,info,Definition differs - limited cross-country comparability,NZL,10_2,2007
definition_differs,info,Definition differs - limited cross-country comparability,NZL,10_2_DEP,2007
definition_differs,info,Definition differs - limited cross-country comparability,NZL,11_2,2007
definition_differs,info,Definition differs - limited cross-country comparability,NZL,11_3,2007
definition_differs,info,Definition differs - limited cross-country comparability,POL,7_1,2007
definition_differs,info,Definition differs - limited cross-country comparability,POL,7_1_DEP,2007
definition_differs,info,Definition differs - limited cross-country comparability,POL,10_2,2007
definition_differs,info,Definition differs - limited cross-country comparability,POL,10_2_DEP,2007
definition_differs,info,Definition differs - limited cross-country comparability,POL,11_2,2007
definition_differs,info,Definition differs - limited cross-country comparability,POL,11_3,2007
definition_differs,info,Definition differs - limited cross-country comparability,ESP,7_1,2007
definition_differs,info,Definition differs - limited cross-country comparability,ESP,7_1_DEP,2007
definition_differs,info,Definition differs - limited cross-country comparability,ESP,10_2,2007
definition_differs,info,Definition differs - limited cross-country comparability,ESP,10_2_DEP,2007
definition_differs,info,Definition differs - limited cross-country comparability,ESP,11_2,2007
definition_differs,info,Definition differs - limited cross-country comparability,ESP,11_3,2007
definition_differs,info,Definition differs - limited cross-country comparability,SWE,7_1,2007
definition_differs,info,Definition differs - limited cross-country comparability,SWE,7_1_DEP,2007
definition_differs,info,Definition differs - limited cross-country comparability,SWE,10_2,2007
definition_differs,info,Definition differs - limited cross-country comparability,SWE,10_2_DEP,2007
definition_differs,info,Definition differs - limited cross-country comparability,SWE,11_2,2007
definition_differs,info,Definition differs - limited cross-country comparability,SWE,11_3,2007
definition_differs,info,Definition differs - limited cross-country comparability,TUR,11_2,2007
definition_differs,info,Definition differs - limited cross-country comparability,GBR,7_1,2007
definition_differs,info,Definition differs - limited cross-country comparability,GBR,7_1_DEP,2007
definition_differs,info,Definition differs - limited cross-country comparability,GBR,10_2,2007
definition_differs,info,Definition differs - limited cross-country comparability,GBR,10_2_DEP,2007
definition_differs,info,Definition differs - limited cross-country comparability,GBR,11_2,2007
definition_differs,info,Definition differs - limited cross-country comparability,GBR,11_3,2007
definition_differs,info,Definition differs - limited cross-country comparability,USA,10_2,2007
definition_differs,info,Definition differs - limited cross-country comparability,USA,10_2_DEP,2007
definition_differs,info,Definition differs - limited cross-country comparability,USA,11_2,2007
definition_differs,info,Definition differs - limited cross-country comparability,USA,11_3,2007
definition_differs,info,Definition differs - limited cross-country comparability,ARG,7_1,2007
definition_differs,info,Definition differs - limited cross-country comparability,ARG,7_1_DEP,2007
definition_differs,info,Definition differs - limited cross-country comparability,ARG,10_2,2007
definition_differs,info,Definition differs - limited cross-country comparability,ARG,10_2_DEP,2007
definition_differs,info,Definition differs - limited cross-country comparability,ARG,11_2,2007
definition_differs,info,Definition differs - limited cross-country comparability,ARG,11_3,2007
definition_differs,info,Definition differs - limited cross-country comparability,BRA,7_1,2007
definition_differs,info,Definition differs - limited cross-country comparability,BRA,7_1_DEP,2007
definition_differs,info,Definition differs - limited cross-country comparability,BRA,10_2,2007
definition_differs,info,Definition differs - limited cross-country comparability,BRA,10_2_DEP,2007
definition_differs,info,Definition differs - limited cross-country comparability,BRA,11_2,2007
definition_differs,info,Definition differs - limited cross-country comparability,BRA,11_3,2007
definition_differs,info,Definition differs - limited cross-country comparability,IDN,7_1,2007
definition_differs,info,Definition differs - limited cross-country comparability,IDN,7_1_DEP,2007
definition_differs,info,Definition differs - limited cross-country comparability,IDN,10_2,2007
definition_differs,info,Definition differs - limited cross-country comparability,IDN,10_2_DEP,2007
definition_differs,info,Definition differs - limited cross-country comparability,IDN,11_2,2007
definition_differs,info,Definition differs - limited cross-country comparability,IDN,11_3,2007
definition_differs,info,Definition differs - limited cross-country comparability,PER,7_1,2007
definition_differs,info,Definition differs - limited cross-country comparability,PER,7_1_DEP,2007
definition_differs,info,Definition differs - limited cross-country comparability,PER,10_2,2007
definition_differs,info,Definition differs - limited cross-country comparability,PER,10_2_DEP,2007
definition_differs,info,Definition differs - limited cross-country comparability,PER,11_2,2007
definition_differs,info,Definition differs - limited cross-country comparability,PER,11_3,2007
definition_differs,info,Definition differs - limited cross-country comparability,ROU,7_1,2007
definition_differs,info,Definition differs - limited cross-country comparability,ROU,7_1_DEP,2007
definition_differs,info,Definition differs - limited cross-country comparability,ROU,10_2,2007
definition_differs,info,Definition differs - limited cross-country comparability,ROU,10_2_DEP,2007
definition_differs,info,Definition differs - limited cross-country comparability,ROU,11_2,2007
definition_differs,info,Definition differs - limited cross-country comparability,ROU,11_3,2007
definition_differs,info,Definition differs - limited cross-country comparability,THA,7_1,2007
definition_differs,info,Definition differs - limited cross-country comparability,THA,7_1_DEP,2007
definition_differs,info,Definition differs - limited cross-country comparability,THA,10_2,2007
definition_differs,info,Definition differs - limited cross-country comparability,THA,10_2_DEP,2007
definition_differs,info,Definition differs - limited cross-country comparability,THA,11_2,2007
definition_differs,info,Definition differs - limited cross-country comparability,THA,11_3,2007
definition_differs,info,Definition differs - limited cross-country comparability,AUT,11_2,2006
definition_differs,info,Definition differs - limited cross-country comparability,AUT,11_2,2006
definition_differs,info,Definition differs - limited cross-country comparability,AUT,11_3,2006
definition_differs,info,Definition differs - limited cross-country comparability,AUT,11_3,2006
definition_differs,info,Definition differs - limited cross-country comparability,BEL,11_2,2006
definition_differs,info,Definition differs - limited cross-country comparability,BEL,11_3,2006
definition_differs,info,Definition differs - limited cross-country comparability,CHL,11_2,2006
definition_differs,info,Definition differs - limited cross-country comparability,CHL,11_3,2006
definition_differs,info,Definition differs - limited cross-country comparability,COL,11_2,2006
definition_differs,info,Definition differs - limited cross-country comparability,COL,11_3,2006
definition_differs,info,Definition differs - limited cross-country comparability,CRI,11_2,2006
definition_differs,info,Definition differs - limited cross-country comparability,CRI,11_3,2006
definition_differs,info,Definition differs - limited cross-country comparability,CZE,11_2,2006
definition_differs,info,Definition differs - limited cross-country comparability,CZE,11_3,2006
definition_differs,info,Definition differs - limited cross-country comparability,DNK,11_2,2006
definition_differs,info,Definition differs - limited cross-country comparability,DNK,11_3,2006
definition_differs,info,Definition differs - limited cross-country comparability,EST,11_2,2006
definition_differs,info,Definition differs - limited cross-country comparability,EST,11_3,2006
definition_differs,info,Definition differs - limited cross-country comparability,FIN,11_2,2006
definition_differs,info,Definition differs - limited cross-country comparability,FIN,11_2,2006
definition_differs,info,Definition differs - limited cross-country comparability,FIN,11_3,2006
definition_differs,info,Definition differs - limited cross-country comparability,FIN,11_3,2006
definition_differs,info,Definition differs - limited cross-country comparability,FRA,11_2,2006
definition_differs,info,Definition differs - limited cross-country comparability,FRA,11_3,2006
definition_differs,info,Definition differs - limited cross-country comparability,DEU,11_2,2006
definition_differs,info,Definition differs - limited cross-country comparability,DEU,11_3,2006
definition_differs,info,Definition differs - limited cross-country comparability,GRC,11_2,2006
definition_differs,info,Definition differs - limited cross-country comparability,GRC,11_3,2006
definition_differs,info,Definition differs - limited cross-country comparability,HUN,11_2,2006
definition_differs,info,Definition differs - limited cross-country comparability,HUN,11_3,2006
definition_differs,info,Definition differs - limited cross-country comparability,IRL,11_2,2006
definition_differs,info,Definition differs - limited cross-country comparability,IRL,11_2,2006
definition_differs,info,Definition differs - limited cross-country comparability,IRL,11_3,2006
definition_differs,info,Definition differs - limited cross-country comparability,IRL,11_3,2006
definition_differs,info,Definition differs - limited cross-country comparability,ISR,11_2,2006
definition_differs,info,Definition differs - limited cross-country comparability,ISR,11_3,2006
definition_differs,info,Definition differs - limited cross-country comparability,ITA,11_2,2006
definition_differs,info,Definition differs - limited cross-country comparability,ITA,11_3,2006
definition_differs,info,Definition differs - limited cross-country comparability,LVA,11_2,2006
definition_differs,info,Definition differs - limited cross-country comparability,LVA,11_3,2006
definition_differs,info,Definition differs - limited cross-country comparability,MEX,11_2,2006
definition_differs,info,Definition differs - limited cross-country comparability,MEX,11_3,2006
definition_differs,info,Definition differs - limited cross-country comparability,NLD,11_2,2006
definition_differs,info,Definition differs - limited cross-country comparability,NLD,11_3,2006
definition_differs,info,Definition differs - limited cross-country comparability,NZL,11_2,2006
definition_differs,info,Definition differs - limited cross-country comparability,NZL,11_2,2006
definition_differs,info,Definition differs - limited cross-country comparability,NZL,11_3,2006
definition_differs,info,Definition differs - limited cross-country comparability,NZL,11_3,2006
definition_differs,info,Definition differs - limited cross-country comparability,NOR,11_2,2006
definition_differs,info,Definition differs - limited cross-country comparability,NOR,11_2,2006
definition_differs,info,Definition differs - limited cross-country comparability,NOR,11_3,2006
definition_differs,info,Definition differs - limited cross-country comparability,NOR,11_3,2006
definition_differs,info,Definition differs - limited cross-country comparability,POL,11_2,2006
definition_differs,info,Definition differs - limited cross-country comparability,POL,11_3,2006
definition_differs,info,Definition differs - limited cross-country comparability,PRT,11_2,2006
definition_differs,info,Definition differs - limited cross-country comparability,PRT,11_2,2006
definition_differs,info,Definition differs - limited cross-country comparability,PRT,11_3,2006
definition_differs,info,Definition differs - limited cross-country comparability,PRT,11_3,2006
definition_differs,info,Definition differs - limited cross-country comparability,SVK,11_2,2006
definition_differs,info,Definition differs - limited cross-country comparability,SVK,11_2,2006
definition_differs,info,Definition differs - limited cross-country comparability,SVK,11_3,2006
definition_differs,info,Definition differs - limited cross-country comparability,SVK,11_3,2006
definition_differs,info,Definition differs - limited cross-country comparability,SVN,11_2,2006
definition_differs,info,Definition differs - limited cross-country comparability,SVN,11_2,2006
definition_differs,info,Definition differs - limited cross-country comparability,SVN,11_3,2006
definition_differs,info,Definition differs - limited cross-country comparability,SVN,11_3,2006
definition_differs,info,Definition differs - limited cross-country comparability,ESP,11_2,2006
definition_differs,info,Definition differs - limited cross-country comparability,ESP,11_3,2006
definition_differs,info,Definition differs - limited cross-country comparability,SWE,11_2,2006
definition_differs,info,Definition differs - limited cross-country comparability,SWE,11_3,2006
definition_differs,info,Definition differs - limited cross-country comparability,CHE,11_2,2006
definition_differs,info,Definition differs - limited cross-country comparability,CHE,11_2,2006
definition_differs,info,Definition differs - limited cross-country comparability,CHE,11_3,2006
definition_differs,info,Definition differs - limited cross-country comparability,CHE,11_3,2006
definition_differs,info,Definition differs - limited cross-country comparability,TUR,11_3,2006
definition_differs,info,Definition differs - limited cross-country comparability,GBR,11_2,2006
definition_differs,info,Definition differs - limited cross-country comparability,GBR,11_3,2006
definition_differs,info,Definition differs - limited cross-country comparability,USA,11_2,2006
definition_differs,info,Definition differs - limited cross-country comparability,USA,11_3,2006
definition_differs,info,Definition differs - limited cross-country comparability,ARG,11_2,2006
definition_differs,info,Definition differs - limited cross-country comparability,ARG,11_3,2006
definition_differs,info,Definition differs - limited cross-country comparability,BRA,11_2,2006
definition_differs,info,Definition differs - limited cross-country comparability,BRA,11_3,2006
definition_differs,info,Definition differs - limited cross-country comparability,BGR,11_2,2006
definition_differs,info,Definition differs - limited cross-country comparability,BGR,11_2,2006
definition_differs,info,Definition differs - limited cross-country comparability,BGR,11_3,2006
definition_differs,info,Definition differs - limited cross-country comparability,BGR,11_3,2006
definition_differs,info,Definition differs - limited cross-country comparability,HRV,11_2,2006
definition_differs,info,Definition differs - limited cross-country comparability,HRV,11_2,2006
definition_differs,info,Definition differs - limited cross-country comparability,HRV,11_3,2006
definition_differs,info,Definition differs - limited cross-country comparability,HRV,11_3,2006
definition_differs,info,Definition differs - limited cross-country comparability,IDN,11_2,2006
definition_differs,info,Definition differs - limited cross-country comparability,IDN,11_3,2006
definition_differs,info,Definition differs - limited cross-country comparability,PER,11_2,2006
definition_differs,info,Definition differs - limited cross-country comparability,PER,11_3,2006
definition_differs,info,Definition differs - limited cross-country comparability,ROU,11_2,2006
definition_differs,info,Definition differs - limited cross-country comparability,ROU,11_3,2006
definition_differs,info,Definition differs - limited cross-country comparability,ZAF,11_2,2006
definition_differs,info,Definition differs - limited cross-country comparability,ZAF,11_3,2006
definition_differs,info,Definition differs - limited cross-country comparability,THA,11_2,2006
definition_differs,info,Definition differs - limited cross-country comparability,THA,11_3,2006
definition_differs,info,Definition differs - limited cross-country comparability,AUS,10_2,2006
definition_differs,info,Definition differs - limited cross-country comparability,AUS,10_2,2006
definition_differs,info,Definition differs - limited cross-country comparability,AUS,10_2_DEP,2006
definition_differs,info,Definition differs - limited cross-country comparability,AUS,10_2_DEP,2006
definition_differs,info,Definition differs - limited cross-country comparability,AUT,10_2,2006
definition_differs,info,Definition differs - limited cross-country comparability,AUT,10_2,2006
definition_differs,info,Definition differs - limited cross-country comparability,AUT,10_2_DEP,2006
definition_differs,info,Definition differs - limited cross-country comparability,AUT,10_2_DEP,2006
definition_differs,info,Definition differs - limited cross-country comparability,BEL,10_2,2006
definition_differs,info,Definition differs - limited cross-country comparability,BEL,10_2_DEP,2006
definition_differs,info,Definition differs - limited cross-country comparability,CHL,10_2,2006
definition_differs,info,Definition differs - limited cross-country comparability,CHL,10_2_DEP,2006
definition_differs,info,Definition differs - limited cross-country comparability,COL,10_2,2006
definition_differs,info,Definition differs - limited cross-country comparability,COL,10_2_DEP,2006
definition_differs,info,Definition differs - limited cross-country comparability,CRI,10_2,2006
definition_differs,info,Definition differs - limited cross-country comparability,CRI,10_2_DEP,2006
definition_differs,info,Definition differs - limited cross-country comparability,CZE,10_2,2006
definition_differs,info,Definition differs - limited cross-country comparability,CZE,10_2_DEP,2006
definition_differs,info,Definition differs - limited cross-country comparability,DNK,10_2,2006
definition_differs,info,Definition differs - limited cross-country comparability,DNK,10_2_DEP,2006
definition_differs,info,Definition differs - limited cross-country comparability,EST,10_2,2006
definition_differs,info,Definition differs - limited cross-country comparability,EST,10_2_DEP,2006
definition_differs,info,Definition differs - limited cross-country comparability,FIN,10_2,2006
definition_differs,info,Definition differs - limited cross-country comparability,FIN,10_2,2006
definition_differs,info,Definition differs - limited cross-country comparability,FIN,10_2_DEP,2006
definition_differs,info,Definition differs - limited cross-country comparability,FIN,10_2_DEP,2006
definition_differs,info,Definition differs - limited cross-country comparability,FRA,10_2,2006
definition_differs,info,Definition differs - limited cross-country comparability,FRA,10_2_DEP,2006
definition_differs,info,Definition differs - limited cross-country comparability,DEU,10_2,2006
definition_differs,info,Definition differs - limited cross-country comparability,DEU,10_2_DEP,2006
definition_differs,info,Definition differs - limited cross-country comparability,GRC,10_2,2006
definition_differs,info,Definition differs - limited cross-country comparability,GRC,10_2_DEP,2006
definition_differs,info,Definition differs - limited cross-country comparability,HUN,10_2,2006
definition_differs,info,Definition differs - limited cross-country comparability,HUN,10_2_DEP,2006
definition_differs,info,Definition differs - limited cross-country comparability,IRL,10_2,2006
definition_differs,info,Definition differs - limited cross-country comparability,IRL,10_2,2006
definition_differs,info,Definition differs - limited cross-country comparability,IRL,10_2_DEP,2006
definition_differs,info,Definition differs - limited cross-country comparability,IRL,10_2_DEP,2006
definition_differs,info,Definition differs - limited cross-country comparability,ISR,10_2,2006
definition_differs,info,Definition differs - limited cross-country comparability,ISR,10_2_DEP,2006
definition_differs,info,Definition differs - limited cross-country comparability,ITA,10_2,2006
definition_differs,info,Definition differs - limited cross-country comparability,ITA,10_2_DEP,2006
definition_differs,info,Definition differs - limited cross-country comparability,LVA,10_2,2006
definition_differs,info,Definition differs - limited cross-country comparability,LVA,10_2_DEP,2006
definition_differs,info,Definition differs - limited cross-country comparability,MEX,10_2,2006
definition_differs,info,Definition differs - limited cross-country comparability,MEX,10_2_DEP,2006
definition_differs,info,Definition differs - limited cross-country comparability,NLD,10_2,2006
definition_differs,info,Definition differs - limited cross-country comparability,NLD,10_2_DEP,2006
definition_differs,info,Definition differs - limited cross-country comparability,NZL,10_2,2006
definition_differs,info,Definition differs - limited cross-country comparability,NZL,10_2,2006
definition_differs,info,Definition differs - limited cross-country comparability,NZL,10_2_DEP,2006
definition_differs,info,Definition differs - limited cross-country comparability,NZL,10_2_DEP,2006
definition_differs,info,Definition differs - limited cross-country comparability,NOR,10_2,2006
definition_differs,info,Definition differs - limited cross-country comparability,NOR,10_2,2006
definition_differs,info,Definition differs - limited cross-country comparability,NOR,10_2_DEP,2006
definition_differs,info,Definition differs - limited cross-country comparability,NOR,10_2_DEP,2006
definition_differs,info,Definition differs - limited cross-country comparability,POL,10_2,2006
definition_differs,info,Definition differs - limited cross-country comparability,POL,10_2_DEP,2006
definition_differs,info,Definition differs - limited cross-country comparability,PRT,10_2,2006
definition_differs,info,Definition differs - limited cross-country comparability,PRT,10_2,2006
definition_differs,info,Definition differs - limited cross-country comparability,PRT,10_2_DEP,2006
definition_differs,info,Definition differs - limited cross-country comparability,PRT,10_2_DEP,2006
definition_differs,info,Definition differs - limited cross-country comparability,SVK,10_2,2006
definition_differs,info,Definition differs - limited cross-country comparability,SVK,10_2,2006
definition_differs,info,Definition differs - limited cross-country comparability,SVK,10_2_DEP,2006
definition_differs,info,Definition differs - limited cross-country comparability,SVK,10_2_DEP,2006
definition_differs,info,Definition differs - limited cross-country comparability,SVN,10_2,2006
definition_differs,info,Definition differs - limited cross-country comparability,SVN,10_2,2006
definition_differs,info,Definition differs - limited cross-country comparability,SVN,10_2_DEP,2006
definition_differs,info,Definition differs - limited cross-country comparability,SVN,10_2_DEP,2006
definition_differs,info,Definition differs - limited cross-country comparability,ESP,10_2,2006
definition_differs,info,Definition differs - limited cross-country comparability,ESP,10_2_DEP,2006
definition_differs,info,Definition differs - limited cross-country comparability,SWE,10_2,2006
definition_differs,info,Definition differs - limited cross-country comparability,SWE,10_2_DEP,2006
definition_differs,info,Definition differs - limited cross-country comparability,CHE,10_2,2006
definition_differs,info,Definition differs - limited cross-country comparability,CHE,10_2,2006
definition_differs,info,Definition differs - limited cross-country comparability,CHE,10_2_DEP,2006
definition_differs,info,Definition differs - limited cross-country comparability,CHE,10_2_DEP,2006
definition_differs,info,Definition differs - limited cross-country comparability,TUR,10_2,2006
definition_differs,info,Definition differs - limited cross-country comparability,TUR,10_2_DEP,2006
definition_differs,info,Definition differs - limited cross-country comparability,GBR,10_2,2006
definition_differs,info,Definition differs - limited cross-country comparability,GBR,10_2_DEP,2006
definition_differs,info,Definition differs - limited cross-country comparability,USA,10_2,2006
definition_differs,info,Definition differs - limited cross-country comparability,USA,10_2_DEP,2006
definition_differs,info,Definition differs - limited cross-country comparability,ARG,10_2,2006
definition_differs,info,Definition differs - limited cross-country comparability,ARG,10_2_DEP,2006
definition_differs,info,Definition differs - limited cross-country comparability,BRA,10_2,2006
definition_differs,info,Definition differs - limited cross-country comparability,BRA,10_2_DEP,2006
definition_differs,info,Definition differs - limited cross-country comparability,BGR,10_2,2006
definition_differs,info,Definition differs - limited cross-country comparability,BGR,10_2,2006
definition_differs,info,Definition differs - limited cross-country comparability,BGR,10_2_DEP,2006
definition_differs,info,Definition differs - limited cross-country comparability,BGR,10_2_DEP,2006
definition_differs,info,Definition differs - limited cross-country comparability,HRV,10_2,2006
definition_differs,info,Definition differs - limited cross-country comparability,HRV,10_2,2006
definition_differs,info,Definition differs - limited cross-country comparability,HRV,10_2_DEP,2006
definition_differs,info,Definition differs - limited cross-country comparability,HRV,10_2_DEP,2006
definition_differs,info,Definition differs - limited cross-country comparability,IDN,10_2,2006
definition_differs,info,Definition differs - limited cross-country comparability,IDN,10_2_DEP,2006
definition_differs,info,Definition differs - limited cross-country comparability,PER,10_2,2006
definition_differs,info,Definition differs - limited cross-country comparability,PER,10_2_DEP,2006
definition_differs,info,Definition differs - limited cross-country comparability,ROU,10_2,2006
definition_differs,info,Definition differs - limited cross-country comparability,ROU,10_2_DEP,2006
definition_differs,info,Definition differs - limited cross-country comparability,ZAF,10_2,2006
definition_differs,info,Definition differs - limited cross-country comparability,ZAF,10_2_DEP,2006
definition_differs,info,Definition differs - limited cross-country comparability,THA,10_2,2006
definition_differs,info,Definition differs - limited cross-country comparability,THA,10_2_DEP,2006
definition_differs,info,Definition differs - limited cross-country comparability,AUS,7_1,2006
definition_differs,info,Definition differs - limited cross-country comparability,AUS,7_1,2006
definition_differs,info,Definition differs - limited cross-country comparability,AUS,7_1_DEP,2006
definition_differs,info,Definition differs - limited cross-country comparability,AUS,7_1_DEP,2006
definition_differs,info,Definition differs - limited cross-country comparability,AUT,7_1,2006
definition_differs,info,Definition differs - limited cross-country comparability,AUT,7_1,2006
definition_differs,info,Definition differs - limited cross-country comparability,AUT,7_1_DEP,2006
definition_differs,info,Definition differs - limited cross-country comparability,AUT,7_1_DEP,2006
definition_differs,info,Definition differs - limited cross-country comparability,BEL,7_1,2006
definition_differs,info,Definition differs - limited cross-country comparability,BEL,7_1_DEP,2006
definition_differs,info,Definition differs - limited cross-country comparability,CAN,7_1,2006
definition_differs,info,Definition differs - limited cross-country comparability,CAN,7_1,2006
definition_differs,info,Definition differs - limited cross-country comparability,CAN,7_1_DEP,2006
definition_differs,info,Definition differs - limited cross-country comparability,CAN,7_1_DEP,2006
definition_differs,info,Definition differs - limited cross-country comparability,CHL,7_1,2006
definition_differs,info,Definition differs - limited cross-country comparability,CHL,7_1_DEP,2006
definition_differs,info,Definition differs - limited cross-country comparability,COL,7_1,2006
definition_differs,info,Definition differs - limited cross-country comparability,COL,7_1_DEP,2006
definition_differs,info,Definition differs - limited cross-country comparability,CRI,7_1,2006
definition_differs,info,Definition differs - limited cross-country comparability,CRI,7_1_DEP,2006
definition_differs,info,Definition differs - limited cross-country comparability,CZE,7_1,2006
definition_differs,info,Definition differs - limited cross-country comparability,CZE,7_1_DEP,2006
definition_differs,info,Definition differs - limited cross-country comparability,DNK,7_1,2006
definition_differs,info,Definition differs - limited cross-country comparability,DNK,7_1_DEP,2006
definition_differs,info,Definition differs - limited cross-country comparability,EST,7_1,2006
definition_differs,info,Definition differs - limited cross-country comparability,EST,7_1_DEP,2006
definition_differs,info,Definition differs - limited cross-country comparability,FIN,7_1,2006
definition_differs,info,Definition differs - limited cross-country comparability,FIN,7_1,2006
definition_differs,info,Definition differs - limited cross-country comparability,FIN,7_1_DEP,2006
definition_differs,info,Definition differs - limited cross-country comparability,FIN,7_1_DEP,2006
definition_differs,info,Definition differs - limited cross-country comparability,FRA,7_1,2006
definition_differs,info,Definition differs - limited cross-country comparability,FRA,7_1,2006
definition_differs,info,Definition differs - limited cross-country comparability,FRA,7_1_DEP,2006
definition_differs,info,Definition differs - limited cross-country comparability,FRA,7_1_DEP,2006
definition_differs,info,Definition differs - limited cross-country comparability,DEU,7_1,2006
definition_differs,info,Definition differs - limited cross-country comparability,DEU,7_1,2006
definition_differs,info,Definition differs - limited cross-country comparability,DEU,7_1_DEP,2006
definition_differs,info,Definition differs - limited cross-country comparability,DEU,7_1_DEP,2006
definition_differs,info,Definition differs - limited cross-country comparability,GRC,7_1,2006
definition_differs,info,Definition differs - limited cross-country comparability,GRC,7_1_DEP,2006
definition_differs,info,Definition differs - limited cross-country comparability,HUN,7_1,2006
definition_differs,info,Definition differs - limited cross-country comparability,HUN,7_1_DEP,2006
definition_differs,info,Definition differs - limited cross-country comparability,IRL,7_1,2006
definition_differs,info,Definition differs - limited cross-country comparability,IRL,7_1,2006
definition_differs,info,Definition differs - limited cross-country comparability,IRL,7_1_DEP,2006
definition_differs,info,Definition differs - limited cross-country comparability,IRL,7_1_DEP,2006
definition_differs,info,Definition differs - limited cross-country comparability,ISR,7_1,2006
definition_differs,info,Definition differs - limited cross-country comparability,ISR,7_1_DEP,2006
definition_differs,info,Definition differs - limited cross-country comparability,ITA,7_1,2006
definition_differs,info,Definition differs - limited cross-country comparability,ITA,7_1_DEP,2006
definition_differs,info,Definition differs - limited cross-country comparability,LVA,7_1,2006
definition_differs,info,Definition differs - limited cross-country comparability,LVA,7_1_DEP,2006
definition_differs,info,Definition differs - limited cross-country comparability,MEX,7_1,2006
definition_differs,info,Definition differs - limited cross-country comparability,MEX,7_1_DEP,2006
definition_differs,info,Definition differs - limited cross-country comparability,NLD,7_1,2006
definition_differs,info,Definition differs - limited cross-country comparability,NLD,7_1_DEP,2006
definition_differs,info,Definition differs - limited cross-country comparability,NZL,7_1,2006
definition_differs,info,Definition differs - limited cross-country comparability,NZL,7_1,2006
definition_differs,info,Definition differs - limited cross-country comparability,NZL,7_1_DEP,2006
definition_differs,info,Definition differs - limited cross-country comparability,NZL,7_1_DEP,2006
definition_differs,info,Definition differs - limited cross-country comparability,NOR,7_1,2006
definition_differs,info,Definition differs - limited cross-country comparability,NOR,7_1,2006
definition_differs,info,Definition differs - limited cross-country comparability,NOR,7_1_DEP,2006
definition_differs,info,Definition differs - limited cross-country comparability,NOR,7_1_DEP,2006
definition_differs,info,Definition differs - limited cross-country comparability,POL,7_1,2006
definition_differs,info,Definition differs - limited cross-country comparability,POL,7_1_DEP,2006
definition_differs,info,Definition differs - limited cross-country comparability,PRT,7_1,2006
definition_differs,info,Definition differs - limited cross-country comparability,PRT,7_1,2006
definition_differs,info,Definition differs - limited cross-country comparability,PRT,7_1_DEP,2006
definition_differs,info,Definition differs - limited cross-country comparability,PRT,7_1_DEP,2006
definition_differs,info,Definition differs - limited cross-country comparability,SVK,7_1,2006
definition_differs,info,Definition differs - limited cross-country comparability,SVK,7_1,2006
definition_differs,info,Definition differs - limited cross-country comparability,SVK,7_1_DEP,2006
definition_differs,info,Definition differs - limited cross-country comparability,SVK,7_1_DEP,2006
definition_differs,info,Definition differs - limited cross-country comparability,SVN,7_1,2006
definition_differs,info,Definition differs - limited cross-country comparability,SVN,7_1,2006
definition_differs,info,Definition differs - limited cross-country comparability,SVN,7_1_DEP,2006
definition_differs,info,Definition differs - limited cross-country comparability,SVN,7_1_DEP,2006
definition_differs,info,Definition differs - limited cross-country comparability,ESP,7_1,2006
definition_differs,info,Definition differs - limited cross-country comparability,ESP,7_1_DEP,2006
definition_differs,info,Definition differs - limited cross-country comparability,SWE,7_1,2006
definition_differs,info,Definition differs - limited cross-country comparability,SWE,7_1_DEP,2006
definition_differs,info,Definition differs - limited cross-country comparability,CHE,7_1,2006
definition_differs,info,Definition differs - limited cross-country comparability,CHE,7_1,2006
definition_differs,info,Definition differs - limited cross-country comparability,CHE,7_1_DEP,2006
definition_differs,info,Definition differs - limited cross-country comparability,CHE,7_1_DEP,2006
definition_differs,info,Definition differs - limited cross-country comparability,TUR,7_1,2006
definition_differs,info,Definition differs - limited cross-country comparability,TUR,7_1_DEP,2006
definition_differs,info,Definition differs - limited cross-country comparability,GBR,7_1,2006
definition_differs,info,Definition differs - limited cross-country comparability,GBR,7_1,2006
definition_differs,info,Definition differs - limited cross-country comparability,GBR,7_1_DEP,2006
definition_differs,info,Definition differs - limited cross-country comparability,GBR,7_1_DEP,2006
definition_differs,info,Definition differs - limited cross-country comparability,USA,7_1,2006
definition_differs,info,Definition differs - limited cross-country comparability,USA,7_1,2006
definition_differs,info,Definition differs - limited cross-country comparability,USA,7_1_DEP,2006
definition_differs,info,Definition differs - limited cross-country comparability,USA,7_1_DEP,2006
definition_differs,info,Definition differs - limited cross-country comparability,ARG,7_1,2006
definition_differs,info,Definition differs - limited cross-country comparability,ARG,7_1_DEP,2006
definition_differs,info,Definition differs - limited cross-country comparability,BRA,7_1,2006
definition_differs,info,Definition differs - limited cross-country comparability,BRA,7_1_DEP,2006
definition_differs,info,Definition differs - limited cross-country comparability,BGR,7_1,2006
definition_differs,info,Definition differs - limited cross-country comparability,BGR,7_1,2006
definition_differs,info,Definition differs - limited cross-country comparability,BGR,7_1_DEP,2006
definition_differs,info,Definition differs - limited cross-country comparability,BGR,7_1_DEP,2006
definition_differs,info,Definition differs - limited cross-country comparability,HRV,7_1,2006
definition_differs,info,Definition differs - limited cross-country comparability,HRV,7_1,2006
definition_differs,info,Definition differs - limited cross-country comparability,HRV,7_1_DEP,2006
definition_differs,info,Definition differs - limited cross-country comparability,HRV,7_1_DEP,2006
definition_differs,info,Definition differs - limited cross-country comparability,IDN,7_1,2006
definition_differs,info,Definition differs - limited cross-country comparability,IDN,7_1_DEP,2006
definition_differs,info,Definition differs - limited cross-country comparability,PER,7_1,2006
definition_differs,info,Definition differs - limited cross-country comparability,PER,7_1_DEP,2006
definition_differs,info,Definition differs - limited cross-country comparability,ROU,7_1,2006
definition_differs,info,Definition differs - limited cross-country comparability,ROU,7_1_DEP,2006
definition_differs,info,Definition differs - limited cross-country comparability,ZAF,7_1,2006
definition_differs,info,Definition differs - limited cross-country comparability,ZAF,7_1_DEP,2006
definition_differs,info,Definition differs - limited cross-country comparability,THA,7_1,2006
definition_differs,info,Definition differs - limited cross-country comparability,THA,7_1_DEP,2006
definition_differs,info,Definition differs - limited cross-country comparability,CRI,11_3,2007
definition_differs,info,Definition differs - limited cross-country comparability,CRI,11_3,2009
definition_differs,info,Definition differs - limited cross-country comparability,CRI,11_3,2010
definition_differs,info,Definition differs - limited cross-country comparability,CZE,11_3,2006
definition_differs,info,Definition differs - limited cross-country comparability,CZE,11_3,2007
definition_differs,info,Definition differs - limited cross-country comparability,CZE,11_3,2009
definition_differs,info,Definition differs - limited cross-country comparability,CZE,11_3,2010
definition_differs,info,Definition differs - limited cross-country comparability,CZE,11_3,2016
definition_differs,info,Definition differs - limited cross-country comparability,CZE,11_3,2017
definition_differs,info,Definition differs - limited cross-country comparability,CZE,11_3,2018
definition_differs,info,Definition differs - limited cross-country comparability,CZE,11_3,2020
definition_differs,info,Definition differs - limited cross-country comparability,EST,11_3,2006
definition_differs,info,Definition differs - limited cross-country comparability,EST,11_3,2007
definition_differs,info,Definition differs - limited cross-country comparability,EST,11_3,2008
definition_differs,info,Definition differs - limited cross-country comparability,EST,11_3,2009
definition_differs,info,Definition differs - limited cross-country comparability,FIN,11_3,2008
definition_differs,info,Definition differs - limited cross-country comparability,FIN,11_3,2010
definition_differs,info,Definition differs - limited cross-country comparability,GRC,11_3,2007
definition_differs,info,Definition differs - limited cross-country comparability,GRC,11_3,2009
definition_differs,info,Definition differs - limited cross-country comparability,GRC,11_3,2010
definition_differs,info,Definition differs - limited cross-country comparability,HUN,11_3,2006
definition_differs,info,Definition differs - limited cross-country comparability,HUN,11_3,2007
definition_differs,info,Definition differs - limited cross-country comparability,HUN,11_3,2008
definition_differs,info,Definition differs - limited cross-country comparability,HUN,11_3,2010
definition_differs,info,Definition differs - limited cross-country comparability,ISL,11_3,2008
definition_differs,info,Definition differs - limited cross-country comparability,ISL,11_3,2012
definition_differs,info,Definition differs - limited cross-country comparability,ISL,11_3,2013
definition_differs,info,Definition differs - limited cross-country comparability,ISL,11_3,2015
definition_differs,info,Definition differs - limited cross-country comparability,ISL,11_3,2016
definition_differs,info,Definition differs - limited cross-country comparability,ISL,11_3,2017
definition_differs,info,Definition differs - limited cross-country comparability,ISL,11_3,2019
definition_differs,info,Definition differs - limited cross-country comparability,ISL,11_3,2020
definition_differs,info,Definition differs - limited cross-country comparability,LVA,11_3,2006
definition_differs,info,Definition differs - limited cross-country comparability,LVA,11_3,2007
definition_differs,info,Definition differs - limited cross-country comparability,LVA,11_3,2008
definition_differs,info,Definition differs - limited cross-country comparability,LVA,11_3,2009
definition_differs,info,Definition differs - limited cross-country comparability,LUX,11_3,2008
definition_differs,info,Definition differs - limited cross-country comparability,LUX,11_3,2010
definition_differs,info,Definition differs - limited cross-country comparability,NLD,11_3,2008
definition_differs,info,Definition differs - limited cross-country comparability,NLD,11_3,2010
definition_differs,info,Definition differs - limited cross-country comparability,NZL,11_3,2006
definition_differs,info,Definition differs - limited cross-country comparability,NZL,11_3,2007
definition_differs,info,Definition differs - limited cross-country comparability,NZL,11_3,2008
definition_differs,info,Definition differs - limited cross-country comparability,NZL,11_3,2010
definition_differs,info,Definition differs - limited cross-country comparability,NOR,11_3,2008
definition_differs,info,Definition differs - limited cross-country comparability,PRT,11_3,2006
definition_differs,info,Definition differs - limited cross-country comparability,PRT,11_3,2008
definition_differs,info,Definition differs - limited cross-country comparability,PRT,11_3,2009
definition_differs,info,Definition differs - limited cross-country comparability,PRT,11_3,2010
definition_differs,info,Definition differs - limited cross-country comparability,SVK,11_3,2006
definition_differs,info,Definition differs - limited cross-country comparability,SVK,11_3,2010
definition_differs,info,Definition differs - limited cross-country comparability,SVN,11_3,2006
definition_differs,info,Definition differs - limited cross-country comparability,SVN,11_3,2009
definition_differs,info,Definition differs - limited cross-country comparability,SVN,11_3,2010
definition_differs,info,Definition differs - limited cross-country comparability,CHE,11_3,2006
definition_differs,info,Definition differs - limited cross-country comparability,CHE,11_3,2009
definition_differs,info,Definition differs - limited cross-country comparability,CHE,11_3,2012
definition_differs,info,Definition differs - limited cross-country comparability,CHE,11_3,2014
definition_differs,info,Definition differs - limited cross-country comparability,CHE,11_3,2015
definition_differs,info,Definition differs - limited cross-country comparability,TUR,11_3,2006
definition_differs,info,Definition differs - limited cross-country comparability,TUR,11_3,2008
definition_differs,info,Definition differs - limited cross-country comparability,TUR,11_3,2009
definition_differs,info,Definition differs - limited cross-country comparability,TUR,11_3,2010
definition_differs,info,Definition differs - limited cross-country comparability,ARG,11_3,2006
definition_differs,info,Definition differs - limited cross-country comparability,ARG,11_3,2008
definition_differs,info,Definition differs - limited cross-country comparability,ARG,11_3,2009
definition_differs,info,Definition differs - limited cross-country comparability,ARG,11_3,2010
definition_differs,info,Definition differs - limited cross-country comparability,BRA,11_3,2006
definition_differs,info,Definition differs - limited cross-country comparability,BRA,11_3,2009
definition_differs,info,Definition differs - limited cross-country comparability,BRA,11_3,2010
definition_differs,info,Definition differs - limited cross-country comparability,BGR,11_3,2006
definition_differs,info,Definition differs - limited cross-country comparability,BGR,11_3,2009
definition_differs,info,Definition differs - limited cross-country comparability,BGR,11_3,2010
definition_differs,info,Definition differs - limited cross-country comparability,HRV,11_3,2006
definition_differs,info,Definition differs - limited cross-country comparability,HRV,11_3,2009
definition_differs,info,Definition differs - limited cross-country comparability,HRV,11_3,2010
definition_differs,info,Definition differs - limited cross-country comparability,ROU,11_3,2006
definition_differs,info,Definition differs - limited cross-country comparability,ROU,11_3,2007
definition_differs,info,Definition differs - limited cross-country comparability,ROU,11_3,2009
definition_differs,info,Definition differs - limited cross-country comparability,ROU,11_3,2010
definition_differs,info,Definition differs - limited cross-country comparability,AUT,11_3,2008
definition_differs,info,Definition differs - limited cross-country comparability,AUT,11_3,2009
definition_differs,info,Definition differs - limited cross-country comparability,AUT,11_3,2010
definition_differs,info,Definition differs - limited cross-country comparability,CHL,11_3,2007
definition_differs,info,Definition differs - limited cross-country comparability,CHL,11_3,2008
definition_differs,info,Definition differs - limited cross-country comparability,CHL,11_3,2009
definition_differs,info,Definition differs - limited cross-country comparability,CHL,11_3,2010
definition_differs,info,Definition differs - limited cross-country comparability,CHL,11_3,2011
definition_differs,info,Definition differs - limited cross-country comparability,CHL,11_3,2012
definition_differs,info,Definition differs - limited cross-country comparability,CHL,11_3,2013
definition_differs,info,Definition differs - limited cross-country comparability,CHL,11_3,2014
definition_differs,info,Definition differs - limited cross-country comparability,CHL,11_3,2015
definition_differs,info,Definition differs - limited cross-country comparability,CHL,11_3,2016
definition_differs,info,Definition differs - limited cross-country comparability,CHL,11_3,2017
definition_differs,info,Definition differs - limited cross-country comparability,CHL,11_3,2018
definition_differs,info,Definition differs - limited cross-country comparability,CHL,11_3,2019
definition_differs,info,Definition differs - limited cross-country comparability,CHL,11_3,2020
definition_differs,info,Definition differs - limited cross-country comparability,CHL,11_3,2021
definition_differs,info,Definition differs - limited cross-country comparability,CHL,11_3,2022
definition_differs,info,Definition differs - limited cross-country comparability,CHL,11_3,2023
definition_differs,info,Definition differs - limited cross-country comparability,CHL,11_3,2024
definition_differs,info,Definition differs - limited cross-country comparability,CHL,11_3,2025
definition_differs,info,Definition differs - limited cross-country comparability,COL,11_3,2006
definition_differs,info,Definition differs - limited cross-country comparability,COL,11_3,2007
definition_differs,info,Definition differs - limited cross-country comparability,COL,11_3,2008
definition_differs,info,Definition differs - limited cross-country comparability,COL,11_3,2009
definition_differs,info,Definition differs - limited cross-country comparability,COL,11_3,2010
definition_differs,info,Definition differs - limited cross-country comparability,COL,11_3,2011
definition_differs,info,Definition differs - limited cross-country comparability,COL,11_3,2012
definition_differs,info,Definition differs - limited cross-country comparability,COL,11_3,2013
definition_differs,info,Definition differs - limited cross-country comparability,COL,11_3,2014
definition_differs,info,Definition differs - limited cross-country comparability,COL,11_3,2015
definition_differs,info,Definition differs - limited cross-country comparability,COL,11_3,2016
definition_differs,info,Definition differs - limited cross-country comparability,COL,11_3,2017
definition_differs,info,Definition differs - limited cross-country comparability,COL,11_3,2018
definition_differs,info,Definition differs - limited cross-country comparability,COL,11_3,2019
definition_differs,info,Definition differs - limited cross-country comparability,COL,11_3,2020
definition_differs,info,Definition differs - limited cross-country comparability,COL,11_3,2021
definition_differs,info,Definition differs - limited cross-country comparability,COL,11_3,2022
definition_differs,info,Definition differs - limited cross-country comparability,COL,11_3,2023
definition_differs,info,Definition differs - limited cross-country comparability,COL,11_3,2024
definition_differs,info,Definition differs - limited cross-country comparability,COL,11_3,2025
definition_differs,info,Definition differs - limited cross-country comparability,CRI,11_3,2011
definition_differs,info,Definition differs - limited cross-country comparability,CRI,11_3,2012
definition_differs,info,Definition differs - limited cross-country comparability,CRI,11_3,2013
definition_differs,info,Definition differs - limited cross-country comparability,CRI,11_3,2014
definition_differs,info,Definition differs - limited cross-country comparability,CRI,11_3,2015
definition_differs,info,Definition differs - limited cross-country comparability,CRI,11_3,2016
definition_differs,info,Definition differs - limited cross-country comparability,CRI,11_3,2017
definition_differs,info,Definition differs - limited cross-country comparability,CRI,11_3,2018
definition_differs,info,Definition differs - limited cross-country comparability,CRI,11_3,2019
definition_differs,info,Definition differs - limited cross-country comparability,CRI,11_3,2020
definition_differs,info,Definition differs - limited cross-country comparability,CRI,11_3,2021
definition_differs,info,Definition differs - limited cross-country comparability,CRI,11_3,2022
definition_differs,info,Definition differs - limited cross-country comparability,CRI,11_3,2023
definition_differs,info,Definition differs - limited cross-country comparability,CRI,11_3,2024
definition_differs,info,Definition differs - limited cross-country comparability,CRI,11_3,2025
definition_differs,info,Definition differs - limited cross-country comparability,CZE,11_3,2011
definition_differs,info,Definition differs - limited cross-country comparability,CZE,11_3,2012
definition_differs,info,Definition differs - limited cross-country comparability,CZE,11_3,2013
definition_differs,info,Definition differs - limited cross-country comparability,CZE,11_3,2014
definition_differs,info,Definition differs - limited cross-country comparability,CZE,11_3,2015
definition_differs,info,Definition differs - limited cross-country comparability,DNK,11_3,2007
definition_differs,info,Definition differs - limited cross-country comparability,DNK,11_3,2008
definition_differs,info,Definition differs - limited cross-country comparability,DNK,11_3,2009
definition_differs,info,Definition differs - limited cross-country comparability,DNK,11_3,2010
definition_differs,info,Definition differs - limited cross-country comparability,DNK,11_3,2011
definition_differs,info,Definition differs - limited cross-country comparability,DNK,11_3,2012
definition_differs,info,Definition differs - limited cross-country comparability,DNK,11_3,2013
definition_differs,info,Definition differs - limited cross-country comparability,DNK,11_3,2014
definition_differs,info,Definition differs - limited cross-country comparability,DNK,11_3,2015
definition_differs,info,Definition differs - limited cross-country comparability,FIN,11_3,2011
definition_differs,info,Definition differs - limited cross-country comparability,FIN,11_3,2012
definition_differs,info,Definition differs - limited cross-country comparability,FIN,11_3,2013
definition_differs,info,Definition differs - limited cross-country comparability,FIN,11_3,2014
definition_differs,info,Definition differs - limited cross-country comparability,FIN,11_3,2015
definition_differs,info,Definition differs - limited cross-country comparability,FIN,11_3,2016
definition_differs,info,Definition differs - limited cross-country comparability,FIN,11_3,2017
definition_differs,info,Definition differs - limited cross-country comparability,FIN,11_3,2018
definition_differs,info,Definition differs - limited cross-country comparability,FIN,11_3,2019
definition_differs,info,Definition differs - limited cross-country comparability,FIN,11_3,2020
definition_differs,info,Definition differs - limited cross-country comparability,FRA,11_3,2008
definition_differs,info,Definition differs - limited cross-country comparability,FRA,11_3,2009
definition_differs,info,Definition differs - limited cross-country comparability,FRA,11_3,2010
definition_differs,info,Definition differs - limited cross-country comparability,DEU,11_3,2007
definition_differs,info,Definition differs - limited cross-country comparability,DEU,11_3,2008
definition_differs,info,Definition differs - limited cross-country comparability,DEU,11_3,2009
definition_differs,info,Definition differs - limited cross-country comparability,DEU,11_3,2010
definition_differs,info,Definition differs - limited cross-country comparability,GRC,11_3,2011
definition_differs,info,Definition differs - limited cross-country comparability,GRC,11_3,2012
definition_differs,info,Definition differs - limited cross-country comparability,GRC,11_3,2013
definition_differs,info,Definition differs - limited cross-country comparability,GRC,11_3,2014
definition_differs,info,Definition differs - limited cross-country comparability,GRC,11_3,2015
definition_differs,info,Definition differs - limited cross-country comparability,HUN,11_3,2011
definition_differs,info,Definition differs - limited cross-country comparability,HUN,11_3,2012
definition_differs,info,Definition differs - limited cross-country comparability,HUN,11_3,2013
definition_differs,info,Definition differs - limited cross-country comparability,HUN,11_3,2014
definition_differs,info,Definition differs - limited cross-country comparability,HUN,11_3,2015
definition_differs,info,Definition differs - limited cross-country comparability,IRL,11_3,2008
definition_differs,info,Definition differs - limited cross-country comparability,IRL,11_3,2009
definition_differs,info,Definition differs - limited cross-country comparability,IRL,11_3,2010
definition_differs,info,Definition differs - limited cross-country comparability,ITA,11_3,2008
definition_differs,info,Definition differs - limited cross-country comparability,ITA,11_3,2009
definition_differs,info,Definition differs - limited cross-country comparability,ITA,11_3,2010
definition_differs,info,Definition differs - limited cross-country comparability,ITA,11_3,2011
definition_differs,info,Definition differs - limited cross-country comparability,ITA,11_3,2012
definition_differs,info,Definition differs - limited cross-country comparability,ITA,11_3,2013
definition_differs,info,Definition differs - limited cross-country comparability,ITA,11_3,2014
definition_differs,info,Definition differs - limited cross-country comparability,ITA,11_3,2015
definition_differs,info,Definition differs - limited cross-country comparability,ITA,11_3,2016
definition_differs,info,Definition differs - limited cross-country comparability,ITA,11_3,2017
definition_differs,info,Definition differs - limited cross-country comparability,ITA,11_3,2018
definition_differs,info,Definition differs - limited cross-country comparability,ITA,11_3,2019
definition_differs,info,Definition differs - limited cross-country comparability,ITA,11_3,2020
definition_differs,info,Definition differs - limited cross-country comparability,LTU,11_3,2006
definition_differs,info,Definition differs - limited cross-country comparability,LTU,11_3,2007
definition_differs,info,Definition differs - limited cross-country comparability,LTU,11_3,2008
definition_differs,info,Definition differs - limited cross-country comparability,LTU,11_3,2009
definition_differs,info,Definition differs - limited cross-country comparability,LTU,11_3,2010
definition_differs,info,Definition differs - limited cross-country comparability,LTU,11_3,2011
definition_differs,info,Definition differs - limited cross-country comparability,LTU,11_3,2012
definition_differs,info,Definition differs - limited cross-country comparability,LTU,11_3,2013
definition_differs,info,Definition differs - limited cross-country comparability,LTU,11_3,2014
definition_differs,info,Definition differs - limited cross-country comparability,LTU,11_3,2015
definition_differs,info,Definition differs - limited cross-country comparability,MEX,11_3,2007
definition_differs,info,Definition differs - limited cross-country comparability,MEX,11_3,2008
definition_differs,info,Definition differs - limited cross-country comparability,MEX,11_3,2009
definition_differs,info,Definition differs - limited cross-country comparability,MEX,11_3,2010
definition_differs,info,Definition differs - limited cross-country comparability,MEX,11_3,2011
definition_differs,info,Definition differs - limited cross-country comparability,MEX,11_3,2012
definition_differs,info,Definition differs - limited cross-country comparability,MEX,11_3,2013
definition_differs,info,Definition differs - limited cross-country comparability,MEX,11_3,2014
definition_differs,info,Definition differs - limited cross-country comparability,MEX,11_3,2015
definition_differs,info,Definition differs - limited cross-country comparability,MEX,11_3,2016
definition_differs,info,Definition differs - limited cross-country comparability,MEX,11_3,2017
definition_differs,info,Definition differs - limited cross-country comparability,MEX,11_3,2018
definition_differs,info,Definition differs - limited cross-country comparability,MEX,11_3,2019
definition_differs,info,Definition differs - limited cross-country comparability,MEX,11_3,2020
definition_differs,info,Definition differs - limited cross-country comparability,MEX,11_3,2021
definition_differs,info,Definition differs - limited cross-country comparability,MEX,11_3,2022
definition_differs,info,Definition differs - limited cross-country comparability,MEX,11_3,2023
definition_differs,info,Definition differs - limited cross-country comparability,MEX,11_3,2024
definition_differs,info,Definition differs - limited cross-country comparability,MEX,11_3,2025
definition_differs,info,Definition differs - limited cross-country comparability,POL,11_3,2006
definition_differs,info,Definition differs - limited cross-country comparability,POL,11_3,2007
definition_differs,info,Definition differs - limited cross-country comparability,POL,11_3,2008
definition_differs,info,Definition differs - limited cross-country comparability,POL,11_3,2009
definition_differs,info,Definition differs - limited cross-country comparability,POL,11_3,2010
definition_differs,info,Definition differs - limited cross-country comparability,SVK,11_3,2011
definition_differs,info,Definition differs - limited cross-country comparability,SVK,11_3,2012
definition_differs,info,Definition differs - limited cross-country comparability,SVK,11_3,2013
definition_differs,info,Definition differs - limited cross-country comparability,SVK,11_3,2014
definition_differs,info,Definition differs - limited cross-country comparability,SVK,11_3,2015
definition_differs,info,Definition differs - limited cross-country comparability,SVN,11_3,2011
definition_differs,info,Definition differs - limited cross-country comparability,SVN,11_3,2012
definition_differs,info,Definition differs - limited cross-country comparability,SVN,11_3,2013
definition_differs,info,Definition differs - limited cross-country comparability,SVN,11_3,2014
definition_differs,info,Definition differs - limited cross-country comparability,SVN,11_3,2015
definition_differs,info,Definition differs - limited cross-country comparability,ESP,11_3,2008
definition_differs,info,Definition differs - limited cross-country comparability,ESP,11_3,2009
definition_differs,info,Definition differs - limited cross-country comparability,ESP,11_3,2010
definition_differs,info,Definition differs - limited cross-country comparability,ESP,11_3,2011
definition_differs,info,Definition differs - limited cross-country comparability,ESP,11_3,2012
definition_differs,info,Definition differs - limited cross-country comparability,ESP,11_3,2013
definition_differs,info,Definition differs - limited cross-country comparability,ESP,11_3,2014
definition_differs,info,Definition differs - limited cross-country comparability,ESP,11_3,2015
definition_differs,info,Definition differs - limited cross-country comparability,ESP,11_3,2016
definition_differs,info,Definition differs - limited cross-country comparability,ESP,11_3,2017
definition_differs,info,Definition differs - limited cross-country comparability,ESP,11_3,2018
definition_differs,info,Definition differs - limited cross-country comparability,ESP,11_3,2019
definition_differs,info,Definition differs - limited cross-country comparability,ESP,11_3,2020
definition_differs,info,Definition differs - limited cross-country comparability,ESP,11_3,2021
definition_differs,info,Definition differs - limited cross-country comparability,ESP,11_3,2022
definition_differs,info,Definition differs - limited cross-country comparability,ESP,11_3,2023
definition_differs,info,Definition differs - limited cross-country comparability,ESP,11_3,2024
definition_differs,info,Definition differs - limited cross-country comparability,ESP,11_3,2025
definition_differs,info,Definition differs - limited cross-country comparability,TUR,11_3,2011
definition_differs,info,Definition differs - limited cross-country comparability,TUR,11_3,2012
definition_differs,info,Definition differs - limited cross-country comparability,TUR,11_3,2013
definition_differs,info,Definition differs - limited cross-country comparability,TUR,11_3,2014
definition_differs,info,Definition differs - limited cross-country comparability,TUR,11_3,2015
definition_differs,info,Definition differs - limited cross-country comparability,ARG,11_3,2011
definition_differs,info,Definition differs - limited cross-country comparability,ARG,11_3,2012
definition_differs,info,Definition differs - limited cross-country comparability,ARG,11_3,2013
definition_differs,info,Definition differs - limited cross-country comparability,ARG,11_3,2014
definition_differs,info,Definition differs - limited cross-country comparability,ARG,11_3,2015
definition_differs,info,Definition differs - limited cross-country comparability,ARG,11_3,2016
definition_differs,info,Definition differs - limited cross-country comparability,ARG,11_3,2017
definition_differs,info,Definition differs - limited cross-country comparability,ARG,11_3,2018
definition_differs,info,Definition differs - limited cross-country comparability,ARG,11_3,2019
definition_differs,info,Definition differs - limited cross-country comparability,ARG,11_3,2020
definition_differs,info,Definition differs - limited cross-country comparability,ARG,11_3,2021
definition_differs,info,Definition differs - limited cross-country comparability,ARG,11_3,2022
definition_differs,info,Definition differs - limited cross-country comparability,ARG,11_3,2023
definition_differs,info,Definition differs - limited cross-country comparability,ARG,11_3,2024
definition_differs,info,Definition differs - limited cross-country comparability,ARG,11_3,2025
definition_differs,info,Definition differs - limited cross-country comparability,BRA,11_3,2011
definition_differs,info,Definition differs - limited cross-country comparability,BRA,11_3,2012
definition_differs,info,Definition differs - limited cross-country comparability,BRA,11_3,2013
definition_differs,info,Definition differs - limited cross-country comparability,BRA,11_3,2014
definition_differs,info,Definition differs - limited cross-country comparability,BRA,11_3,2015
definition_differs,info,Definition differs - limited cross-country comparability,BRA,11_3,2016
definition_differs,info,Definition differs - limited cross-country comparability,BRA,11_3,2017
definition_differs,info,Definition differs - limited cross-country comparability,BRA,11_3,2018
definition_differs,info,Definition differs - limited cross-country comparability,BRA,11_3,2019
definition_differs,info,Definition differs - limited cross-country comparability,BRA,11_3,2020
definition_differs,info,Definition differs - limited cross-country comparability,BRA,11_3,2021
definition_differs,info,Definition differs - limited cross-country comparability,BRA,11_3,2022
definition_differs,info,Definition differs - limited cross-country comparability,BRA,11_3,2023
definition_differs,info,Definition differs - limited cross-country comparability,BRA,11_3,2024
definition_differs,info,Definition differs - limited cross-country comparability,BRA,11_3,2025
definition_differs,info,Definition differs - limited cross-country comparability,HRV,11_3,2011
definition_differs,info,Definition differs - limited cross-country comparability,HRV,11_3,2012
definition_differs,info,Definition differs - limited cross-country comparability,HRV,11_3,2013
definition_differs,info,Definition differs - limited cross-country comparability,HRV,11_3,2014
definition_differs,info,Definition differs - limited cross-country comparability,HRV,11_3,2015
definition_differs,info,Definition differs - limited cross-country comparability,IDN,11_3,2006
definition_differs,info,Definition differs - limited cross-country comparability,IDN,11_3,2007
definition_differs,info,Definition differs - limited cross-country comparability,IDN,11_3,2008
definition_differs,info,Definition differs - limited cross-country comparability,IDN,11_3,2009
definition_differs,info,Definition differs - limited cross-country comparability,IDN,11_3,2010
definition_differs,info,Definition differs - limited cross-country comparability,IDN,11_3,2011
definition_differs,info,Definition differs - limited cross-country comparability,IDN,11_3,2012
definition_differs,info,Definition differs - limited cross-country comparability,IDN,11_3,2013
definition_differs,info,Definition differs - limited cross-country comparability,IDN,11_3,2014
definition_differs,info,Definition differs - limited cross-country comparability,IDN,11_3,2015
definition_differs,info,Definition differs - limited cross-country comparability,IDN,11_3,2016
definition_differs,info,Definition differs - limited cross-country comparability,IDN,11_3,2017
definition_differs,info,Definition differs - limited cross-country comparability,IDN,11_3,2018
definition_differs,info,Definition differs - limited cross-country comparability,IDN,11_3,2019
definition_differs,info,Definition differs - limited cross-country comparability,IDN,11_3,2020
definition_differs,info,Definition differs - limited cross-country comparability,IDN,11_3,2021
definition_differs,info,Definition differs - limited cross-country comparability,IDN,11_3,2022
definition_differs,info,Definition differs - limited cross-country comparability,IDN,11_3,2023
definition_differs,info,Definition differs - limited cross-country comparability,IDN,11_3,2024
definition_differs,info,Definition differs - limited cross-country comparability,IDN,11_3,2025
definition_differs,info,Definition differs - limited cross-country comparability,PER,11_3,2007
definition_differs,info,Definition differs - limited cross-country comparability,PER,11_3,2008
definition_differs,info,Definition differs - limited cross-country comparability,PER,11_3,2009
definition_differs,info,Definition differs - limited cross-country comparability,PER,11_3,2010
definition_differs,info,Definition differs - limited cross-country comparability,PER,11_3,2011
definition_differs,info,Definition differs - limited cross-country comparability,PER,11_3,2012
definition_differs,info,Definition differs - limited cross-country comparability,PER,11_3,2013
definition_differs,info,Definition differs - limited cross-country comparability,PER,11_3,2014
definition_differs,info,Definition differs - limited cross-country comparability,PER,11_3,2015
definition_differs,info,Definition differs - limited cross-country comparability,PER,11_3,2016
definition_differs,info,Definition differs - limited cross-country comparability,PER,11_3,2017
definition_differs,info,Definition differs - limited cross-country comparability,PER,11_3,2018
definition_differs,info,Definition differs - limited cross-country comparability,PER,11_3,2019
definition_differs,info,Definition differs - limited cross-country comparability,PER,11_3,2020
definition_differs,info,Definition differs - limited cross-country comparability,PER,11_3,2021
definition_differs,info,Definition differs - limited cross-country comparability,PER,11_3,2022
definition_differs,info,Definition differs - limited cross-country comparability,PER,11_3,2023
definition_differs,info,Definition differs - limited cross-country comparability,PER,11_3,2024
definition_differs,info,Definition differs - limited cross-country comparability,PER,11_3,2025
definition_differs,info,Definition differs - limited cross-country comparability,ROU,11_3,2011
definition_differs,info,Definition differs - limited cross-country comparability,ROU,11_3,2012
definition_differs,info,Definition differs - limited cross-country comparability,ROU,11_3,2013
definition_differs,info,Definition differs - limited cross-country comparability,ROU,11_3,2014
definition_differs,info,Definition differs - limited cross-country comparability,ROU,11_3,2015
definition_differs,info,Definition differs - limited cross-country comparability,ROU,11_3,2016
definition_differs,info,Definition differs - limited cross-country comparability,ROU,11_3,2017
definition_differs,info,Definition differs - limited cross-country comparability,ROU,11_3,2018
definition_differs,info,Definition differs - limited cross-country comparability,ROU,11_3,2019
definition_differs,info,Definition differs - limited cross-country comparability,ROU,11_3,2020
definition_differs,info,Definition differs - limited cross-country comparability,ZAF,11_3,2006
definition_differs,info,Definition differs - limited cross-country comparability,ZAF,11_3,2007
definition_differs,info,Definition differs - limited cross-country comparability,ZAF,11_3,2008
definition_differs,info,Definition differs - limited cross-country comparability,ZAF,11_3,2009
definition_differs,info,Definition differs - limited cross-country comparability,ZAF,11_3,2010
definition_differs,info,Definition differs - limited cross-country comparability,ZAF,11_3,2011
definition_differs,info,Definition differs - limited cross-country comparability,ZAF,11_3,2012
definition_differs,info,Definition differs - limited cross-country comparability,ZAF,11_3,2013
definition_differs,info,Definition differs - limited cross-country comparability,ZAF,11_3,2014
definition_differs,info,Definition differs - limited cross-country comparability,ZAF,11_3,2015
definition_differs,info,Definition differs - limited cross-country comparability,ZAF,11_3,2016
definition_differs,info,Definition differs - limited cross-country comparability,ZAF,11_3,2017
definition_differs,info,Definition differs - limited cross-country comparability,ZAF,11_3,2018
definition_differs,info,Definition differs - limited cross-country comparability,ZAF,11_3,2019
definition_differs,info,Definition differs - limited cross-country comparability,ZAF,11_3,2020
definition_differs,info,Definition differs - limited cross-country comparability,ZAF,11_3,2021
definition_differs,info,Definition differs - limited cross-country comparability,ZAF,11_3,2022
definition_differs,info,Definition differs - limited cross-country comparability,ZAF,11_3,2023
definition_differs,info,Definition differs - limited cross-country comparability,ZAF,11_3,2024
definition_differs,info,Definition differs - limited cross-country comparability,ZAF,11_3,2025
definition_differs,info,Definition differs - limited cross-country comparability,THA,11_3,2008
definition_differs,info,Definition differs - limited cross-country comparability,THA,11_3,2009
definition_differs,info,Definition differs - limited cross-country comparability,THA,11_3,2010
definition_differs,info,Definition differs - limited cross-country comparability,THA,11_3,2011
definition_differs,info,Definition differs - limited cross-country comparability,THA,11_3,2012
definition_differs,info,Definition differs - limited cross-country comparability,THA,11_3,2013
definition_differs,info,Definition differs - limited cross-country comparability,THA,11_3,2014
definition_differs,info,Definition differs - limited cross-country comparability,THA,11_3,2015
definition_differs,info,Definition differs - limited cross-country comparability,THA,11_3,2021
definition_differs,info,Definition differs - limited cross-country comparability,THA,11_3,2022
definition_differs,info,Definition differs - limited cross-country comparability,THA,11_3,2023
definition_differs,info,Definition differs - limited cross-country comparability,THA,11_3,2024
definition_differs,info,Definition differs - limited cross-country comparability,THA,11_3,2025
definition_differs,info,Definition differs - limited cross-country comparability,ISL,11_3,2008
definition_differs,info,Definition differs - limited cross-country comparability,ISL,11_3,2012
definition_differs,info,Definition differs - limited cross-country comparability,ISL,11_3,2013
definition_differs,info,Definition differs - limited cross-country comparability,ISL,11_3,2015
definition_differs,info,Definition differs - limited cross-country comparability,ISL,11_3,2016
definition_differs,info,Definition differs - limited cross-country comparability,ISL,11_3,2017
definition_differs,info,Definition differs - limited cross-country comparability,ISL,11_3,2019
definition_differs,info,Definition differs - limited cross-country comparability,ISL,11_3,2020
definition_differs,info,Definition differs - limited cross-country comparability,ISL,11_3,2021
definition_differs,info,Definition differs - limited cross-country comparability,ISL,11_3,2022
definition_differs,info,Definition differs - limited cross-country comparability,ISL,11_3,2023
definition_differs,info,Definition differs - limited cross-country comparability,ISL,11_3,2024
definition_differs,info,Definition differs - limited cross-country comparability,ISL,11_3,2025
definition_differs,info,Definition differs - limited cross-country comparability,LUX,11_3,2008
definition_differs,info,Definition differs - limited cross-country comparability,LUX,11_3,2010
definition_differs,info,Definition differs - limited cross-country comparability,NOR,11_3,2008
definition_differs,info,Definition differs - limited cross-country comparability,AUT,11_3,2006
definition_differs,info,Definition differs - limited cross-country comparability,AUT,11_3,2008
definition_differs,info,Definition differs - limited cross-country comparability,AUT,11_3,2009
definition_differs,info,Definition differs - limited cross-country comparability,AUT,11_3,2010
definition_differs,info,Definition differs - limited cross-country comparability,AUT,11_3,2011
definition_differs,info,Definition differs - limited cross-country comparability,BEL,11_3,2006
definition_differs,info,Definition differs - limited cross-country comparability,BEL,11_3,2007
definition_differs,info,Definition differs - limited cross-country comparability,BEL,11_3,2008
definition_differs,info,Definition differs - limited cross-country comparability,BEL,11_3,2010
definition_differs,info,Definition differs - limited cross-country comparability,BEL,11_3,2011
definition_differs,info,Definition differs - limited cross-country comparability,CZE,11_3,2020
definition_differs,info,Definition differs - limited cross-country comparability,CZE,11_3,2021
definition_differs,info,Definition differs - limited cross-country comparability,CZE,11_3,2022
definition_differs,info,Definition differs - limited cross-country comparability,CZE,11_3,2023
definition_differs,info,Definition differs - limited cross-country comparability,CZE,11_3,2024
definition_differs,info,Definition differs - limited cross-country comparability,CZE,11_3,2025
definition_differs,info,Definition differs - limited cross-country comparability,EST,11_3,2006
definition_differs,info,Definition differs - limited cross-country comparability,EST,11_3,2007
definition_differs,info,Definition differs - limited cross-country comparability,EST,11_3,2008
definition_differs,info,Definition differs - limited cross-country comparability,EST,11_3,2009
definition_differs,info,Definition differs - limited cross-country comparability,EST,11_3,2011
definition_differs,info,Definition differs - limited cross-country comparability,FIN,11_3,2006
definition_differs,info,Definition differs - limited cross-country comparability,FIN,11_3,2008
definition_differs,info,Definition differs - limited cross-country comparability,FIN,11_3,2010
definition_differs,info,Definition differs - limited cross-country comparability,FIN,11_3,2011
definition_differs,info,Definition differs - limited cross-country comparability,GRC,11_3,2006
definition_differs,info,Definition differs - limited cross-country comparability,GRC,11_3,2007
definition_differs,info,Definition differs - limited cross-country comparability,GRC,11_3,2009
definition_differs,info,Definition differs - limited cross-country comparability,GRC,11_3,2010
definition_differs,info,Definition differs - limited cross-country comparability,GRC,11_3,2011
definition_differs,info,Definition differs - limited cross-country comparability,HUN,11_3,2006
definition_differs,info,Definition differs - limited cross-country comparability,HUN,11_3,2007
definition_differs,info,Definition differs - limited cross-country comparability,HUN,11_3,2008
definition_differs,info,Definition differs - limited cross-country comparability,HUN,11_3,2010
definition_differs,info,Definition differs - limited cross-country comparability,HUN,11_3,2011
definition_differs,info,Definition differs - limited cross-country comparability,ISL,11_3,2008
definition_differs,info,Definition differs - limited cross-country comparability,ISL,11_3,2012
definition_differs,info,Definition differs - limited cross-country comparability,ISL,11_3,2013
definition_differs,info,Definition differs - limited cross-country comparability,ISL,11_3,2015
definition_differs,info,Definition differs - limited cross-country comparability,ISL,11_3,2016
definition_differs,info,Definition differs - limited cross-country comparability,ISL,11_3,2017
definition_differs,info,Definition differs - limited cross-country comparability,IRL,11_3,2006
definition_differs,info,Definition differs - limited cross-country comparability,IRL,11_3,2008
definition_differs,info,Definition differs - limited cross-country comparability,IRL,11_3,2009
definition_differs,info,Definition differs - limited cross-country comparability,IRL,11_3,2010
definition_differs,info,Definition differs - limited cross-country comparability,IRL,11_3,2011
definition_differs,info,Definition differs - limited cross-country comparability,LUX,11_3,2008
definition_differs,info,Definition differs - limited cross-country comparability,LUX,11_3,2010
definition_differs,info,Definition differs - limited cross-country comparability,LUX,11_3,2011
definition_differs,info,Definition differs - limited cross-country comparability,LUX,11_3,2019
definition_differs,info,Definition differs - limited cross-country comparability,LUX,11_3,2022
definition_differs,info,Definition differs - limited cross-country comparability,LUX,11_3,2023
definition_differs,info,Definition differs - limited cross-country comparability,LUX,11_3,2025
definition_differs,info,Definition differs - limited cross-country comparability,NLD,11_3,2006
definition_differs,info,Definition differs - limited cross-country comparability,NLD,11_3,2007
definition_differs,info,Definition differs - limited cross-country comparability,NLD,11_3,2008
definition_differs,info,Definition differs - limited cross-country comparability,NLD,11_3,2010
definition_differs,info,Definition differs - limited cross-country comparability,NLD,11_3,2011
definition_differs,info,Definition differs - limited cross-country comparability,NZL,11_3,2006
definition_differs,info,Definition differs - limited cross-country comparability,NZL,11_3,2007
definition_differs,info,Definition differs - limited cross-country comparability,NZL,11_3,2008
definition_differs,info,Definition differs - limited cross-country comparability,NZL,11_3,2010
definition_differs,info,Definition differs - limited cross-country comparability,NZL,11_3,2011
definition_differs,info,Definition differs - limited cross-country comparability,NOR,11_3,2006
definition_differs,info,Definition differs - limited cross-country comparability,NOR,11_3,2008
definition_differs,info,Definition differs - limited cross-country comparability,NOR,11_3,2012
definition_differs,info,Definition differs - limited cross-country comparability,NOR,11_3,2014
definition_differs,info,Definition differs - limited cross-country comparability,NOR,11_3,2015
definition_differs,info,Definition differs - limited cross-country comparability,NOR,11_3,2016
definition_differs,info,Definition differs - limited cross-country comparability,NOR,11_3,2017
definition_differs,info,Definition differs - limited cross-country comparability,NOR,11_3,2018
definition_differs,info,Definition differs - limited cross-country comparability,PRT,11_3,2006
definition_differs,info,Definition differs - limited cross-country comparability,PRT,11_3,2008
definition_differs,info,Definition differs - limited cross-country comparability,PRT,11_3,2009
definition_differs,info,Definition differs - limited cross-country comparability,PRT,11_3,2010
definition_differs,info,Definition differs - limited cross-country comparability,PRT,11_3,2011
definition_differs,info,Definition differs - limited cross-country comparability,SVK,11_3,2006
definition_differs,info,Definition differs - limited cross-country comparability,SVK,11_3,2010
definition_differs,info,Definition differs - limited cross-country comparability,SVK,11_3,2011
definition_differs,info,Definition differs - limited cross-country comparability,SVN,11_3,2006
definition_differs,info,Definition differs - limited cross-country comparability,SVN,11_3,2009
definition_differs,info,Definition differs - limited cross-country comparability,SVN,11_3,2010
definition_differs,info,Definition differs - limited cross-country comparability,SVN,11_3,2011
definition_differs,info,Definition differs - limited cross-country comparability,CHE,11_3,2006
definition_differs,info,Definition differs - limited cross-country comparability,CHE,11_3,2009
definition_differs,info,Definition differs - limited cross-country comparability,CHE,11_3,2012
definition_differs,info,Definition differs - limited cross-country comparability,CHE,11_3,2014
definition_differs,info,Definition differs - limited cross-country comparability,CHE,11_3,2015
definition_differs,info,Definition differs - limited cross-country comparability,CHE,11_3,2016
definition_differs,info,Definition differs - limited cross-country comparability,CHE,11_3,2017
definition_differs,info,Definition differs - limited cross-country comparability,CHE,11_3,2018
definition_differs,info,Definition differs - limited cross-country comparability,BGR,11_3,2006
definition_differs,info,Definition differs - limited cross-country comparability,BGR,11_3,2009
definition_differs,info,Definition differs - limited cross-country comparability,BGR,11_3,2010
definition_differs,info,Definition differs - limited cross-country comparability,BGR,11_3,2011
definition_differs,info,Definition differs - limited cross-country comparability,ROU,11_3,2006
definition_differs,info,Definition differs - limited cross-country comparability,ROU,11_3,2007
definition_differs,info,Definition differs - limited cross-country comparability,ROU,11_3,2009
definition_differs,info,Definition differs - limited cross-country comparability,ROU,11_3,2010
definition_differs,info,Definition differs - limited cross-country comparability,ROU,11_3,2011
definition_differs,info,Definition differs - limited cross-country comparability,AUS,11_3,2012
definition_differs,info,Definition differs - limited cross-country comparability,AUS,11_3,2013
definition_differs,info,Definition differs - limited cross-country comparability,AUS,11_3,2014
definition_differs,info,Definition differs - limited cross-country comparability,AUS,11_3,2015
definition_differs,info,Definition differs - limited cross-country comparability,AUS,11_3,2016
definition_differs,info,Definition differs - limited cross-country comparability,AUS,11_3,2017
definition_differs,info,Definition differs - limited cross-country comparability,AUS,11_3,2018
definition_differs,info,Definition differs - limited cross-country comparability,AUS,11_3,2019
definition_differs,info,Definition differs - limited cross-country comparability,AUS,11_3,2020
definition_differs,info,Definition differs - limited cross-country comparability,AUS,11_3,2021
definition_differs,info,Definition differs - limited cross-country comparability,AUS,11_3,2022
definition_differs,info,Definition differs - limited cross-country comparability,AUS,11_3,2023
definition_differs,info,Definition differs - limited cross-country comparability,AUS,11_3,2024
definition_differs,info,Definition differs - limited cross-country comparability,AUS,11_3,2025
definition_differs,info,Definition differs - limited cross-country comparability,AUT,11_3,2019
definition_differs,info,Definition differs - limited cross-country comparability,AUT,11_3,2020
definition_differs,info,Definition differs - limited cross-country comparability,AUT,11_3,2021
definition_differs,info,Definition differs - limited cross-country comparability,AUT,11_3,2022
definition_differs,info,Definition differs - limited cross-country comparability,AUT,11_3,2023
definition_differs,info,Definition differs - limited cross-country comparability,AUT,11_3,2024
definition_differs,info,Definition differs - limited cross-country comparability,AUT,11_3,2025
definition_differs,info,Definition differs - limited cross-country comparability,CAN,11_3,2012
definition_differs,info,Definition differs - limited cross-country comparability,CAN,11_3,2013
definition_differs,info,Definition differs - limited cross-country comparability,CAN,11_3,2014
definition_differs,info,Definition differs - limited cross-country comparability,CAN,11_3,2015
definition_differs,info,Definition differs - limited cross-country comparability,CAN,11_3,2016
definition_differs,info,Definition differs - limited cross-country comparability,CAN,11_3,2017
definition_differs,info,Definition differs - limited cross-country comparability,CAN,11_3,2018
definition_differs,info,Definition differs - limited cross-country comparability,CAN,11_3,2019
definition_differs,info,Definition differs - limited cross-country comparability,CAN,11_3,2020
definition_differs,info,Definition differs - limited cross-country comparability,CAN,11_3,2021
definition_differs,info,Definition differs - limited cross-country comparability,CAN,11_3,2022
definition_differs,info,Definition differs - limited cross-country comparability,CAN,11_3,2023
definition_differs,info,Definition differs - limited cross-country comparability,CAN,11_3,2024
definition_differs,info,Definition differs - limited cross-country comparability,CAN,11_3,2025
definition_differs,info,Definition differs - limited cross-country comparability,DNK,11_3,2006
definition_differs,info,Definition differs - limited cross-country comparability,DNK,11_3,2007
definition_differs,info,Definition differs - limited cross-country comparability,DNK,11_3,2008
definition_differs,info,Definition differs - limited cross-country comparability,DNK,11_3,2009
definition_differs,info,Definition differs - limited cross-country comparability,DNK,11_3,2010
definition_differs,info,Definition differs - limited cross-country comparability,DNK,11_3,2011
definition_differs,info,Definition differs - limited cross-country comparability,EST,11_3,2019
definition_differs,info,Definition differs - limited cross-country comparability,EST,11_3,2020
definition_differs,info,Definition differs - limited cross-country comparability,EST,11_3,2021
definition_differs,info,Definition differs - limited cross-country comparability,EST,11_3,2022
definition_differs,info,Definition differs - limited cross-country comparability,EST,11_3,2023
definition_differs,info,Definition differs - limited cross-country comparability,EST,11_3,2024
definition_differs,info,Definition differs - limited cross-country comparability,EST,11_3,2025
definition_differs,info,Definition differs - limited cross-country comparability,FIN,11_3,2012
definition_differs,info,Definition differs - limited cross-country comparability,FIN,11_3,2013
definition_differs,info,Definition differs - limited cross-country comparability,FIN,11_3,2014
definition_differs,info,Definition differs - limited cross-country comparability,FIN,11_3,2015
definition_differs,info,Definition differs - limited cross-country comparability,FIN,11_3,2016
definition_differs,info,Definition differs - limited cross-country comparability,FIN,11_3,2017
definition_differs,info,Definition differs - limited cross-country comparability,FIN,11_3,2018
definition_differs,info,Definition differs - limited cross-country comparability,FIN,11_3,2019
definition_differs,info,Definition differs - limited cross-country comparability,FIN,11_3,2020
definition_differs,info,Definition differs - limited cross-country comparability,FIN,11_3,2021
definition_differs,info,Definition differs - limited cross-country comparability,FIN,11_3,2022
definition_differs,info,Definition differs - limited cross-country comparability,FIN,11_3,2023
definition_differs,info,Definition differs - limited cross-country comparability,FIN,11_3,2024
definition_differs,info,Definition differs - limited cross-country comparability,FIN,11_3,2025
definition_differs,info,Definition differs - limited cross-country comparability,FRA,11_3,2019
definition_differs,info,Definition differs - limited cross-country comparability,FRA,11_3,2020
definition_differs,info,Definition differs - limited cross-country comparability,FRA,11_3,2021
definition_differs,info,Definition differs - limited cross-country comparability,FRA,11_3,2022
definition_differs,info,Definition differs - limited cross-country comparability,FRA,11_3,2023
definition_differs,info,Definition differs - limited cross-country comparability,FRA,11_3,2024
definition_differs,info,Definition differs - limited cross-country comparability,FRA,11_3,2025
definition_differs,info,Definition differs - limited cross-country comparability,DEU,11_3,2019
definition_differs,info,Definition differs - limited cross-country comparability,DEU,11_3,2020
definition_differs,info,Definition differs - limited cross-country comparability,DEU,11_3,2021
definition_differs,info,Definition differs - limited cross-country comparability,DEU,11_3,2022
definition_differs,info,Definition differs - limited cross-country comparability,DEU,11_3,2023
definition_differs,info,Definition differs - limited cross-country comparability,DEU,11_3,2024
definition_differs,info,Definition differs - limited cross-country comparability,DEU,11_3,2025
definition_differs,info,Definition differs - limited cross-country comparability,GRC,11_3,2019
definition_differs,info,Definition differs - limited cross-country comparability,GRC,11_3,2020
definition_differs,info,Definition differs - limited cross-country comparability,GRC,11_3,2021
definition_differs,info,Definition differs - limited cross-country comparability,GRC,11_3,2022
definition_differs,info,Definition differs - limited cross-country comparability,GRC,11_3,2023
definition_differs,info,Definition differs - limited cross-country comparability,GRC,11_3,2024
definition_differs,info,Definition differs - limited cross-country comparability,GRC,11_3,2025
definition_differs,info,Definition differs - limited cross-country comparability,HUN,11_3,2012
definition_differs,info,Definition differs - limited cross-country comparability,HUN,11_3,2013
definition_differs,info,Definition differs - limited cross-country comparability,HUN,11_3,2014
definition_differs,info,Definition differs - limited cross-country comparability,HUN,11_3,2015
definition_differs,info,Definition differs - limited cross-country comparability,HUN,11_3,2016
definition_differs,info,Definition differs - limited cross-country comparability,HUN,11_3,2017
definition_differs,info,Definition differs - limited cross-country comparability,HUN,11_3,2018
definition_differs,info,Definition differs - limited cross-country comparability,HUN,11_3,2019
definition_differs,info,Definition differs - limited cross-country comparability,HUN,11_3,2020
definition_differs,info,Definition differs - limited cross-country comparability,HUN,11_3,2021
definition_differs,info,Definition differs - limited cross-country comparability,HUN,11_3,2022
definition_differs,info,Definition differs - limited cross-country comparability,HUN,11_3,2023
definition_differs,info,Definition differs - limited cross-country comparability,HUN,11_3,2024
definition_differs,info,Definition differs - limited cross-country comparability,HUN,11_3,2025
definition_differs,info,Definition differs - limited cross-country comparability,ISL,11_3,2019
definition_differs,info,Definition differs - limited cross-country comparability,ISL,11_3,2020
definition_differs,info,Definition differs - limited cross-country comparability,ISL,11_3,2021
definition_differs,info,Definition differs - limited cross-country comparability,ISL,11_3,2022
definition_differs,info,Definition differs - limited cross-country comparability,ISL,11_3,2023
definition_differs,info,Definition differs - limited cross-country comparability,ISL,11_3,2024
definition_differs,info,Definition differs - limited cross-country comparability,ISL,11_3,2025
definition_differs,info,Definition differs - limited cross-country comparability,ITA,11_3,2006
definition_differs,info,Definition differs - limited cross-country comparability,ITA,11_3,2007
definition_differs,info,Definition differs - limited cross-country comparability,ITA,11_3,2008
definition_differs,info,Definition differs - limited cross-country comparability,ITA,11_3,2009
definition_differs,info,Definition differs - limited cross-country comparability,ITA,11_3,2010
definition_differs,info,Definition differs - limited cross-country comparability,ITA,11_3,2011
definition_differs,info,Definition differs - limited cross-country comparability,ITA,11_3,2019
definition_differs,info,Definition differs - limited cross-country comparability,ITA,11_3,2020
definition_differs,info,Definition differs - limited cross-country comparability,ITA,11_3,2021
definition_differs,info,Definition differs - limited cross-country comparability,ITA,11_3,2022
definition_differs,info,Definition differs - limited cross-country comparability,ITA,11_3,2023
definition_differs,info,Definition differs - limited cross-country comparability,ITA,11_3,2024
definition_differs,info,Definition differs - limited cross-country comparability,ITA,11_3,2025
definition_differs,info,Definition differs - limited cross-country comparability,JPN,11_3,2006
definition_differs,info,Definition differs - limited cross-country comparability,JPN,11_3,2007
definition_differs,info,Definition differs - limited cross-country comparability,JPN,11_3,2008
definition_differs,info,Definition differs - limited cross-country comparability,JPN,11_3,2009
definition_differs,info,Definition differs - limited cross-country comparability,JPN,11_3,2010
definition_differs,info,Definition differs - limited cross-country comparability,JPN,11_3,2011
definition_differs,info,Definition differs - limited cross-country comparability,JPN,11_3,2012
definition_differs,info,Definition differs - limited cross-country comparability,JPN,11_3,2013
definition_differs,info,Definition differs - limited cross-country comparability,JPN,11_3,2014
definition_differs,info,Definition differs - limited cross-country comparability,JPN,11_3,2015
definition_differs,info,Definition differs - limited cross-country comparability,JPN,11_3,2016
definition_differs,info,Definition differs - limited cross-country comparability,JPN,11_3,2017
definition_differs,info,Definition differs - limited cross-country comparability,JPN,11_3,2018
definition_differs,info,Definition differs - limited cross-country comparability,JPN,11_3,2019
definition_differs,info,Definition differs - limited cross-country comparability,JPN,11_3,2020
definition_differs,info,Definition differs - limited cross-country comparability,JPN,11_3,2021
definition_differs,info,Definition differs - limited cross-country comparability,JPN,11_3,2022
definition_differs,info,Definition differs - limited cross-country comparability,JPN,11_3,2023
definition_differs,info,Definition differs - limited cross-country comparability,JPN,11_3,2024
definition_differs,info,Definition differs - limited cross-country comparability,JPN,11_3,2025
definition_differs,info,Definition differs - limited cross-country comparability,KOR,11_3,2019
definition_differs,info,Definition differs - limited cross-country comparability,KOR,11_3,2020
definition_differs,info,Definition differs - limited cross-country comparability,KOR,11_3,2021
definition_differs,info,Definition differs - limited cross-country comparability,KOR,11_3,2022
definition_differs,info,Definition differs - limited cross-country comparability,KOR,11_3,2023
definition_differs,info,Definition differs - limited cross-country comparability,KOR,11_3,2024
definition_differs,info,Definition differs - limited cross-country comparability,KOR,11_3,2025
definition_differs,info,Definition differs - limited cross-country comparability,NLD,11_3,2019
definition_differs,info,Definition differs - limited cross-country comparability,NLD,11_3,2020
definition_differs,info,Definition differs - limited cross-country comparability,NLD,11_3,2021
definition_differs,info,Definition differs - limited cross-country comparability,NLD,11_3,2022
definition_differs,info,Definition differs - limited cross-country comparability,NLD,11_3,2023
definition_differs,info,Definition differs - limited cross-country comparability,NLD,11_3,2024
definition_differs,info,Definition differs - limited cross-country comparability,NLD,11_3,2025
definition_differs,info,Definition differs - limited cross-country comparability,NZL,11_3,2012
definition_differs,info,Definition differs - limited cross-country comparability,NZL,11_3,2013
definition_differs,info,Definition differs - limited cross-country comparability,NZL,11_3,2014
definition_differs,info,Definition differs - limited cross-country comparability,NZL,11_3,2015
definition_differs,info,Definition differs - limited cross-country comparability,NZL,11_3,2016
definition_differs,info,Definition differs - limited cross-country comparability,NZL,11_3,2017
definition_differs,info,Definition differs - limited cross-country comparability,NZL,11_3,2018
definition_differs,info,Definition differs - limited cross-country comparability,NZL,11_3,2019
definition_differs,info,Definition differs - limited cross-country comparability,NZL,11_3,2020
definition_differs,info,Definition differs - limited cross-country comparability,NZL,11_3,2021
definition_differs,info,Definition differs - limited cross-country comparability,NZL,11_3,2022
definition_differs,info,Definition differs - limited cross-country comparability,NZL,11_3,2023
definition_differs,info,Definition differs - limited cross-country comparability,NZL,11_3,2024
definition_differs,info,Definition differs - limited cross-country comparability,NZL,11_3,2025
definition_differs,info,Definition differs - limited cross-country comparability,NOR,11_3,2019
definition_differs,info,Definition differs - limited cross-country comparability,NOR,11_3,2020
definition_differs,info,Definition differs - limited cross-country comparability,NOR,11_3,2021
definition_differs,info,Definition differs - limited cross-country comparability,NOR,11_3,2022
definition_differs,info,Definition differs - limited cross-country comparability,NOR,11_3,2023
definition_differs,info,Definition differs - limited cross-country comparability,NOR,11_3,2024
definition_differs,info,Definition differs - limited cross-country comparability,NOR,11_3,2025
definition_differs,info,Definition differs - limited cross-country comparability,SVK,11_3,2019
definition_differs,info,Definition differs - limited cross-country comparability,SVK,11_3,2020
definition_differs,info,Definition differs - limited cross-country comparability,SVK,11_3,2021
definition_differs,info,Definition differs - limited cross-country comparability,SVK,11_3,2022
definition_differs,info,Definition differs - limited cross-country comparability,SVK,11_3,2023
definition_differs,info,Definition differs - limited cross-country comparability,SVK,11_3,2024
definition_differs,info,Definition differs - limited cross-country comparability,SVK,11_3,2025
definition_differs,info,Definition differs - limited cross-country comparability,SVN,11_3,2012
definition_differs,info,Definition differs - limited cross-country comparability,SVN,11_3,2013
definition_differs,info,Definition differs - limited cross-country comparability,SVN,11_3,2014
definition_differs,info,Definition differs - limited cross-country comparability,SVN,11_3,2015
definition_differs,info,Definition differs - limited cross-country comparability,SVN,11_3,2016
definition_differs,info,Definition differs - limited cross-country comparability,SVN,11_3,2017
definition_differs,info,Definition differs - limited cross-country comparability,SVN,11_3,2018
definition_differs,info,Definition differs - limited cross-country comparability,SVN,11_3,2019
definition_differs,info,Definition differs - limited cross-country comparability,SVN,11_3,2020
definition_differs,info,Definition differs - limited cross-country comparability,SVN,11_3,2021
definition_differs,info,Definition differs - limited cross-country comparability,SVN,11_3,2022
definition_differs,info,Definition differs - limited cross-country comparability,SVN,11_3,2023
definition_differs,info,Definition differs - limited cross-country comparability,SVN,11_3,2024
definition_differs,info,Definition differs - limited cross-country comparability,SVN,11_3,2025
definition_differs,info,Definition differs - limited cross-country comparability,ESP,11_3,2019
definition_differs,info,Definition differs - limited cross-country comparability,ESP,11_3,2020
definition_differs,info,Definition differs - limited cross-country comparability,ESP,11_3,2021
definition_differs,info,Definition differs - limited cross-country comparability,ESP,11_3,2022
definition_differs,info,Definition differs - limited cross-country comparability,ESP,11_3,2023
definition_differs,info,Definition differs - limited cross-country comparability,ESP,11_3,2024
definition_differs,info,Definition differs - limited cross-country comparability,ESP,11_3,2025
definition_differs,info,Definition differs - limited cross-country comparability,SWE,11_3,2006
definition_differs,info,Definition differs - limited cross-country comparability,SWE,11_3,2007
definition_differs,info,Definition differs - limited cross-country comparability,SWE,11_3,2008
definition_differs,info,Definition differs - limited cross-country comparability,SWE,11_3,2009
definition_differs,info,Definition differs - limited cross-country comparability,SWE,11_3,2010
definition_differs,info,Definition differs - limited cross-country comparability,SWE,11_3,2011
definition_differs,info,Definition differs - limited cross-country comparability,SWE,11_3,2012
definition_differs,info,Definition differs - limited cross-country comparability,SWE,11_3,2013
definition_differs,info,Definition differs - limited cross-country comparability,SWE,11_3,2014
definition_differs,info,Definition differs - limited cross-country comparability,SWE,11_3,2015
definition_differs,info,Definition differs - limited cross-country comparability,SWE,11_3,2016
definition_differs,info,Definition differs - limited cross-country comparability,SWE,11_3,2017
definition_differs,info,Definition differs - limited cross-country comparability,SWE,11_3,2018
definition_differs,info,Definition differs - limited cross-country comparability,SWE,11_3,2019
definition_differs,info,Definition differs - limited cross-country comparability,SWE,11_3,2020
definition_differs,info,Definition differs - limited cross-country comparability,SWE,11_3,2021
definition_differs,info,Definition differs - limited cross-country comparability,SWE,11_3,2022
definition_differs,info,Definition differs - limited cross-country comparability,SWE,11_3,2023
definition_differs,info,Definition differs - limited cross-country comparability,SWE,11_3,2024
definition_differs,info,Definition differs - limited cross-country comparability,SWE,11_3,2025
definition_differs,info,Definition differs - limited cross-country comparability,CHE,11_3,2019
definition_differs,info,Definition differs - limited cross-country comparability,CHE,11_3,2020
definition_differs,info,Definition differs - limited cross-country comparability,CHE,11_3,2021
definition_differs,info,Definition differs - limited cross-country comparability,CHE,11_3,2022
definition_differs,info,Definition differs - limited cross-country comparability,CHE,11_3,2023
definition_differs,info,Definition differs - limited cross-country comparability,CHE,11_3,2024
definition_differs,info,Definition differs - limited cross-country comparability,CHE,11_3,2025
definition_differs,info,Definition differs - limited cross-country comparability,GBR,11_3,2019
definition_differs,info,Definition differs - limited cross-country comparability,GBR,11_3,2020
definition_differs,info,Definition differs - limited cross-country comparability,GBR,11_3,2021
definition_differs,info,Definition differs - limited cross-country comparability,GBR,11_3,2022
definition_differs,info,Definition differs - limited cross-country comparability,GBR,11_3,2023
definition_differs,info,Definition differs - limited cross-country comparability,GBR,11_3,2024
definition_differs,info,Definition differs - limited cross-country comparability,GBR,11_3,2025
definition_differs,info,Definition differs - limited cross-country comparability,USA,11_3,2006
definition_differs,info,Definition differs - limited cross-country comparability,USA,11_3,2007
definition_differs,info,Definition differs - limited cross-country comparability,USA,11_3,2008
definition_differs,info,Definition differs - limited cross-country comparability,USA,11_3,2009
definition_differs,info,Definition differs - limited cross-country comparability,USA,11_3,2010
definition_differs,info,Definition differs - limited cross-country comparability,USA,11_3,2011
definition_differs,info,Definition differs - limited cross-country comparability,BGR,11_3,2012
definition_differs,info,Definition differs - limited cross-country comparability,BGR,11_3,2013
definition_differs,info,Definition differs - limited cross-country comparability,BGR,11_3,2014
definition_differs,info,Definition differs - limited cross-country comparability,BGR,11_3,2015
definition_differs,info,Definition differs - limited cross-country comparability,BGR,11_3,2016
definition_differs,info,Definition differs - limited cross-country comparability,BGR,11_3,2017
definition_differs,info,Definition differs - limited cross-country comparability,BGR,11_3,2018
definition_differs,info,Definition differs - limited cross-country comparability,BGR,11_3,2019
definition_differs,info,Definition differs - limited cross-country comparability,BGR,11_3,2020
definition_differs,info,Definition differs - limited cross-country comparability,BGR,11_3,2021
definition_differs,info,Definition differs - limited cross-country comparability,BGR,11_3,2022
definition_differs,info,Definition differs - limited cross-country comparability,BGR,11_3,2023
definition_differs,info,Definition differs - limited cross-country comparability,BGR,11_3,2024
definition_differs,info,Definition differs - limited cross-country comparability,BGR,11_3,2025
definition_differs,info,Definition differs - limited cross-country comparability,ROU,11_3,2012
definition_differs,info,Definition differs - limited cross-country comparability,ROU,11_3,2013
definition_differs,info,Definition differs - limited cross-country comparability,ROU,11_3,2014
definition_differs,info,Definition differs - limited cross-country comparability,ROU,11_3,2015
definition_differs,info,Definition differs - limited cross-country comparability,ROU,11_3,2016
definition_differs,info,Definition differs - limited cross-country comparability,ROU,11_3,2017
definition_differs,info,Definition differs - limited cross-country comparability,ROU,11_3,2018
definition_differs,info,Definition differs - limited cross-country comparability,ISL,11_3,2008
definition_differs,info,Definition differs - limited cross-country comparability,ISL,11_3,2008
definition_differs,info,Definition differs - limited cross-country comparability,LUX,11_3,2008
definition_differs,info,Definition differs - limited cross-country comparability,LUX,11_3,2010
definition_differs,info,Definition differs - limited cross-country comparability,LUX,11_3,2011
definition_differs,info,Definition differs - limited cross-country comparability,NOR,11_3,2006
definition_differs,info,Definition differs - limited cross-country comparability,NOR,11_3,2006
definition_differs,info,Definition differs - limited cross-country comparability,NOR,11_3,2008
definition_differs,info,Definition differs - limited cross-country comparability,NOR,11_3,2008
definition_differs,info,Definition differs - limited cross-country comparability,SVN,11_3,2006
definition_differs,info,Definition differs - limited cross-country comparability,SVN,11_3,2009
definition_differs,info,Definition differs - limited cross-country comparability,SVN,11_3,2010
definition_differs,info,Definition differs - limited cross-country comparability,SVN,11_3,2011
definition_differs,info,Definition differs - limited cross-country comparability,CHE,11_3,2006
definition_differs,info,Definition differs - limited cross-country comparability,CHE,11_3,2009
definition_differs,info,Definition differs - limited cross-country comparability,ISL,11_2,2008
definition_differs,info,Definition differs - limited cross-country comparability,ISL,11_2,2008
definition_differs,info,Definition differs - limited cross-country comparability,LUX,11_2,2008
definition_differs,info,Definition differs - limited cross-country comparability,LUX,11_2,2010
definition_differs,info,Definition differs - limited cross-country comparability,LUX,11_2,2011
definition_differs,info,Definition differs - limited cross-country comparability,NOR,11_2,2006
definition_differs,info,Definition differs - limited cross-country comparability,NOR,11_2,2006
definition_differs,info,Definition differs - limited cross-country comparability,NOR,11_2,2008
definition_differs,info,Definition differs - limited cross-country comparability,NOR,11_2,2008
definition_differs,info,Definition differs - limited cross-country comparability,SVN,11_2,2006
definition_differs,info,Definition differs - limited cross-country comparability,SVN,11_2,2009
definition_differs,info,Definition differs - limited cross-country comparability,SVN,11_2,2010
definition_differs,info,Definition differs - limited cross-country comparability,SVN,11_2,2011
definition_differs,info,Definition differs - limited cross-country comparability,CHE,11_2,2006
definition_differs,info,Definition differs - limited cross-country comparability,CHE,11_2,2009
definition_differs,info,Definition differs - limited cross-country comparability,TUR,11_2,2007
definition_differs,info,Definition differs - limited cross-country comparability,TUR,11_2,2008
definition_differs,info,Definition differs - limited cross-country comparability,TUR,11_2,2009
definition_differs,info,Definition differs - limited cross-country comparability,TUR,11_2,2010
definition_differs,info,Definition differs - limited cross-country comparability,TUR,11_2,2011
definition_differs,info,Definition differs - limited cross-country comparability,AUT,11_2,2006
definition_differs,info,Definition differs - limited cross-country comparability,AUT,11_2,2008
definition_differs,info,Definition differs - limited cross-country comparability,AUT,11_2,2009
definition_differs,info,Definition differs - limited cross-country comparability,AUT,11_2,2010
definition_differs,info,Definition differs - limited cross-country comparability,AUT,11_2,2011
definition_differs,info,Definition differs - limited cross-country comparability,BEL,11_2,2006
definition_differs,info,Definition differs - limited cross-country comparability,BEL,11_2,2007
definition_differs,info,Definition differs - limited cross-country comparability,BEL,11_2,2008
definition_differs,info,Definition differs - limited cross-country comparability,BEL,11_2,2010
definition_differs,info,Definition differs - limited cross-country comparability,BEL,11_2,2011
definition_differs,info,Definition differs - limited cross-country comparability,CZE,11_2,2020
definition_differs,info,Definition differs - limited cross-country comparability,CZE,11_2,2021
definition_differs,info,Definition differs - limited cross-country comparability,CZE,11_2,2022
definition_differs,info,Definition differs - limited cross-country comparability,CZE,11_2,2023
definition_differs,info,Definition differs - limited cross-country comparability,CZE,11_2,2024
definition_differs,info,Definition differs - limited cross-country comparability,CZE,11_2,2025
definition_differs,info,Definition differs - limited cross-country comparability,EST,11_2,2006
definition_differs,info,Definition differs - limited cross-country comparability,EST,11_2,2007
definition_differs,info,Definition differs - limited cross-country comparability,EST,11_2,2008
definition_differs,info,Definition differs - limited cross-country comparability,EST,11_2,2009
definition_differs,info,Definition differs - limited cross-country comparability,EST,11_2,2011
definition_differs,info,Definition differs - limited cross-country comparability,FIN,11_2,2006
definition_differs,info,Definition differs - limited cross-country comparability,FIN,11_2,2008
definition_differs,info,Definition differs - limited cross-country comparability,FIN,11_2,2010
definition_differs,info,Definition differs - limited cross-country comparability,FIN,11_2,2011
definition_differs,info,Definition differs - limited cross-country comparability,GRC,11_2,2006
definition_differs,info,Definition differs - limited cross-country comparability,GRC,11_2,2007
definition_differs,info,Definition differs - limited cross-country comparability,GRC,11_2,2009
definition_differs,info,Definition differs - limited cross-country comparability,GRC,11_2,2010
definition_differs,info,Definition differs - limited cross-country comparability,GRC,11_2,2011
definition_differs,info,Definition differs - limited cross-country comparability,HUN,11_2,2006
definition_differs,info,Definition differs - limited cross-country comparability,HUN,11_2,2007
definition_differs,info,Definition differs - limited cross-country comparability,HUN,11_2,2008
definition_differs,info,Definition differs - limited cross-country comparability,HUN,11_2,2010
definition_differs,info,Definition differs - limited cross-country comparability,HUN,11_2,2011
definition_differs,info,Definition differs - limited cross-country comparability,ISL,11_2,2008
definition_differs,info,Definition differs - limited cross-country comparability,ISL,11_2,2012
definition_differs,info,Definition differs - limited cross-country comparability,ISL,11_2,2013
definition_differs,info,Definition differs - limited cross-country comparability,ISL,11_2,2015
definition_differs,info,Definition differs - limited cross-country comparability,ISL,11_2,2016
definition_differs,info,Definition differs - limited cross-country comparability,ISL,11_2,2017
definition_differs,info,Definition differs - limited cross-country comparability,IRL,11_2,2006
definition_differs,info,Definition differs - limited cross-country comparability,IRL,11_2,2008
definition_differs,info,Definition differs - limited cross-country comparability,IRL,11_2,2009
definition_differs,info,Definition differs - limited cross-country comparability,IRL,11_2,2010
definition_differs,info,Definition differs - limited cross-country comparability,IRL,11_2,2011
definition_differs,info,Definition differs - limited cross-country comparability,LUX,11_2,2008
definition_differs,info,Definition differs - limited cross-country comparability,LUX,11_2,2010
definition_differs,info,Definition differs - limited cross-country comparability,LUX,11_2,2011
definition_differs,info,Definition differs - limited cross-country comparability,LUX,11_2,2019
definition_differs,info,Definition differs - limited cross-country comparability,LUX,11_2,2022
definition_differs,info,Definition differs - limited cross-country comparability,LUX,11_2,2023
definition_differs,info,Definition differs - limited cross-country comparability,LUX,11_2,2025
definition_differs,info,Definition differs - limited cross-country comparability,NLD,11_2,2006
definition_differs,info,Definition differs - limited cross-country comparability,NLD,11_2,2007
definition_differs,info,Definition differs - limited cross-country comparability,NLD,11_2,2008
definition_differs,info,Definition differs - limited cross-country comparability,NLD,11_2,2010
definition_differs,info,Definition differs - limited cross-country comparability,NLD,11_2,2011
definition_differs,info,Definition differs - limited cross-country comparability,NZL,11_2,2006
definition_differs,info,Definition differs - limited cross-country comparability,NZL,11_2,2007
definition_differs,info,Definition differs - limited cross-country comparability,NZL,11_2,2008
definition_differs,info,Definition differs - limited cross-country comparability,NZL,11_2,2010
definition_differs,info,Definition differs - limited cross-country comparability,NZL,11_2,2011
definition_differs,info,Definition differs - limited cross-country comparability,NOR,11_2,2006
definition_differs,info,Definition differs - limited cross-country comparability,NOR,11_2,2008
definition_differs,info,Definition differs - limited cross-country comparability,NOR,11_2,2012
definition_differs,info,Definition differs - limited cross-country comparability,NOR,11_2,2014
definition_differs,info,Definition differs - limited cross-country comparability,NOR,11_2,2015
definition_differs,info,Definition differs - limited cross-country comparability,NOR,11_2,2016
definition_differs,info,Definition differs - limited cross-country comparability,NOR,11_2,2017
definition_differs,info,Definition differs - limited cross-country comparability,NOR,11_2,2018
definition_differs,info,Definition differs - limited cross-country comparability,PRT,11_2,2006
definition_differs,info,Definition differs - limited cross-country comparability,PRT,11_2,2008
definition_differs,info,Definition differs - limited cross-country comparability,PRT,11_2,2009
definition_differs,info,Definition differs - limited cross-country comparability,PRT,11_2,2010
definition_differs,info,Definition differs - limited cross-country comparability,PRT,11_2,2011
definition_differs,info,Definition differs - limited cross-country comparability,SVK,11_2,2006
definition_differs,info,Definition differs - limited cross-country comparability,SVK,11_2,2010
definition_differs,info,Definition differs - limited cross-country comparability,SVK,11_2,2011
definition_differs,info,Definition differs - limited cross-country comparability,SVN,11_2,2006
definition_differs,info,Definition differs - limited cross-country comparability,SVN,11_2,2009
definition_differs,info,Definition differs - limited cross-country comparability,SVN,11_2,2010
definition_differs,info,Definition differs - limited cross-country comparability,SVN,11_2,2011
definition_differs,info,Definition differs - limited cross-country comparability,CHE,11_2,2006
definition_differs,info,Definition differs - limited cross-country comparability,CHE,11_2,2009
definition_differs,info,Definition differs - limited cross-country comparability,CHE,11_2,2012
definition_differs,info,Definition differs - limited cross-country comparability,CHE,11_2,2014
definition_differs,info,Definition differs - limited cross-country comparability,CHE,11_2,2015
definition_differs,info,Definition differs - limited cross-country comparability,CHE,11_2,2016
definition_differs,info,Definition differs - limited cross-country comparability,CHE,11_2,2017
definition_differs,info,Definition differs - limited cross-country comparability,CHE,11_2,2018
definition_differs,info,Definition differs - limited cross-country comparability,BGR,11_2,2006
definition_differs,info,Definition differs - limited cross-country comparability,BGR,11_2,2009
definition_differs,info,Definition differs - limited cross-country comparability,BGR,11_2,2010
definition_differs,info,Definition differs - limited cross-country comparability,BGR,11_2,2011
definition_differs,info,Definition differs - limited cross-country comparability,ROU,11_2,2006
definition_differs,info,Definition differs - limited cross-country comparability,ROU,11_2,2007
definition_differs,info,Definition differs - limited cross-country comparability,ROU,11_2,2009
definition_differs,info,Definition differs - limited cross-country comparability,ROU,11_2,2010
definition_differs,info,Definition differs - limited cross-country comparability,ROU,11_2,2011
definition_differs,info,Definition differs - limited cross-country comparability,AUS,11_2,2012
definition_differs,info,Definition differs - limited cross-country comparability,AUS,11_2,2013
definition_differs,info,Definition differs - limited cross-country comparability,AUS,11_2,2014
definition_differs,info,Definition differs - limited cross-country comparability,AUS,11_2,2015
definition_differs,info,Definition differs - limited cross-country comparability,AUS,11_2,2016
definition_differs,info,Definition differs - limited cross-country comparability,AUS,11_2,2017
definition_differs,info,Definition differs - limited cross-country comparability,AUS,11_2,2018
definition_differs,info,Definition differs - limited cross-country comparability,AUS,11_2,2019
definition_differs,info,Definition differs - limited cross-country comparability,AUS,11_2,2020
definition_differs,info,Definition differs - limited cross-country comparability,AUS,11_2,2021
definition_differs,info,Definition differs - limited cross-country comparability,AUS,11_2,2022
definition_differs,info,Definition differs - limited cross-country comparability,AUS,11_2,2023
definition_differs,info,Definition differs - limited cross-country comparability,AUS,11_2,2024
definition_differs,info,Definition differs - limited cross-country comparability,AUS,11_2,2025
definition_differs,info,Definition differs - limited cross-country comparability,AUT,11_2,2019
definition_differs,info,Definition differs - limited cross-country comparability,AUT,11_2,2020
definition_differs,info,Definition differs - limited cross-country comparability,AUT,11_2,2021
definition_differs,info,Definition differs - limited cross-country comparability,AUT,11_2,2022
definition_differs,info,Definition differs - limited cross-country comparability,AUT,11_2,2023
definition_differs,info,Definition differs - limited cross-country comparability,AUT,11_2,2024
definition_differs,info,Definition differs - limited cross-country comparability,AUT,11_2,2025
definition_differs,info,Definition differs - limited cross-country comparability,CAN,11_2,2012
definition_differs,info,Definition differs - limited cross-country comparability,CAN,11_2,2013
definition_differs,info,Definition differs - limited cross-country comparability,CAN,11_2,2014
definition_differs,info,Definition differs - limited cross-country comparability,CAN,11_2,2015
definition_differs,info,Definition differs - limited cross-country comparability,CAN,11_2,2016
definition_differs,info,Definition differs - limited cross-country comparability,CAN,11_2,2017
definition_differs,info,Definition differs - limited cross-country comparability,CAN,11_2,2018
definition_differs,info,Definition differs - limited cross-country comparability,CAN,11_2,2019
definition_differs,info,Definition differs - limited cross-country comparability,CAN,11_2,2020
definition_differs,info,Definition differs - limited cross-country comparability,CAN,11_2,2021
definition_differs,info,Definition differs - limited cross-country comparability,CAN,11_2,2022
definition_differs,info,Definition differs - limited cross-country comparability,CAN,11_2,2023
definition_differs,info,Definition differs - limited cross-country comparability,CAN,11_2,2024
definition_differs,info,Definition differs - limited cross-country comparability,CAN,11_2,2025
definition_differs,info,Definition differs - limited cross-country comparability,DNK,11_2,2006
definition_differs,info,Definition differs - limited cross-country comparability,DNK,11_2,2007
definition_differs,info,Definition differs - limited cross-country comparability,DNK,11_2,2008
definition_differs,info,Definition differs - limited cross-country comparability,DNK,11_2,2009
definition_differs,info,Definition differs - limited cross-country comparability,DNK,11_2,2010
definition_differs,info,Definition differs - limited cross-country comparability,DNK,11_2,2011
definition_differs,info,Definition differs - limited cross-country comparability,EST,11_2,2019
definition_differs,info,Definition differs - limited cross-country comparability,EST,11_2,2020
definition_differs,info,Definition differs - limited cross-country comparability,EST,11_2,2021
definition_differs,info,Definition differs - limited cross-country comparability,EST,11_2,2022
definition_differs,info,Definition differs - limited cross-country comparability,EST,11_2,2023
definition_differs,info,Definition differs - limited cross-country comparability,EST,11_2,2024
definition_differs,info,Definition differs - limited cross-country comparability,EST,11_2,2025
definition_differs,info,Definition differs - limited cross-country comparability,FIN,11_2,2012
definition_differs,info,Definition differs - limited cross-country comparability,FIN,11_2,2013
definition_differs,info,Definition differs - limited cross-country comparability,FIN,11_2,2014
definition_differs,info,Definition differs - limited cross-country comparability,FIN,11_2,2015
definition_differs,info,Definition differs - limited cross-country comparability,FIN,11_2,2016
definition_differs,info,Definition differs - limited cross-country comparability,FIN,11_2,2017
definition_differs,info,Definition differs - limited cross-country comparability,FIN,11_2,2018
definition_differs,info,Definition differs - limited cross-country comparability,FIN,11_2,2019
definition_differs,info,Definition differs - limited cross-country comparability,FIN,11_2,2020
definition_differs,info,Definition differs - limited cross-country comparability,FIN,11_2,2021
definition_differs,info,Definition differs - limited cross-country comparability,FIN,11_2,2022
definition_differs,info,Definition differs - limited cross-country comparability,FIN,11_2,2023
definition_differs,info,Definition differs - limited cross-country comparability,FIN,11_2,2024
definition_differs,info,Definition differs - limited cross-country comparability,FIN,11_2,2025
definition_differs,info,Definition differs - limited cross-country comparability,FRA,11_2,2019
definition_differs,info,Definition differs - limited cross-country comparability,FRA,11_2,2020
definition_differs,info,Definition differs - limited cross-country comparability,FRA,11_2,2021
definition_differs,info,Definition differs - limited cross-country comparability,FRA,11_2,2022
definition_differs,info,Definition differs - limited cross-country comparability,FRA,11_2,2023
definition_differs,info,Definition differs - limited cross-country comparability,FRA,11_2,2024
definition_differs,info,Definition differs - limited cross-country comparability,FRA,11_2,2025
definition_differs,info,Definition differs - limited cross-country comparability,DEU,11_2,2019
definition_differs,info,Definition differs - limited cross-country comparability,DEU,11_2,2020
definition_differs,info,Definition differs - limited cross-country comparability,DEU,11_2,2021
definition_differs,info,Definition differs - limited cross-country comparability,DEU,11_2,2022
definition_differs,info,Definition differs - limited cross-country comparability,DEU,11_2,2023
definition_differs,info,Definition differs - limited cross-country comparability,DEU,11_2,2024
definition_differs,info,Definition differs - limited cross-country comparability,DEU,11_2,2025
definition_differs,info,Definition differs - limited cross-country comparability,GRC,11_2,2019
definition_differs,info,Definition differs - limited cross-country comparability,GRC,11_2,2020
definition_differs,info,Definition differs - limited cross-country comparability,GRC,11_2,2021
definition_differs,info,Definition differs - limited cross-country comparability,GRC,11_2,2022
definition_differs,info,Definition differs - limited cross-country comparability,GRC,11_2,2023
definition_differs,info,Definition differs - limited cross-country comparability,GRC,11_2,2024
definition_differs,info,Definition differs - limited cross-country comparability,GRC,11_2,2025
definition_differs,info,Definition differs - limited cross-country comparability,HUN,11_2,2012
definition_differs,info,Definition differs - limited cross-country comparability,HUN,11_2,2013
definition_differs,info,Definition differs - limited cross-country comparability,HUN,11_2,2014
definition_differs,info,Definition differs - limited cross-country comparability,HUN,11_2,2015
definition_differs,info,Definition differs - limited cross-country comparability,HUN,11_2,2016
definition_differs,info,Definition differs - limited cross-country comparability,HUN,11_2,2017
definition_differs,info,Definition differs - limited cross-country comparability,HUN,11_2,2018
definition_differs,info,Definition differs - limited cross-country comparability,HUN,11_2,2019
definition_differs,info,Definition differs - limited cross-country comparability,HUN,11_2,2020
definition_differs,info,Definition differs - limited cross-country comparability,HUN,11_2,2021
definition_differs,info,Definition differs - limited cross-country comparability,HUN,11_2,2022
definition_differs,info,Definition differs - limited cross-country comparability,HUN,11_2,2023
definition_differs,info,Definition differs - limited cross-country comparability,HUN,11_2,2024
definition_differs,info,Definition differs - limited cross-country comparability,HUN,11_2,2025
definition_differs,info,Definition differs - limited cross-country comparability,ISL,11_2,2019
definition_differs,info,Definition differs - limited cross-country comparability,ISL,11_2,2020
definition_differs,info,Definition differs - limited cross-country comparability,ISL,11_2,2021
definition_differs,info,Definition differs - limited cross-country comparability,ISL,11_2,2022
definition_differs,info,Definition differs - limited cross-country comparability,ISL,11_2,2023
definition_differs,info,Definition differs - limited cross-country comparability,ISL,11_2,2024
definition_differs,info,Definition differs - limited cross-country comparability,ISL,11_2,2025
definition_differs,info,Definition differs - limited cross-country comparability,ITA,11_2,2006
definition_differs,info,Definition differs - limited cross-country comparability,ITA,11_2,2007
definition_differs,info,Definition differs - limited cross-country comparability,ITA,11_2,2008
definition_differs,info,Definition differs - limited cross-country comparability,ITA,11_2,2009
definition_differs,info,Definition differs - limited cross-country comparability,ITA,11_2,2010
definition_differs,info,Definition differs - limited cross-country comparability,ITA,11_2,2011
definition_differs,info,Definition differs - limited cross-country comparability,ITA,11_2,2019
definition_differs,info,Definition differs - limited cross-country comparability,ITA,11_2,2020
definition_differs,info,Definition differs - limited cross-country comparability,ITA,11_2,2021
definition_differs,info,Definition differs - limited cross-country comparability,ITA,11_2,2022
definition_differs,info,Definition differs - limited cross-country comparability,ITA,11_2,2023
definition_differs,info,Definition differs - limited cross-country comparability,ITA,11_2,2024
definition_differs,info,Definition differs - limited cross-country comparability,ITA,11_2,2025
definition_differs,info,Definition differs - limited cross-country comparability,JPN,11_2,2006
definition_differs,info,Definition differs - limited cross-country comparability,JPN,11_2,2007
definition_differs,info,Definition differs - limited cross-country comparability,JPN,11_2,2008
definition_differs,info,Definition differs - limited cross-country comparability,JPN,11_2,2009
definition_differs,info,Definition differs - limited cross-country comparability,JPN,11_2,2010
definition_differs,info,Definition differs - limited cross-country comparability,JPN,11_2,2011
definition_differs,info,Definition differs - limited cross-country comparability,JPN,11_2,2012
definition_differs,info,Definition differs - limited cross-country comparability,JPN,11_2,2013
definition_differs,info,Definition differs - limited cross-country comparability,JPN,11_2,2014
definition_differs,info,Definition differs - limited cross-country comparability,JPN,11_2,2015
definition_differs,info,Definition differs - limited cross-country comparability,JPN,11_2,2016
definition_differs,info,Definition differs - limited cross-country comparability,JPN,11_2,2017
definition_differs,info,Definition differs - limited cross-country comparability,JPN,11_2,2018
definition_differs,info,Definition differs - limited cross-country comparability,JPN,11_2,2019
definition_differs,info,Definition differs - limited cross-country comparability,JPN,11_2,2020
definition_differs,info,Definition differs - limited cross-country comparability,JPN,11_2,2021
definition_differs,info,Definition differs - limited cross-country comparability,JPN,11_2,2022
definition_differs,info,Definition differs - limited cross-country comparability,JPN,11_2,2023
definition_differs,info,Definition differs - limited cross-country comparability,JPN,11_2,2024
definition_differs,info,Definition differs - limited cross-country comparability,JPN,11_2,2025
definition_differs,info,Definition differs - limited cross-country comparability,KOR,11_2,2019
definition_differs,info,Definition differs - limited cross-country comparability,KOR,11_2,2020
definition_differs,info,Definition differs - limited cross-country comparability,KOR,11_2,2021
definition_differs,info,Definition differs - limited cross-country comparability,KOR,11_2,2022
definition_differs,info,Definition differs - limited cross-country comparability,KOR,11_2,2023
definition_differs,info,Definition differs - limited cross-country comparability,KOR,11_2,2024
definition_differs,info,Definition differs - limited cross-country comparability,KOR,11_2,2025
definition_differs,info,Definition differs - limited cross-country comparability,NLD,11_2,2019
definition_differs,info,Definition differs - limited cross-country comparability,NLD,11_2,2020
definition_differs,info,Definition differs - limited cross-country comparability,NLD,11_2,2021
definition_differs,info,Definition differs - limited cross-country comparability,NLD,11_2,2022
definition_differs,info,Definition differs - limited cross-country comparability,NLD,11_2,2023
definition_differs,info,Definition differs - limited cross-country comparability,NLD,11_2,2024
definition_differs,info,Definition differs - limited cross-country comparability,NLD,11_2,2025
definition_differs,info,Definition differs - limited cross-country comparability,NZL,11_2,2012
definition_differs,info,Definition differs - limited cross-country comparability,NZL,11_2,2013
definition_differs,info,Definition differs - limited cross-country comparability,NZL,11_2,2014
definition_differs,info,Definition differs - limited cross-country comparability,NZL,11_2,2015
definition_differs,info,Definition differs - limited cross-country comparability,NZL,11_2,2016
definition_differs,info,Definition differs - limited cross-country comparability,NZL,11_2,2017
definition_differs,info,Definition differs - limited cross-country comparability,NZL,11_2,2018
definition_differs,info,Definition differs - limited cross-country comparability,NZL,11_2,2019
definition_differs,info,Definition differs - limited cross-country comparability,NZL,11_2,2020
definition_differs,info,Definition differs - limited cross-country comparability,NZL,11_2,2021
definition_differs,info,Definition differs - limited cross-country comparability,NZL,11_2,2022
definition_differs,info,Definition differs - limited cross-country comparability,NZL,11_2,2023
definition_differs,info,Definition differs - limited cross-country comparability,NZL,11_2,2024
definition_differs,info,Definition differs - limited cross-country comparability,NZL,11_2,2025
definition_differs,info,Definition differs - limited cross-country comparability,NOR,11_2,2019
definition_differs,info,Definition differs - limited cross-country comparability,NOR,11_2,2020
definition_differs,info,Definition differs - limited cross-country comparability,NOR,11_2,2021
definition_differs,info,Definition differs - limited cross-country comparability,NOR,11_2,2022
definition_differs,info,Definition differs - limited cross-country comparability,NOR,11_2,2023
definition_differs,info,Definition differs - limited cross-country comparability,NOR,11_2,2024
definition_differs,info,Definition differs - limited cross-country comparability,NOR,11_2,2025
definition_differs,info,Definition differs - limited cross-country comparability,SVK,11_2,2019
definition_differs,info,Definition differs - limited cross-country comparability,SVK,11_2,2020
definition_differs,info,Definition differs - limited cross-country comparability,SVK,11_2,2021
definition_differs,info,Definition differs - limited cross-country comparability,SVK,11_2,2022
definition_differs,info,Definition differs - limited cross-country comparability,SVK,11_2,2023
definition_differs,info,Definition differs - limited cross-country comparability,SVK,11_2,2024
definition_differs,info,Definition differs - limited cross-country comparability,SVK,11_2,2025
definition_differs,info,Definition differs - limited cross-country comparability,SVN,11_2,2012
definition_differs,info,Definition differs - limited cross-country comparability,SVN,11_2,2013
definition_differs,info,Definition differs - limited cross-country comparability,SVN,11_2,2014
definition_differs,info,Definition differs - limited cross-country comparability,SVN,11_2,2015
definition_differs,info,Definition differs - limited cross-country comparability,SVN,11_2,2016
definition_differs,info,Definition differs - limited cross-country comparability,SVN,11_2,2017
definition_differs,info,Definition differs - limited cross-country comparability,SVN,11_2,2018
definition_differs,info,Definition differs - limited cross-country comparability,SVN,11_2,2019
definition_differs,info,Definition differs - limited cross-country comparability,SVN,11_2,2020
definition_differs,info,Definition differs - limited cross-country comparability,SVN,11_2,2021
definition_differs,info,Definition differs - limited cross-country comparability,SVN,11_2,2022
definition_differs,info,Definition differs - limited cross-country comparability,SVN,11_2,2023
definition_differs,info,Definition differs - limited cross-country comparability,SVN,11_2,2024
definition_differs,info,Definition differs - limited cross-country comparability,SVN,11_2,2025
definition_differs,info,Definition differs - limited cross-country comparability,ESP,11_2,2019
definition_differs,info,Definition differs - limited cross-country comparability,ESP,11_2,2020
definition_differs,info,Definition differs - limited cross-country comparability,ESP,11_2,2021
definition_differs,info,Definition differs - limited cross-country comparability,ESP,11_2,2022
definition_differs,info,Definition differs - limited cross-country comparability,ESP,11_2,2023
definition_differs,info,Definition differs - limited cross-country comparability,ESP,11_2,2024
definition_differs,info,Definition differs - limited cross-country comparability,ESP,11_2,2025
definition_differs,info,Definition differs - limited cross-country comparability,SWE,11_2,2006
definition_differs,info,Definition differs - limited cross-country comparability,SWE,11_2,2007
definition_differs,info,Definition differs - limited cross-country comparability,SWE,11_2,2008
definition_differs,info,Definition differs - limited cross-country comparability,SWE,11_2,2009
definition_differs,info,Definition differs - limited cross-country comparability,SWE,11_2,2010
definition_differs,info,Definition differs - limited cross-country comparability,SWE,11_2,2011
definition_differs,info,Definition differs - limited cross-country comparability,SWE,11_2,2012
definition_differs,info,Definition differs - limited cross-country comparability,SWE,11_2,2013
definition_differs,info,Definition differs - limited cross-country comparability,SWE,11_2,2014
definition_differs,info,Definition differs - limited cross-country comparability,SWE,11_2,2015
definition_differs,info,Definition differs - limited cross-country comparability,SWE,11_2,2016
definition_differs,info,Definition differs - limited cross-country comparability,SWE,11_2,2017
definition_differs,info,Definition differs - limited cross-country comparability,SWE,11_2,2018
definition_differs,info,Definition differs - limited cross-country comparability,SWE,11_2,2019
definition_differs,info,Definition differs - limited cross-country comparability,SWE,11_2,2020
definition_differs,info,Definition differs - limited cross-country comparability,SWE,11_2,2021
definition_differs,info,Definition differs - limited cross-country comparability,SWE,11_2,2022
definition_differs,info,Definition differs - limited cross-country comparability,SWE,11_2,2023
definition_differs,info,Definition differs - limited cross-country comparability,SWE,11_2,2024
definition_differs,info,Definition differs - limited cross-country comparability,SWE,11_2,2025
definition_differs,info,Definition differs - limited cross-country comparability,CHE,11_2,2019
definition_differs,info,Definition differs - limited cross-country comparability,CHE,11_2,2020
definition_differs,info,Definition differs - limited cross-country comparability,CHE,11_2,2021
definition_differs,info,Definition differs - limited cross-country comparability,CHE,11_2,2022
definition_differs,info,Definition differs - limited cross-country comparability,CHE,11_2,2023
definition_differs,info,Definition differs - limited cross-country comparability,CHE,11_2,2024
definition_differs,info,Definition differs - limited cross-country comparability,CHE,11_2,2025
definition_differs,info,Definition differs - limited cross-country comparability,GBR,11_2,2019
definition_differs,info,Definition differs - limited cross-country comparability,GBR,11_2,2020
definition_differs,info,Definition differs - limited cross-country comparability,GBR,11_2,2021
definition_differs,info,Definition differs - limited cross-country comparability,GBR,11_2,2022
definition_differs,info,Definition differs - limited cross-country comparability,GBR,11_2,2023
definition_differs,info,Definition differs - limited cross-country comparability,GBR,11_2,2024
definition_differs,info,Definition differs - limited cross-country comparability,GBR,11_2,2025
definition_differs,info,Definition differs - limited cross-country comparability,USA,11_2,2006
definition_differs,info,Definition differs - limited cross-country comparability,USA,11_2,2007
definition_differs,info,Definition differs - limited cross-country comparability,USA,11_2,2008
definition_differs,info,Definition differs - limited cross-country comparability,USA,11_2,2009
definition_differs,info,Definition differs - limited cross-country comparability,USA,11_2,2010
definition_differs,info,Definition differs - limited cross-country comparability,USA,11_2,2011
definition_differs,info,Definition differs - limited cross-country comparability,BGR,11_2,2012
definition_differs,info,Definition differs - limited cross-country comparability,BGR,11_2,2013
definition_differs,info,Definition differs - limited cross-country comparability,BGR,11_2,2014
definition_differs,info,Definition differs - limited cross-country comparability,BGR,11_2,2015
definition_differs,info,Definition differs - limited cross-country comparability,BGR,11_2,2016
definition_differs,info,Definition differs - limited cross-country comparability,BGR,11_2,2017
definition_differs,info,Definition differs - limited cross-country comparability,BGR,11_2,2018
definition_differs,info,Definition differs - limited cross-country comparability,BGR,11_2,2019
definition_differs,info,Definition differs - limited cross-country comparability,BGR,11_2,2020
definition_differs,info,Definition differs - limited cross-country comparability,BGR,11_2,2021
definition_differs,info,Definition differs - limited cross-country comparability,BGR,11_2,2022
definition_differs,info,Definition differs - limited cross-country comparability,BGR,11_2,2023
definition_differs,info,Definition differs - limited cross-country comparability,BGR,11_2,2024
definition_differs,info,Definition differs - limited cross-country comparability,BGR,11_2,2025
definition_differs,info,Definition differs - limited cross-country comparability,ROU,11_2,2012
definition_differs,info,Definition differs - limited cross-country comparability,ROU,11_2,2013
definition_differs,info,Definition differs - limited cross-country comparability,ROU,11_2,2014
definition_differs,info,Definition differs - limited cross-country comparability,ROU,11_2,2015
definition_differs,info,Definition differs - limited cross-country comparability,ROU,11_2,2016
definition_differs,info,Definition differs - limited cross-country comparability,ROU,11_2,2017
definition_differs,info,Definition differs - limited cross-country comparability,ROU,11_2,2018
definition_differs,info,Definition differs - limited cross-country comparability,ISL,11_2,2008
definition_differs,info,Definition differs - limited cross-country comparability,ISL,11_2,2012
definition_differs,info,Definition differs - limited cross-country comparability,ISL,11_2,2013
definition_differs,info,Definition differs - limited cross-country comparability,ISL,11_2,2015
definition_differs,info,Definition differs - limited cross-country comparability,ISL,11_2,2016
definition_differs,info,Definition differs - limited cross-country comparability,ISL,11_2,2017
definition_differs,info,Definition differs - limited cross-country comparability,ISL,11_2,2019
definition_differs,info,Definition differs - limited cross-country comparability,ISL,11_2,2020
definition_differs,info,Definition differs - limited cross-country comparability,ISL,11_2,2021
definition_differs,info,Definition differs - limited cross-country comparability,ISL,11_2,2022
definition_differs,info,Definition differs - limited cross-country comparability,ISL,11_2,2023
definition_differs,info,Definition differs - limited cross-country comparability,ISL,11_2,2024
definition_differs,info,Definition differs - limited cross-country comparability,ISL,11_2,2025
definition_differs,info,Definition differs - limited cross-country comparability,LUX,11_2,2008
definition_differs,info,Definition differs - limited cross-country comparability,LUX,11_2,2010
definition_differs,info,Definition differs - limited cross-country comparability,NOR,11_2,2008
definition_differs,info,Definition differs - limited cross-country comparability,CRI,11_2,2007
definition_differs,info,Definition differs - limited cross-country comparability,CRI,11_2,2009
definition_differs,info,Definition differs - limited cross-country comparability,CRI,11_2,2010
definition_differs,info,Definition differs - limited cross-country comparability,CZE,11_2,2006
definition_differs,info,Definition differs - limited cross-country comparability,CZE,11_2,2007
definition_differs,info,Definition differs - limited cross-country comparability,CZE,11_2,2009
definition_differs,info,Definition differs - limited cross-country comparability,CZE,11_2,2010
definition_differs,info,Definition differs - limited cross-country comparability,CZE,11_2,2016
definition_differs,info,Definition differs - limited cross-country comparability,CZE,11_2,2017
definition_differs,info,Definition differs - limited cross-country comparability,CZE,11_2,2018
definition_differs,info,Definition differs - limited cross-country comparability,CZE,11_2,2020
definition_differs,info,Definition differs - limited cross-country comparability,EST,11_2,2006
definition_differs,info,Definition differs - limited cross-country comparability,EST,11_2,2007
definition_differs,info,Definition differs - limited cross-country comparability,EST,11_2,2008
definition_differs,info,Definition differs - limited cross-country comparability,EST,11_2,2009
definition_differs,info,Definition differs - limited cross-country comparability,FIN,11_2,2008
definition_differs,info,Definition differs - limited cross-country comparability,FIN,11_2,2010
definition_differs,info,Definition differs - limited cross-country comparability,GRC,11_2,2007
definition_differs,info,Definition differs - limited cross-country comparability,GRC,11_2,2009
definition_differs,info,Definition differs - limited cross-country comparability,GRC,11_2,2010
definition_differs,info,Definition differs - limited cross-country comparability,HUN,11_2,2006
definition_differs,info,Definition differs - limited cross-country comparability,HUN,11_2,2007
definition_differs,info,Definition differs - limited cross-country comparability,HUN,11_2,2008
definition_differs,info,Definition differs - limited cross-country comparability,HUN,11_2,2010
definition_differs,info,Definition differs - limited cross-country comparability,ISL,11_2,2008
definition_differs,info,Definition differs - limited cross-country comparability,ISL,11_2,2012
definition_differs,info,Definition differs - limited cross-country comparability,ISL,11_2,2013
definition_differs,info,Definition differs - limited cross-country comparability,ISL,11_2,2015
definition_differs,info,Definition differs - limited cross-country comparability,ISL,11_2,2016
definition_differs,info,Definition differs - limited cross-country comparability,ISL,11_2,2017
definition_differs,info,Definition differs - limited cross-country comparability,ISL,11_2,2019
definition_differs,info,Definition differs - limited cross-country comparability,ISL,11_2,2020
definition_differs,info,Definition differs - limited cross-country comparability,LVA,11_2,2006
definition_differs,info,Definition differs - limited cross-country comparability,LVA,11_2,2007
definition_differs,info,Definition differs - limited cross-country comparability,LVA,11_2,2008
definition_differs,info,Definition differs - limited cross-country comparability,LVA,11_2,2009
definition_differs,info,Definition differs - limited cross-country comparability,LUX,11_2,2008
definition_differs,info,Definition differs - limited cross-country comparability,LUX,11_2,2010
definition_differs,info,Definition differs - limited cross-country comparability,NLD,11_2,2008
definition_differs,info,Definition differs - limited cross-country comparability,NLD,11_2,2010
definition_differs,info,Definition differs - limited cross-country comparability,NZL,11_2,2006
definition_differs,info,Definition differs - limited cross-country comparability,NZL,11_2,2007
definition_differs,info,Definition differs - limited cross-country comparability,NZL,11_2,2008
definition_differs,info,Definition differs - limited cross-country comparability,NZL,11_2,2010
definition_differs,info,Definition differs - limited cross-country comparability,NOR,11_2,2008
definition_differs,info,Definition differs - limited cross-country comparability,PRT,11_2,2006
definition_differs,info,Definition differs - limited cross-country comparability,PRT,11_2,2008
definition_differs,info,Definition differs - limited cross-country comparability,PRT,11_2,2009
definition_differs,info,Definition differs - limited cross-country comparability,PRT,11_2,2010
definition_differs,info,Definition differs - limited cross-country comparability,SVK,11_2,2006
definition_differs,info,Definition differs - limited cross-country comparability,SVK,11_2,2010
definition_differs,info,Definition differs - limited cross-country comparability,SVN,11_2,2006
definition_differs,info,Definition differs - limited cross-country comparability,SVN,11_2,2009
definition_differs,info,Definition differs - limited cross-country comparability,SVN,11_2,2010
definition_differs,info,Definition differs - limited cross-country comparability,CHE,11_2,2006
definition_differs,info,Definition differs - limited cross-country comparability,CHE,11_2,2009
definition_differs,info,Definition differs - limited cross-country comparability,CHE,11_2,2012
definition_differs,info,Definition differs - limited cross-country comparability,CHE,11_2,2014
definition_differs,info,Definition differs - limited cross-country comparability,CHE,11_2,2015
definition_differs,info,Definition differs - limited cross-country comparability,ARG,11_2,2006
definition_differs,info,Definition differs - limited cross-country comparability,ARG,11_2,2008
definition_differs,info,Definition differs - limited cross-country comparability,ARG,11_2,2009
definition_differs,info,Definition differs - limited cross-country comparability,ARG,11_2,2010
definition_differs,info,Definition differs - limited cross-country comparability,BRA,11_2,2006
definition_differs,info,Definition differs - limited cross-country comparability,BRA,11_2,2009
definition_differs,info,Definition differs - limited cross-country comparability,BRA,11_2,2010
definition_differs,info,Definition differs - limited cross-country comparability,BGR,11_2,2006
definition_differs,info,Definition differs - limited cross-country comparability,BGR,11_2,2009
definition_differs,info,Definition differs - limited cross-country comparability,BGR,11_2,2010
definition_differs,info,Definition differs - limited cross-country comparability,HRV,11_2,2006
definition_differs,info,Definition differs - limited cross-country comparability,HRV,11_2,2009
definition_differs,info,Definition differs - limited cross-country comparability,HRV,11_2,2010
definition_differs,info,Definition differs - limited cross-country comparability,ROU,11_2,2006
definition_differs,info,Definition differs - limited cross-country comparability,ROU,11_2,2007
definition_differs,info,Definition differs - limited cross-country comparability,ROU,11_2,2009
definition_differs,info,Definition differs - limited cross-country comparability,ROU,11_2,2010
definition_differs,info,Definition differs - limited cross-country comparability,AUT,11_2,2008
definition_differs,info,Definition differs - limited cross-country comparability,AUT,11_2,2009
definition_differs,info,Definition differs - limited cross-country comparability,AUT,11_2,2010
definition_differs,info,Definition differs - limited cross-country comparability,CHL,11_2,2007
definition_differs,info,Definition differs - limited cross-country comparability,CHL,11_2,2008
definition_differs,info,Definition differs - limited cross-country comparability,CHL,11_2,2009
definition_differs,info,Definition differs - limited cross-country comparability,CHL,11_2,2010
definition_differs,info,Definition differs - limited cross-country comparability,CHL,11_2,2011
definition_differs,info,Definition differs - limited cross-country comparability,CHL,11_2,2012
definition_differs,info,Definition differs - limited cross-country comparability,CHL,11_2,2013
definition_differs,info,Definition differs - limited cross-country comparability,CHL,11_2,2014
definition_differs,info,Definition differs - limited cross-country comparability,CHL,11_2,2015
definition_differs,info,Definition differs - limited cross-country comparability,CHL,11_2,2016
definition_differs,info,Definition differs - limited cross-country comparability,CHL,11_2,2017
definition_differs,info,Definition differs - limited cross-country comparability,CHL,11_2,2018
definition_differs,info,Definition differs - limited cross-country comparability,CHL,11_2,2019
definition_differs,info,Definition differs - limited cross-country comparability,CHL,11_2,2020
definition_differs,info,Definition differs - limited cross-country comparability,CHL,11_2,2021
definition_differs,info,Definition differs - limited cross-country comparability,CHL,11_2,2022
definition_differs,info,Definition differs - limited cross-country comparability,CHL,11_2,2023
definition_differs,info,Definition differs - limited cross-country comparability,CHL,11_2,2024
definition_differs,info,Definition differs - limited cross-country comparability,CHL,11_2,2025
definition_differs,info,Definition differs - limited cross-country comparability,COL,11_2,2006
definition_differs,info,Definition differs - limited cross-country comparability,COL,11_2,2007
definition_differs,info,Definition differs - limited cross-country comparability,COL,11_2,2008
definition_differs,info,Definition differs - limited cross-country comparability,COL,11_2,2009
definition_differs,info,Definition differs - limited cross-country comparability,COL,11_2,2010
definition_differs,info,Definition differs - limited cross-country comparability,COL,11_2,2011
definition_differs,info,Definition differs - limited cross-country comparability,COL,11_2,2012
definition_differs,info,Definition differs - limited cross-country comparability,COL,11_2,2013
definition_differs,info,Definition differs - limited cross-country comparability,COL,11_2,2014
definition_differs,info,Definition differs - limited cross-country comparability,COL,11_2,2015
definition_differs,info,Definition differs - limited cross-country comparability,COL,11_2,2016
definition_differs,info,Definition differs - limited cross-country comparability,COL,11_2,2017
definition_differs,info,Definition differs - limited cross-country comparability,COL,11_2,2018
definition_differs,info,Definition differs - limited cross-country comparability,COL,11_2,2019
definition_differs,info,Definition differs - limited cross-country comparability,COL,11_2,2020
definition_differs,info,Definition differs - limited cross-country comparability,COL,11_2,2021
definition_differs,info,Definition differs - limited cross-country comparability,COL,11_2,2022
definition_differs,info,Definition differs - limited cross-country comparability,COL,11_2,2023
definition_differs,info,Definition differs - limited cross-country comparability,COL,11_2,2024
definition_differs,info,Definition differs - limited cross-country comparability,COL,11_2,2025
definition_differs,info,Definition differs - limited cross-country comparability,CRI,11_2,2011
definition_differs,info,Definition differs - limited cross-country comparability,CRI,11_2,2012
definition_differs,info,Definition differs - limited cross-country comparability,CRI,11_2,2013
definition_differs,info,Definition differs - limited cross-country comparability,CRI,11_2,2014
definition_differs,info,Definition differs - limited cross-country comparability,CRI,11_2,2015
definition_differs,info,Definition differs - limited cross-country comparability,CRI,11_2,2016
definition_differs,info,Definition differs - limited cross-country comparability,CRI,11_2,2017
definition_differs,info,Definition differs - limited cross-country comparability,CRI,11_2,2018
definition_differs,info,Definition differs - limited cross-country comparability,CRI,11_2,2019
definition_differs,info,Definition differs - limited cross-country comparability,CRI,11_2,2020
definition_differs,info,Definition differs - limited cross-country comparability,CRI,11_2,2021
definition_differs,info,Definition differs - limited cross-country comparability,CRI,11_2,2022
definition_differs,info,Definition differs - limited cross-country comparability,CRI,11_2,2023
definition_differs,info,Definition differs - limited cross-country comparability,CRI,11_2,2024
definition_differs,info,Definition differs - limited cross-country comparability,CRI,11_2,2025
definition_differs,info,Definition differs - limited cross-country comparability,CZE,11_2,2011
definition_differs,info,Definition differs - limited cross-country comparability,CZE,11_2,2012
definition_differs,info,Definition differs - limited cross-country comparability,CZE,11_2,2013
definition_differs,info,Definition differs - limited cross-country comparability,CZE,11_2,2014
definition_differs,info,Definition differs - limited cross-country comparability,CZE,11_2,2015
definition_differs,info,Definition differs - limited cross-country comparability,DNK,11_2,2007
definition_differs,info,Definition differs - limited cross-country comparability,DNK,11_2,2008
definition_differs,info,Definition differs - limited cross-country comparability,DNK,11_2,2009
definition_differs,info,Definition differs - limited cross-country comparability,DNK,11_2,2010
definition_differs,info,Definition differs - limited cross-country comparability,DNK,11_2,2011
definition_differs,info,Definition differs - limited cross-country comparability,DNK,11_2,2012
definition_differs,info,Definition differs - limited cross-country comparability,DNK,11_2,2013
definition_differs,info,Definition differs - limited cross-country comparability,DNK,11_2,2014
definition_differs,info,Definition differs - limited cross-country comparability,DNK,11_2,2015
definition_differs,info,Definition differs - limited cross-country comparability,FIN,11_2,2011
definition_differs,info,Definition differs - limited cross-country comparability,FIN,11_2,2012
definition_differs,info,Definition differs - limited cross-country comparability,FIN,11_2,2013
definition_differs,info,Definition differs - limited cross-country comparability,FIN,11_2,2014
definition_differs,info,Definition differs - limited cross-country comparability,FIN,11_2,2015
definition_differs,info,Definition differs - limited cross-country comparability,FIN,11_2,2016
definition_differs,info,Definition differs - limited cross-country comparability,FIN,11_2,2017
definition_differs,info,Definition differs - limited cross-country comparability,FIN,11_2,2018
definition_differs,info,Definition differs - limited cross-country comparability,FIN,11_2,2019
definition_differs,info,Definition differs - limited cross-country comparability,FIN,11_2,2020
definition_differs,info,Definition differs - limited cross-country comparability,FRA,11_2,2008
definition_differs,info,Definition differs - limited cross-country comparability,FRA,11_2,2009
definition_differs,info,Definition differs - limited cross-country comparability,FRA,11_2,2010
definition_differs,info,Definition differs - limited cross-country comparability,DEU,11_2,2007
definition_differs,info,Definition differs - limited cross-country comparability,DEU,11_2,2008
definition_differs,info,Definition differs - limited cross-country comparability,DEU,11_2,2009
definition_differs,info,Definition differs - limited cross-country comparability,DEU,11_2,2010
definition_differs,info,Definition differs - limited cross-country comparability,GRC,11_2,2011
definition_differs,info,Definition differs - limited cross-country comparability,GRC,11_2,2012
definition_differs,info,Definition differs - limited cross-country comparability,GRC,11_2,2013
definition_differs,info,Definition differs - limited cross-country comparability,GRC,11_2,2014
definition_differs,info,Definition differs - limited cross-country comparability,GRC,11_2,2015
definition_differs,info,Definition differs - limited cross-country comparability,HUN,11_2,2011
definition_differs,info,Definition differs - limited cross-country comparability,HUN,11_2,2012
definition_differs,info,Definition differs - limited cross-country comparability,HUN,11_2,2013
definition_differs,info,Definition differs - limited cross-country comparability,HUN,11_2,2014
definition_differs,info,Definition differs - limited cross-country comparability,HUN,11_2,2015
definition_differs,info,Definition differs - limited cross-country comparability,IRL,11_2,2008
definition_differs,info,Definition differs - limited cross-country comparability,IRL,11_2,2009
definition_differs,info,Definition differs - limited cross-country comparability,IRL,11_2,2010
definition_differs,info,Definition differs - limited cross-country comparability,ITA,11_2,2008
definition_differs,info,Definition differs - limited cross-country comparability,ITA,11_2,2009
definition_differs,info,Definition differs - limited cross-country comparability,ITA,11_2,2010
definition_differs,info,Definition differs - limited cross-country comparability,ITA,11_2,2011
definition_differs,info,Definition differs - limited cross-country comparability,ITA,11_2,2012
definition_differs,info,Definition differs - limited cross-country comparability,ITA,11_2,2013
definition_differs,info,Definition differs - limited cross-country comparability,ITA,11_2,2014
definition_differs,info,Definition differs - limited cross-country comparability,ITA,11_2,2015
definition_differs,info,Definition differs - limited cross-country comparability,ITA,11_2,2016
definition_differs,info,Definition differs - limited cross-country comparability,ITA,11_2,2017
definition_differs,info,Definition differs - limited cross-country comparability,ITA,11_2,2018
definition_differs,info,Definition differs - limited cross-country comparability,ITA,11_2,2019
definition_differs,info,Definition differs - limited cross-country comparability,ITA,11_2,2020
definition_differs,info,Definition differs - limited cross-country comparability,LTU,11_2,2006
definition_differs,info,Definition differs - limited cross-country comparability,LTU,11_2,2007
definition_differs,info,Definition differs - limited cross-country comparability,LTU,11_2,2008
definition_differs,info,Definition differs - limited cross-country comparability,LTU,11_2,2009
definition_differs,info,Definition differs - limited cross-country comparability,LTU,11_2,2010
definition_differs,info,Definition differs - limited cross-country comparability,LTU,11_2,2011
definition_differs,info,Definition differs - limited cross-country comparability,LTU,11_2,2012
definition_differs,info,Definition differs - limited cross-country comparability,LTU,11_2,2013
definition_differs,info,Definition differs - limited cross-country comparability,LTU,11_2,2014
definition_differs,info,Definition differs - limited cross-country comparability,LTU,11_2,2015
definition_differs,info,Definition differs - limited cross-country comparability,MEX,11_2,2007
definition_differs,info,Definition differs - limited cross-country comparability,MEX,11_2,2008
definition_differs,info,Definition differs - limited cross-country comparability,MEX,11_2,2009
definition_differs,info,Definition differs - limited cross-country comparability,MEX,11_2,2010
definition_differs,info,Definition differs - limited cross-country comparability,MEX,11_2,2011
definition_differs,info,Definition differs - limited cross-country comparability,MEX,11_2,2012
definition_differs,info,Definition differs - limited cross-country comparability,MEX,11_2,2013
definition_differs,info,Definition differs - limited cross-country comparability,MEX,11_2,2014
definition_differs,info,Definition differs - limited cross-country comparability,MEX,11_2,2015
definition_differs,info,Definition differs - limited cross-country comparability,MEX,11_2,2016
definition_differs,info,Definition differs - limited cross-country comparability,MEX,11_2,2017
definition_differs,info,Definition differs - limited cross-country comparability,MEX,11_2,2018
definition_differs,info,Definition differs - limited cross-country comparability,MEX,11_2,2019
definition_differs,info,Definition differs - limited cross-country comparability,MEX,11_2,2020
definition_differs,info,Definition differs - limited cross-country comparability,MEX,11_2,2021
definition_differs,info,Definition differs - limited cross-country comparability,MEX,11_2,2022
definition_differs,info,Definition differs - limited cross-country comparability,MEX,11_2,2023
definition_differs,info,Definition differs - limited cross-country comparability,MEX,11_2,2024
definition_differs,info,Definition differs - limited cross-country comparability,MEX,11_2,2025
definition_differs,info,Definition differs - limited cross-country comparability,POL,11_2,2006
definition_differs,info,Definition differs - limited cross-country comparability,POL,11_2,2007
definition_differs,info,Definition differs - limited cross-country comparability,POL,11_2,2008
definition_differs,info,Definition differs - limited cross-country comparability,POL,11_2,2009
definition_differs,info,Definition differs - limited cross-country comparability,POL,11_2,2010
definition_differs,info,Definition differs - limited cross-country comparability,SVK,11_2,2011
definition_differs,info,Definition differs - limited cross-country comparability,SVK,11_2,2012
definition_differs,info,Definition differs - limited cross-country comparability,SVK,11_2,2013
definition_differs,info,Definition differs - limited cross-country comparability,SVK,11_2,2014
definition_differs,info,Definition differs - limited cross-country comparability,SVK,11_2,2015
definition_differs,info,Definition differs - limited cross-country comparability,SVN,11_2,2011
definition_differs,info,Definition differs - limited cross-country comparability,SVN,11_2,2012
definition_differs,info,Definition differs - limited cross-country comparability,SVN,11_2,2013
definition_differs,info,Definition differs - limited cross-country comparability,SVN,11_2,2014
definition_differs,info,Definition differs - limited cross-country comparability,SVN,11_2,2015
definition_differs,info,Definition differs - limited cross-country comparability,ESP,11_2,2008
definition_differs,info,Definition differs - limited cross-country comparability,ESP,11_2,2009
definition_differs,info,Definition differs - limited cross-country comparability,ESP,11_2,2010
definition_differs,info,Definition differs - limited cross-country comparability,ESP,11_2,2011
definition_differs,info,Definition differs - limited cross-country comparability,ESP,11_2,2012
definition_differs,info,Definition differs - limited cross-country comparability,ESP,11_2,2013
definition_differs,info,Definition differs - limited cross-country comparability,ESP,11_2,2014
definition_differs,info,Definition differs - limited cross-country comparability,ESP,11_2,2015
definition_differs,info,Definition differs - limited cross-country comparability,ESP,11_2,2016
definition_differs,info,Definition differs - limited cross-country comparability,ESP,11_2,2017
definition_differs,info,Definition differs - limited cross-country comparability,ESP,11_2,2018
definition_differs,info,Definition differs - limited cross-country comparability,ESP,11_2,2019
definition_differs,info,Definition differs - limited cross-country comparability,ESP,11_2,2020
definition_differs,info,Definition differs - limited cross-country comparability,ESP,11_2,2021
definition_differs,info,Definition differs - limited cross-country comparability,ESP,11_2,2022
definition_differs,info,Definition differs - limited cross-country comparability,ESP,11_2,2023
definition_differs,info,Definition differs - limited cross-country comparability,ESP,11_2,2024
definition_differs,info,Definition differs - limited cross-country comparability,ESP,11_2,2025
definition_differs,info,Definition differs - limited cross-country comparability,TUR,11_2,2008
definition_differs,info,Definition differs - limited cross-country comparability,TUR,11_2,2009
definition_differs,info,Definition differs - limited cross-country comparability,TUR,11_2,2010
definition_differs,info,Definition differs - limited cross-country comparability,TUR,11_2,2011
definition_differs,info,Definition differs - limited cross-country comparability,TUR,11_2,2012
definition_differs,info,Definition differs - limited cross-country comparability,TUR,11_2,2013
definition_differs,info,Definition differs - limited cross-country comparability,TUR,11_2,2014
definition_differs,info,Definition differs - limited cross-country comparability,TUR,11_2,2015
definition_differs,info,Definition differs - limited cross-country comparability,ARG,11_2,2011
definition_differs,info,Definition differs - limited cross-country comparability,ARG,11_2,2012
definition_differs,info,Definition differs - limited cross-country comparability,ARG,11_2,2013
definition_differs,info,Definition differs - limited cross-country comparability,ARG,11_2,2014
definition_differs,info,Definition differs - limited cross-country comparability,ARG,11_2,2015
definition_differs,info,Definition differs - limited cross-country comparability,ARG,11_2,2016
definition_differs,info,Definition differs - limited cross-country comparability,ARG,11_2,2017
definition_differs,info,Definition differs - limited cross-country comparability,ARG,11_2,2018
definition_differs,info,Definition differs - limited cross-country comparability,ARG,11_2,2019
definition_differs,info,Definition differs - limited cross-country comparability,ARG,11_2,2020
definition_differs,info,Definition differs - limited cross-country comparability,ARG,11_2,2021
definition_differs,info,Definition differs - limited cross-country comparability,ARG,11_2,2022
definition_differs,info,Definition differs - limited cross-country comparability,ARG,11_2,2023
definition_differs,info,Definition differs - limited cross-country comparability,ARG,11_2,2024
definition_differs,info,Definition differs - limited cross-country comparability,ARG,11_2,2025
definition_differs,info,Definition differs - limited cross-country comparability,BRA,11_2,2011
definition_differs,info,Definition differs - limited cross-country comparability,BRA,11_2,2012
definition_differs,info,Definition differs - limited cross-country comparability,BRA,11_2,2013
definition_differs,info,Definition differs - limited cross-country comparability,BRA,11_2,2014
definition_differs,info,Definition differs - limited cross-country comparability,BRA,11_2,2015
definition_differs,info,Definition differs - limited cross-country comparability,BRA,11_2,2016
definition_differs,info,Definition differs - limited cross-country comparability,BRA,11_2,2017
definition_differs,info,Definition differs - limited cross-country comparability,BRA,11_2,2018
definition_differs,info,Definition differs - limited cross-country comparability,BRA,11_2,2019
definition_differs,info,Definition differs - limited cross-country comparability,BRA,11_2,2020
definition_differs,info,Definition differs - limited cross-country comparability,BRA,11_2,2021
definition_differs,info,Definition differs - limited cross-country comparability,BRA,11_2,2022
definition_differs,info,Definition differs - limited cross-country comparability,BRA,11_2,2023
definition_differs,info,Definition differs - limited cross-country comparability,BRA,11_2,2024
definition_differs,info,Definition differs - limited cross-country comparability,BRA,11_2,2025
definition_differs,info,Definition differs - limited cross-country comparability,HRV,11_2,2011
definition_differs,info,Definition differs - limited cross-country comparability,HRV,11_2,2012
definition_differs,info,Definition differs - limited cross-country comparability,HRV,11_2,2013
definition_differs,info,Definition differs - limited cross-country comparability,HRV,11_2,2014
definition_differs,info,Definition differs - limited cross-country comparability,HRV,11_2,2015
definition_differs,info,Definition differs - limited cross-country comparability,IDN,11_2,2006
definition_differs,info,Definition differs - limited cross-country comparability,IDN,11_2,2007
definition_differs,info,Definition differs - limited cross-country comparability,IDN,11_2,2008
definition_differs,info,Definition differs - limited cross-country comparability,IDN,11_2,2009
definition_differs,info,Definition differs - limited cross-country comparability,IDN,11_2,2010
definition_differs,info,Definition differs - limited cross-country comparability,IDN,11_2,2011
definition_differs,info,Definition differs - limited cross-country comparability,IDN,11_2,2012
definition_differs,info,Definition differs - limited cross-country comparability,IDN,11_2,2013
definition_differs,info,Definition differs - limited cross-country comparability,IDN,11_2,2014
definition_differs,info,Definition differs - limited cross-country comparability,IDN,11_2,2015
definition_differs,info,Definition differs - limited cross-country comparability,IDN,11_2,2016
definition_differs,info,Definition differs - limited cross-country comparability,IDN,11_2,2017
definition_differs,info,Definition differs - limited cross-country comparability,IDN,11_2,2018
definition_differs,info,Definition differs - limited cross-country comparability,IDN,11_2,2019
definition_differs,info,Definition differs - limited cross-country comparability,IDN,11_2,2020
definition_differs,info,Definition differs - limited cross-country comparability,IDN,11_2,2021
definition_differs,info,Definition differs - limited cross-country comparability,IDN,11_2,2022
definition_differs,info,Definition differs - limited cross-country comparability,IDN,11_2,2023
definition_differs,info,Definition differs - limited cross-country comparability,IDN,11_2,2024
definition_differs,info,Definition differs - limited cross-country comparability,IDN,11_2,2025
definition_differs,info,Definition differs - limited cross-country comparability,PER,11_2,2007
definition_differs,info,Definition differs - limited cross-country comparability,PER,11_2,2008
definition_differs,info,Definition differs - limited cross-country comparability,PER,11_2,2009
definition_differs,info,Definition differs - limited cross-country comparability,PER,11_2,2010
definition_differs,info,Definition differs - limited cross-country comparability,PER,11_2,2011
definition_differs,info,Definition differs - limited cross-country comparability,PER,11_2,2012
definition_differs,info,Definition differs - limited cross-country comparability,PER,11_2,2013
definition_differs,info,Definition differs - limited cross-country comparability,PER,11_2,2014
definition_differs,info,Definition differs - limited cross-country comparability,PER,11_2,2015
definition_differs,info,Definition differs - limited cross-country comparability,PER,11_2,2016
definition_differs,info,Definition differs - limited cross-country comparability,PER,11_2,2017
definition_differs,info,Definition differs - limited cross-country comparability,PER,11_2,2018
definition_differs,info,Definition differs - limited cross-country comparability,PER,11_2,2019
definition_differs,info,Definition differs - limited cross-country comparability,PER,11_2,2020
definition_differs,info,Definition differs - limited cross-country comparability,PER,11_2,2021
definition_differs,info,Definition differs - limited cross-country comparability,PER,11_2,2022
definition_differs,info,Definition differs - limited cross-country comparability,PER,11_2,2023
definition_differs,info,Definition differs - limited cross-country comparability,PER,11_2,2024
definition_differs,info,Definition differs - limited cross-country comparability,PER,11_2,2025
definition_differs,info,Definition differs - limited cross-country comparability,ROU,11_2,2011
definition_differs,info,Definition differs - limited cross-country comparability,ROU,11_2,2012
definition_differs,info,Definition differs - limited cross-country comparability,ROU,11_2,2013
definition_differs,info,Definition differs - limited cross-country comparability,ROU,11_2,2014
definition_differs,info,Definition differs - limited cross-country comparability,ROU,11_2,2015
definition_differs,info,Definition differs - limited cross-country comparability,ROU,11_2,2016
definition_differs,info,Definition differs - limited cross-country comparability,ROU,11_2,2017
definition_differs,info,Definition differs - limited cross-country comparability,ROU,11_2,2018
definition_differs,info,Definition differs - limited cross-country comparability,ROU,11_2,2019
definition_differs,info,Definition differs - limited cross-country comparability,ROU,11_2,2020
definition_differs,info,Definition differs - limited cross-country comparability,ZAF,11_2,2006
definition_differs,info,Definition differs - limited cross-country comparability,ZAF,11_2,2007
definition_differs,info,Definition differs - limited cross-country comparability,ZAF,11_2,2008
definition_differs,info,Definition differs - limited cross-country comparability,ZAF,11_2,2009
definition_differs,info,Definition differs - limited cross-country comparability,ZAF,11_2,2010
definition_differs,info,Definition differs - limited cross-country comparability,ZAF,11_2,2011
definition_differs,info,Definition differs - limited cross-country comparability,ZAF,11_2,2012
definition_differs,info,Definition differs - limited cross-country comparability,ZAF,11_2,2013
definition_differs,info,Definition differs - limited cross-country comparability,ZAF,11_2,2014
definition_differs,info,Definition differs - limited cross-country comparability,ZAF,11_2,2015
definition_differs,info,Definition differs - limited cross-country comparability,ZAF,11_2,2016
definition_differs,info,Definition differs - limited cross-country comparability,ZAF,11_2,2017
definition_differs,info,Definition differs - limited cross-country comparability,ZAF,11_2,2018
definition_differs,info,Definition differs - limited cross-country comparability,ZAF,11_2,2019
definition_differs,info,Definition differs - limited cross-country comparability,ZAF,11_2,2020
definition_differs,info,Definition differs - limited cross-country comparability,ZAF,11_2,2021
definition_differs,info,Definition differs - limited cross-country comparability,ZAF,11_2,2022
definition_differs,info,Definition differs - limited cross-country comparability,ZAF,11_2,2023
definition_differs,info,Definition differs - limited cross-country comparability,ZAF,11_2,2024
definition_differs,info,Definition differs - limited cross-country comparability,ZAF,11_2,2025
definition_differs,info,Definition differs - limited cross-country comparability,THA,11_2,2008
definition_differs,info,Definition differs - limited cross-country comparability,THA,11_2,2009
definition_differs,info,Definition differs - limited cross-country comparability,THA,11_2,2010
definition_differs,info,Definition differs - limited cross-country comparability,THA,11_2,2011
definition_differs,info,Definition differs - limited cross-country comparability,THA,11_2,2012
definition_differs,info,Definition differs - limited cross-country comparability,THA,11_2,2013
definition_differs,info,Definition differs - limited cross-country comparability,THA,11_2,2014
definition_differs,info,Definition differs - limited cross-country comparability,THA,11_2,2015
definition_differs,info,Definition differs - limited cross-country comparability,THA,11_2,2021
definition_differs,info,Definition differs - limited cross-country comparability,THA,11_2,2022
definition_differs,info,Definition differs - limited cross-country comparability,THA,11_2,2023
definition_differs,info,Definition differs - limited cross-country comparability,THA,11_2,2024
definition_differs,info,Definition differs - limited cross-country comparability,THA,11_2,2025
definition_differs,info,Definition differs - limited cross-country comparability,AUS,7_1_DEP,2012
definition_differs,info,Definition differs - limited cross-country comparability,AUS,7_1_DEP,2013
definition_differs,info,Definition differs - limited cross-country comparability,AUS,7_1_DEP,2014
definition_differs,info,Definition differs - limited cross-country comparability,AUS,7_1_DEP,2015
definition_differs,info,Definition differs - limited cross-country comparability,AUS,7_1_DEP,2016
definition_differs,info,Definition differs - limited cross-country comparability,AUS,7_1_DEP,2017
definition_differs,info,Definition differs - limited cross-country comparability,AUS,7_1_DEP,2018
definition_differs,info,Definition differs - limited cross-country comparability,AUS,7_1_DEP,2019
definition_differs,info,Definition differs - limited cross-country comparability,AUS,7_1_DEP,2020
definition_differs,info,Definition differs - limited cross-country comparability,AUS,7_1_DEP,2021
definition_differs,info,Definition differs - limited cross-country comparability,AUS,7_1_DEP,2022
definition_differs,info,Definition differs - limited cross-country comparability,AUS,7_1_DEP,2023
definition_differs,info,Definition differs - limited cross-country comparability,AUS,7_1_DEP,2024
definition_differs,info,Definition differs - limited cross-country comparability,AUS,7_1_DEP,2025
definition_differs,info,Definition differs - limited cross-country comparability,AUT,7_1_DEP,2019
definition_differs,info,Definition differs - limited cross-country comparability,AUT,7_1_DEP,2020
definition_differs,info,Definition differs - limited cross-country comparability,AUT,7_1_DEP,2021
definition_differs,info,Definition differs - limited cross-country comparability,AUT,7_1_DEP,2022
definition_differs,info,Definition differs - limited cross-country comparability,AUT,7_1_DEP,2023
definition_differs,info,Definition differs - limited cross-country comparability,AUT,7_1_DEP,2024
definition_differs,info,Definition differs - limited cross-country comparability,AUT,7_1_DEP,2025
definition_differs,info,Definition differs - limited cross-country comparability,CAN,7_1_DEP,2012
definition_differs,info,Definition differs - limited cross-country comparability,CAN,7_1_DEP,2013
definition_differs,info,Definition differs - limited cross-country comparability,CAN,7_1_DEP,2014
definition_differs,info,Definition differs - limited cross-country comparability,CAN,7_1_DEP,2015
definition_differs,info,Definition differs - limited cross-country comparability,CAN,7_1_DEP,2016
definition_differs,info,Definition differs - limited cross-country comparability,CAN,7_1_DEP,2017
definition_differs,info,Definition differs - limited cross-country comparability,CAN,7_1_DEP,2018
definition_differs,info,Definition differs - limited cross-country comparability,CAN,7_1_DEP,2019
definition_differs,info,Definition differs - limited cross-country comparability,CAN,7_1_DEP,2020
definition_differs,info,Definition differs - limited cross-country comparability,CAN,7_1_DEP,2021
definition_differs,info,Definition differs - limited cross-country comparability,CAN,7_1_DEP,2022
definition_differs,info,Definition differs - limited cross-country comparability,CAN,7_1_DEP,2023
definition_differs,info,Definition differs - limited cross-country comparability,CAN,7_1_DEP,2024
definition_differs,info,Definition differs - limited cross-country comparability,CAN,7_1_DEP,2025
definition_differs,info,Definition differs - limited cross-country comparability,DNK,7_1_DEP,2006
definition_differs,info,Definition differs - limited cross-country comparability,DNK,7_1_DEP,2007
definition_differs,info,Definition differs - limited cross-country comparability,DNK,7_1_DEP,2008
definition_differs,info,Definition differs - limited cross-country comparability,DNK,7_1_DEP,2009
definition_differs,info,Definition differs - limited cross-country comparability,DNK,7_1_DEP,2010
definition_differs,info,Definition differs - limited cross-country comparability,DNK,7_1_DEP,2011
definition_differs,info,Definition differs - limited cross-country comparability,EST,7_1_DEP,2019
definition_differs,info,Definition differs - limited cross-country comparability,EST,7_1_DEP,2020
definition_differs,info,Definition differs - limited cross-country comparability,EST,7_1_DEP,2021
definition_differs,info,Definition differs - limited cross-country comparability,EST,7_1_DEP,2022
definition_differs,info,Definition differs - limited cross-country comparability,EST,7_1_DEP,2023
definition_differs,info,Definition differs - limited cross-country comparability,EST,7_1_DEP,2024
definition_differs,info,Definition differs - limited cross-country comparability,EST,7_1_DEP,2025
definition_differs,info,Definition differs - limited cross-country comparability,FIN,7_1_DEP,2012
definition_differs,info,Definition differs - limited cross-country comparability,FIN,7_1_DEP,2013
definition_differs,info,Definition differs - limited cross-country comparability,FIN,7_1_DEP,2014
definition_differs,info,Definition differs - limited cross-country comparability,FIN,7_1_DEP,2015
definition_differs,info,Definition differs - limited cross-country comparability,FIN,7_1_DEP,2016
definition_differs,info,Definition differs - limited cross-country comparability,FIN,7_1_DEP,2017
definition_differs,info,Definition differs - limited cross-country comparability,FIN,7_1_DEP,2018
definition_differs,info,Definition differs - limited cross-country comparability,FIN,7_1_DEP,2019
definition_differs,info,Definition differs - limited cross-country comparability,FIN,7_1_DEP,2020
definition_differs,info,Definition differs - limited cross-country comparability,FIN,7_1_DEP,2021
definition_differs,info,Definition differs - limited cross-country comparability,FIN,7_1_DEP,2022
definition_differs,info,Definition differs - limited cross-country comparability,FIN,7_1_DEP,2023
definition_differs,info,Definition differs - limited cross-country comparability,FIN,7_1_DEP,2024
definition_differs,info,Definition differs - limited cross-country comparability,FIN,7_1_DEP,2025
definition_differs,info,Definition differs - limited cross-country comparability,FRA,7_1_DEP,2006
definition_differs,info,Definition differs - limited cross-country comparability,FRA,7_1_DEP,2007
definition_differs,info,Definition differs - limited cross-country comparability,FRA,7_1_DEP,2008
definition_differs,info,Definition differs - limited cross-country comparability,FRA,7_1_DEP,2009
definition_differs,info,Definition differs - limited cross-country comparability,FRA,7_1_DEP,2010
definition_differs,info,Definition differs - limited cross-country comparability,FRA,7_1_DEP,2011
definition_differs,info,Definition differs - limited cross-country comparability,FRA,7_1_DEP,2019
definition_differs,info,Definition differs - limited cross-country comparability,FRA,7_1_DEP,2020
definition_differs,info,Definition differs - limited cross-country comparability,FRA,7_1_DEP,2021
definition_differs,info,Definition differs - limited cross-country comparability,FRA,7_1_DEP,2022
definition_differs,info,Definition differs - limited cross-country comparability,FRA,7_1_DEP,2023
definition_differs,info,Definition differs - limited cross-country comparability,FRA,7_1_DEP,2024
definition_differs,info,Definition differs - limited cross-country comparability,FRA,7_1_DEP,2025
definition_differs,info,Definition differs - limited cross-country comparability,DEU,7_1_DEP,2019
definition_differs,info,Definition differs - limited cross-country comparability,DEU,7_1_DEP,2020
definition_differs,info,Definition differs - limited cross-country comparability,DEU,7_1_DEP,2021
definition_differs,info,Definition differs - limited cross-country comparability,DEU,7_1_DEP,2022
definition_differs,info,Definition differs - limited cross-country comparability,DEU,7_1_DEP,2023
definition_differs,info,Definition differs - limited cross-country comparability,DEU,7_1_DEP,2024
definition_differs,info,Definition differs - limited cross-country comparability,DEU,7_1_DEP,2025
definition_differs,info,Definition differs - limited cross-country comparability,GRC,7_1_DEP,2019
definition_differs,info,Definition differs - limited cross-country comparability,GRC,7_1_DEP,2020
definition_differs,info,Definition differs - limited cross-country comparability,GRC,7_1_DEP,2021
definition_differs,info,Definition differs - limited cross-country comparability,GRC,7_1_DEP,2022
definition_differs,info,Definition differs - limited cross-country comparability,GRC,7_1_DEP,2023
definition_differs,info,Definition differs - limited cross-country comparability,GRC,7_1_DEP,2024
definition_differs,info,Definition differs - limited cross-country comparability,GRC,7_1_DEP,2025
definition_differs,info,Definition differs - limited cross-country comparability,HUN,7_1_DEP,2012
definition_differs,info,Definition differs - limited cross-country comparability,HUN,7_1_DEP,2013
definition_differs,info,Definition differs - limited cross-country comparability,HUN,7_1_DEP,2014
definition_differs,info,Definition differs - limited cross-country comparability,HUN,7_1_DEP,2015
definition_differs,info,Definition differs - limited cross-country comparability,HUN,7_1_DEP,2016
definition_differs,info,Definition differs - limited cross-country comparability,HUN,7_1_DEP,2017
definition_differs,info,Definition differs - limited cross-country comparability,HUN,7_1_DEP,2018
definition_differs,info,Definition differs - limited cross-country comparability,HUN,7_1_DEP,2019
definition_differs,info,Definition differs - limited cross-country comparability,HUN,7_1_DEP,2020
definition_differs,info,Definition differs - limited cross-country comparability,HUN,7_1_DEP,2021
definition_differs,info,Definition differs - limited cross-country comparability,HUN,7_1_DEP,2022
definition_differs,info,Definition differs - limited cross-country comparability,HUN,7_1_DEP,2023
definition_differs,info,Definition differs - limited cross-country comparability,HUN,7_1_DEP,2024
definition_differs,info,Definition differs - limited cross-country comparability,HUN,7_1_DEP,2025
definition_differs,info,Definition differs - limited cross-country comparability,ISL,7_1_DEP,2019
definition_differs,info,Definition differs - limited cross-country comparability,ISL,7_1_DEP,2020
definition_differs,info,Definition differs - limited cross-country comparability,ISL,7_1_DEP,2021
definition_differs,info,Definition differs - limited cross-country comparability,ISL,7_1_DEP,2022
definition_differs,info,Definition differs - limited cross-country comparability,ISL,7_1_DEP,2023
definition_differs,info,Definition differs - limited cross-country comparability,ISL,7_1_DEP,2024
definition_differs,info,Definition differs - limited cross-country comparability,ISL,7_1_DEP,2025
definition_differs,info,Definition differs - limited cross-country comparability,ITA,7_1_DEP,2006
definition_differs,info,Definition differs - limited cross-country comparability,ITA,7_1_DEP,2007
definition_differs,info,Definition differs - limited cross-country comparability,ITA,7_1_DEP,2008
definition_differs,info,Definition differs - limited cross-country comparability,ITA,7_1_DEP,2009
definition_differs,info,Definition differs - limited cross-country comparability,ITA,7_1_DEP,2010
definition_differs,info,Definition differs - limited cross-country comparability,ITA,7_1_DEP,2011
definition_differs,info,Definition differs - limited cross-country comparability,ITA,7_1_DEP,2019
definition_differs,info,Definition differs - limited cross-country comparability,ITA,7_1_DEP,2020
definition_differs,info,Definition differs - limited cross-country comparability,ITA,7_1_DEP,2021
definition_differs,info,Definition differs - limited cross-country comparability,ITA,7_1_DEP,2022
definition_differs,info,Definition differs - limited cross-country comparability,ITA,7_1_DEP,2023
definition_differs,info,Definition differs - limited cross-country comparability,ITA,7_1_DEP,2024
definition_differs,info,Definition differs - limited cross-country comparability,ITA,7_1_DEP,2025
definition_differs,info,Definition differs - limited cross-country comparability,JPN,7_1_DEP,2012
definition_differs,info,Definition differs - limited cross-country comparability,JPN,7_1_DEP,2013
definition_differs,info,Definition differs - limited cross-country comparability,JPN,7_1_DEP,2014
definition_differs,info,Definition differs - limited cross-country comparability,JPN,7_1_DEP,2015
definition_differs,info,Definition differs - limited cross-country comparability,JPN,7_1_DEP,2016
definition_differs,info,Definition differs - limited cross-country comparability,JPN,7_1_DEP,2017
definition_differs,info,Definition differs - limited cross-country comparability,JPN,7_1_DEP,2018
definition_differs,info,Definition differs - limited cross-country comparability,JPN,7_1_DEP,2019
definition_differs,info,Definition differs - limited cross-country comparability,JPN,7_1_DEP,2020
definition_differs,info,Definition differs - limited cross-country comparability,JPN,7_1_DEP,2021
definition_differs,info,Definition differs - limited cross-country comparability,JPN,7_1_DEP,2022
definition_differs,info,Definition differs - limited cross-country comparability,JPN,7_1_DEP,2023
definition_differs,info,Definition differs - limited cross-country comparability,JPN,7_1_DEP,2024
definition_differs,info,Definition differs - limited cross-country comparability,JPN,7_1_DEP,2025
definition_differs,info,Definition differs - limited cross-country comparability,KOR,7_1_DEP,2019
definition_differs,info,Definition differs - limited cross-country comparability,KOR,7_1_DEP,2020
definition_differs,info,Definition differs - limited cross-country comparability,KOR,7_1_DEP,2021
definition_differs,info,Definition differs - limited cross-country comparability,KOR,7_1_DEP,2022
definition_differs,info,Definition differs - limited cross-country comparability,KOR,7_1_DEP,2023
definition_differs,info,Definition differs - limited cross-country comparability,KOR,7_1_DEP,2024
definition_differs,info,Definition differs - limited cross-country comparability,KOR,7_1_DEP,2025
definition_differs,info,Definition differs - limited cross-country comparability,NLD,7_1_DEP,2019
definition_differs,info,Definition differs - limited cross-country comparability,NLD,7_1_DEP,2020
definition_differs,info,Definition differs - limited cross-country comparability,NLD,7_1_DEP,2021
definition_differs,info,Definition differs - limited cross-country comparability,NLD,7_1_DEP,2022
definition_differs,info,Definition differs - limited cross-country comparability,NLD,7_1_DEP,2023
definition_differs,info,Definition differs - limited cross-country comparability,NLD,7_1_DEP,2024
definition_differs,info,Definition differs - limited cross-country comparability,NLD,7_1_DEP,2025
definition_differs,info,Definition differs - limited cross-country comparability,NZL,7_1_DEP,2012
definition_differs,info,Definition differs - limited cross-country comparability,NZL,7_1_DEP,2013
definition_differs,info,Definition differs - limited cross-country comparability,NZL,7_1_DEP,2014
definition_differs,info,Definition differs - limited cross-country comparability,NZL,7_1_DEP,2015
definition_differs,info,Definition differs - limited cross-country comparability,NZL,7_1_DEP,2016
definition_differs,info,Definition differs - limited cross-country comparability,NZL,7_1_DEP,2017
definition_differs,info,Definition differs - limited cross-country comparability,NZL,7_1_DEP,2018
definition_differs,info,Definition differs - limited cross-country comparability,NZL,7_1_DEP,2019
definition_differs,info,Definition differs - limited cross-country comparability,NZL,7_1_DEP,2020
definition_differs,info,Definition differs - limited cross-country comparability,NZL,7_1_DEP,2021
definition_differs,info,Definition differs - limited cross-country comparability,NZL,7_1_DEP,2022
definition_differs,info,Definition differs - limited cross-country comparability,NZL,7_1_DEP,2023
definition_differs,info,Definition differs - limited cross-country comparability,NZL,7_1_DEP,2024
definition_differs,info,Definition differs - limited cross-country comparability,NZL,7_1_DEP,2025
definition_differs,info,Definition differs - limited cross-country comparability,NOR,7_1_DEP,2019
definition_differs,info,Definition differs - limited cross-country comparability,NOR,7_1_DEP,2020
definition_differs,info,Definition differs - limited cross-country comparability,NOR,7_1_DEP,2021
definition_differs,info,Definition differs - limited cross-country comparability,NOR,7_1_DEP,2022
definition_differs,info,Definition differs - limited cross-country comparability,NOR,7_1_DEP,2023
definition_differs,info,Definition differs - limited cross-country comparability,NOR,7_1_DEP,2024
definition_differs,info,Definition differs - limited cross-country comparability,NOR,7_1_DEP,2025
definition_differs,info,Definition differs - limited cross-country comparability,SVK,7_1_DEP,2019
definition_differs,info,Definition differs - limited cross-country comparability,SVK,7_1_DEP,2020
definition_differs,info,Definition differs - limited cross-country comparability,SVK,7_1_DEP,2021
definition_differs,info,Definition differs - limited cross-country comparability,SVK,7_1_DEP,2022
definition_differs,info,Definition differs - limited cross-country comparability,SVK,7_1_DEP,2023
definition_differs,info,Definition differs - limited cross-country comparability,SVK,7_1_DEP,2024
definition_differs,info,Definition differs - limited cross-country comparability,SVK,7_1_DEP,2025
definition_differs,info,Definition differs - limited cross-country comparability,SVN,7_1_DEP,2012
definition_differs,info,Definition differs - limited cross-country comparability,SVN,7_1_DEP,2013
definition_differs,info,Definition differs - limited cross-country comparability,SVN,7_1_DEP,2014
definition_differs,info,Definition differs - limited cross-country comparability,SVN,7_1_DEP,2015
definition_differs,info,Definition differs - limited cross-country comparability,SVN,7_1_DEP,2016
definition_differs,info,Definition differs - limited cross-country comparability,SVN,7_1_DEP,2017
definition_differs,info,Definition differs - limited cross-country comparability,SVN,7_1_DEP,2018
definition_differs,info,Definition differs - limited cross-country comparability,SVN,7_1_DEP,2019
definition_differs,info,Definition differs - limited cross-country comparability,SVN,7_1_DEP,2020
definition_differs,info,Definition differs - limited cross-country comparability,SVN,7_1_DEP,2021
definition_differs,info,Definition differs - limited cross-country comparability,SVN,7_1_DEP,2022
definition_differs,info,Definition differs - limited cross-country comparability,SVN,7_1_DEP,2023
definition_differs,info,Definition differs - limited cross-country comparability,SVN,7_1_DEP,2024
definition_differs,info,Definition differs - limited cross-country comparability,SVN,7_1_DEP,2025
definition_differs,info,Definition differs - limited cross-country comparability,ESP,7_1_DEP,2019
definition_differs,info,Definition differs - limited cross-country comparability,ESP,7_1_DEP,2020
definition_differs,info,Definition differs - limited cross-country comparability,ESP,7_1_DEP,2021
definition_differs,info,Definition differs - limited cross-country comparability,ESP,7_1_DEP,2022
definition_differs,info,Definition differs - limited cross-country comparability,ESP,7_1_DEP,2023
definition_differs,info,Definition differs - limited cross-country comparability,ESP,7_1_DEP,2024
definition_differs,info,Definition differs - limited cross-country comparability,ESP,7_1_DEP,2025
definition_differs,info,Definition differs - limited cross-country comparability,SWE,7_1_DEP,2006
definition_differs,info,Definition differs - limited cross-country comparability,SWE,7_1_DEP,2007
definition_differs,info,Definition differs - limited cross-country comparability,SWE,7_1_DEP,2008
definition_differs,info,Definition differs - limited cross-country comparability,SWE,7_1_DEP,2009
definition_differs,info,Definition differs - limited cross-country comparability,SWE,7_1_DEP,2010
definition_differs,info,Definition differs - limited cross-country comparability,SWE,7_1_DEP,2011
definition_differs,info,Definition differs - limited cross-country comparability,SWE,7_1_DEP,2012
definition_differs,info,Definition differs - limited cross-country comparability,SWE,7_1_DEP,2013
definition_differs,info,Definition differs - limited cross-country comparability,SWE,7_1_DEP,2014
definition_differs,info,Definition differs - limited cross-country comparability,SWE,7_1_DEP,2015
definition_differs,info,Definition differs - limited cross-country comparability,SWE,7_1_DEP,2016
definition_differs,info,Definition differs - limited cross-country comparability,SWE,7_1_DEP,2017
definition_differs,info,Definition differs - limited cross-country comparability,SWE,7_1_DEP,2018
definition_differs,info,Definition differs - limited cross-country comparability,SWE,7_1_DEP,2019
definition_differs,info,Definition differs - limited cross-country comparability,SWE,7_1_DEP,2020
definition_differs,info,Definition differs - limited cross-country comparability,SWE,7_1_DEP,2021
definition_differs,info,Definition differs - limited cross-country comparability,SWE,7_1_DEP,2022
definition_differs,info,Definition differs - limited cross-country comparability,SWE,7_1_DEP,2023
definition_differs,info,Definition differs - limited cross-country comparability,SWE,7_1_DEP,2024
definition_differs,info,Definition differs - limited cross-country comparability,SWE,7_1_DEP,2025
definition_differs,info,Definition differs - limited cross-country comparability,CHE,7_1_DEP,2019
definition_differs,info,Definition differs - limited cross-country comparability,CHE,7_1_DEP,2020
definition_differs,info,Definition differs - limited cross-country comparability,CHE,7_1_DEP,2021
definition_differs,info,Definition differs - limited cross-country comparability,CHE,7_1_DEP,2022
definition_differs,info,Definition differs - limited cross-country comparability,CHE,7_1_DEP,2023
definition_differs,info,Definition differs - limited cross-country comparability,CHE,7_1_DEP,2024
definition_differs,info,Definition differs - limited cross-country comparability,CHE,7_1_DEP,2025
definition_differs,info,Definition differs - limited cross-country comparability,GBR,7_1_DEP,2006
definition_differs,info,Definition differs - limited cross-country comparability,GBR,7_1_DEP,2007
definition_differs,info,Definition differs - limited cross-country comparability,GBR,7_1_DEP,2008
definition_differs,info,Definition differs - limited cross-country comparability,GBR,7_1_DEP,2009
definition_differs,info,Definition differs - limited cross-country comparability,GBR,7_1_DEP,2010
definition_differs,info,Definition differs - limited cross-country comparability,GBR,7_1_DEP,2011
definition_differs,info,Definition differs - limited cross-country comparability,GBR,7_1_DEP,2019
definition_differs,info,Definition differs - limited cross-country comparability,GBR,7_1_DEP,2020
definition_differs,info,Definition differs - limited cross-country comparability,GBR,7_1_DEP,2021
definition_differs,info,Definition differs - limited cross-country comparability,GBR,7_1_DEP,2022
definition_differs,info,Definition differs - limited cross-country comparability,GBR,7_1_DEP,2023
definition_differs,info,Definition differs - limited cross-country comparability,GBR,7_1_DEP,2024
definition_differs,info,Definition differs - limited cross-country comparability,GBR,7_1_DEP,2025
definition_differs,info,Definition differs - limited cross-country comparability,BGR,7_1_DEP,2012
definition_differs,info,Definition differs - limited cross-country comparability,BGR,7_1_DEP,2013
definition_differs,info,Definition differs - limited cross-country comparability,BGR,7_1_DEP,2014
definition_differs,info,Definition differs - limited cross-country comparability,BGR,7_1_DEP,2015
definition_differs,info,Definition differs - limited cross-country comparability,BGR,7_1_DEP,2016
definition_differs,info,Definition differs - limited cross-country comparability,BGR,7_1_DEP,2017
definition_differs,info,Definition differs - limited cross-country comparability,BGR,7_1_DEP,2018
definition_differs,info,Definition differs - limited cross-country comparability,BGR,7_1_DEP,2019
definition_differs,info,Definition differs - limited cross-country comparability,BGR,7_1_DEP,2020
definition_differs,info,Definition differs - limited cross-country comparability,BGR,7_1_DEP,2021
definition_differs,info,Definition differs - limited cross-country comparability,BGR,7_1_DEP,2022
definition_differs,info,Definition differs - limited cross-country comparability,BGR,7_1_DEP,2023
definition_differs,info,Definition differs - limited cross-country comparability,BGR,7_1_DEP,2024
definition_differs,info,Definition differs - limited cross-country comparability,BGR,7_1_DEP,2025
definition_differs,info,Definition differs - limited cross-country comparability,ROU,7_1_DEP,2012
definition_differs,info,Definition differs - limited cross-country comparability,ROU,7_1_DEP,2013
definition_differs,info,Definition differs - limited cross-country comparability,ROU,7_1_DEP,2014
definition_differs,info,Definition differs - limited cross-country comparability,ROU,7_1_DEP,2015
definition_differs,info,Definition differs - limited cross-country comparability,ROU,7_1_DEP,2016
definition_differs,info,Definition differs - limited cross-country comparability,ROU,7_1_DEP,2017
definition_differs,info,Definition differs - limited cross-country comparability,ROU,7_1_DEP,2018
definition_differs,info,Definition differs - limited cross-country comparability,AUS,7_1_DEP,2006
definition_differs,info,Definition differs - limited cross-country comparability,AUS,7_1_DEP,2007
definition_differs,info,Definition differs - limited cross-country comparability,AUS,7_1_DEP,2008
definition_differs,info,Definition differs - limited cross-country comparability,AUS,7_1_DEP,2010
definition_differs,info,Definition differs - limited cross-country comparability,AUS,7_1_DEP,2011
definition_differs,info,Definition differs - limited cross-country comparability,AUT,7_1_DEP,2006
definition_differs,info,Definition differs - limited cross-country comparability,AUT,7_1_DEP,2008
definition_differs,info,Definition differs - limited cross-country comparability,AUT,7_1_DEP,2009
definition_differs,info,Definition differs - limited cross-country comparability,AUT,7_1_DEP,2010
definition_differs,info,Definition differs - limited cross-country comparability,AUT,7_1_DEP,2011
definition_differs,info,Definition differs - limited cross-country comparability,BEL,7_1_DEP,2006
definition_differs,info,Definition differs - limited cross-country comparability,BEL,7_1_DEP,2007
definition_differs,info,Definition differs - limited cross-country comparability,BEL,7_1_DEP,2008
definition_differs,info,Definition differs - limited cross-country comparability,BEL,7_1_DEP,2010
definition_differs,info,Definition differs - limited cross-country comparability,BEL,7_1_DEP,2011
definition_differs,info,Definition differs - limited cross-country comparability,CAN,7_1_DEP,2006
definition_differs,info,Definition differs - limited cross-country comparability,CAN,7_1_DEP,2008
definition_differs,info,Definition differs - limited cross-country comparability,CAN,7_1_DEP,2009
definition_differs,info,Definition differs - limited cross-country comparability,CAN,7_1_DEP,2010
definition_differs,info,Definition differs - limited cross-country comparability,CAN,7_1_DEP,2011
definition_differs,info,Definition differs - limited cross-country comparability,CZE,7_1_DEP,2020
definition_differs,info,Definition differs - limited cross-country comparability,CZE,7_1_DEP,2021
definition_differs,info,Definition differs - limited cross-country comparability,CZE,7_1_DEP,2022
definition_differs,info,Definition differs - limited cross-country comparability,CZE,7_1_DEP,2023
definition_differs,info,Definition differs - limited cross-country comparability,CZE,7_1_DEP,2024
definition_differs,info,Definition differs - limited cross-country comparability,CZE,7_1_DEP,2025
definition_differs,info,Definition differs - limited cross-country comparability,EST,7_1_DEP,2006
definition_differs,info,Definition differs - limited cross-country comparability,EST,7_1_DEP,2007
definition_differs,info,Definition differs - limited cross-country comparability,EST,7_1_DEP,2008
definition_differs,info,Definition differs - limited cross-country comparability,EST,7_1_DEP,2009
definition_differs,info,Definition differs - limited cross-country comparability,EST,7_1_DEP,2011
definition_differs,info,Definition differs - limited cross-country comparability,FIN,7_1_DEP,2006
definition_differs,info,Definition differs - limited cross-country comparability,FIN,7_1_DEP,2008
definition_differs,info,Definition differs - limited cross-country comparability,FIN,7_1_DEP,2010
definition_differs,info,Definition differs - limited cross-country comparability,FIN,7_1_DEP,2011
definition_differs,info,Definition differs - limited cross-country comparability,GRC,7_1_DEP,2006
definition_differs,info,Definition differs - limited cross-country comparability,GRC,7_1_DEP,2007
definition_differs,info,Definition differs - limited cross-country comparability,GRC,7_1_DEP,2009
definition_differs,info,Definition differs - limited cross-country comparability,GRC,7_1_DEP,2010
definition_differs,info,Definition differs - limited cross-country comparability,GRC,7_1_DEP,2011
definition_differs,info,Definition differs - limited cross-country comparability,HUN,7_1_DEP,2006
definition_differs,info,Definition differs - limited cross-country comparability,HUN,7_1_DEP,2007
definition_differs,info,Definition differs - limited cross-country comparability,HUN,7_1_DEP,2008
definition_differs,info,Definition differs - limited cross-country comparability,HUN,7_1_DEP,2010
definition_differs,info,Definition differs - limited cross-country comparability,HUN,7_1_DEP,2011
definition_differs,info,Definition differs - limited cross-country comparability,ISL,7_1_DEP,2008
definition_differs,info,Definition differs - limited cross-country comparability,ISL,7_1_DEP,2012
definition_differs,info,Definition differs - limited cross-country comparability,ISL,7_1_DEP,2013
definition_differs,info,Definition differs - limited cross-country comparability,ISL,7_1_DEP,2015
definition_differs,info,Definition differs - limited cross-country comparability,ISL,7_1_DEP,2016
definition_differs,info,Definition differs - limited cross-country comparability,ISL,7_1_DEP,2017
definition_differs,info,Definition differs - limited cross-country comparability,IRL,7_1_DEP,2006
definition_differs,info,Definition differs - limited cross-country comparability,IRL,7_1_DEP,2008
definition_differs,info,Definition differs - limited cross-country comparability,IRL,7_1_DEP,2009
definition_differs,info,Definition differs - limited cross-country comparability,IRL,7_1_DEP,2010
definition_differs,info,Definition differs - limited cross-country comparability,IRL,7_1_DEP,2011
definition_differs,info,Definition differs - limited cross-country comparability,LUX,7_1_DEP,2008
definition_differs,info,Definition differs - limited cross-country comparability,LUX,7_1_DEP,2010
definition_differs,info,Definition differs - limited cross-country comparability,LUX,7_1_DEP,2011
definition_differs,info,Definition differs - limited cross-country comparability,LUX,7_1_DEP,2019
definition_differs,info,Definition differs - limited cross-country comparability,LUX,7_1_DEP,2022
definition_differs,info,Definition differs - limited cross-country comparability,LUX,7_1_DEP,2023
definition_differs,info,Definition differs - limited cross-country comparability,LUX,7_1_DEP,2025
definition_differs,info,Definition differs - limited cross-country comparability,NLD,7_1_DEP,2006
definition_differs,info,Definition differs - limited cross-country comparability,NLD,7_1_DEP,2007
definition_differs,info,Definition differs - limited cross-country comparability,NLD,7_1_DEP,2008
definition_differs,info,Definition differs - limited cross-country comparability,NLD,7_1_DEP,2010
definition_differs,info,Definition differs - limited cross-country comparability,NLD,7_1_DEP,2011
definition_differs,info,Definition differs - limited cross-country comparability,NZL,7_1_DEP,2006
definition_differs,info,Definition differs - limited cross-country comparability,NZL,7_1_DEP,2007
definition_differs,info,Definition differs - limited cross-country comparability,NZL,7_1_DEP,2008
definition_differs,info,Definition differs - limited cross-country comparability,NZL,7_1_DEP,2010
definition_differs,info,Definition differs - limited cross-country comparability,NZL,7_1_DEP,2011
definition_differs,info,Definition differs - limited cross-country comparability,NOR,7_1_DEP,2006
definition_differs,info,Definition differs - limited cross-country comparability,NOR,7_1_DEP,2008
definition_differs,info,Definition differs - limited cross-country comparability,NOR,7_1_DEP,2012
definition_differs,info,Definition differs - limited cross-country comparability,NOR,7_1_DEP,2014
definition_differs,info,Definition differs - limited cross-country comparability,NOR,7_1_DEP,2015
definition_differs,info,Definition differs - limited cross-country comparability,NOR,7_1_DEP,2016
definition_differs,info,Definition differs - limited cross-country comparability,NOR,7_1_DEP,2017
definition_differs,info,Definition differs - limited cross-country comparability,NOR,7_1_DEP,2018
definition_differs,info,Definition differs - limited cross-country comparability,PRT,7_1_DEP,2006
definition_differs,info,Definition differs - limited cross-country comparability,PRT,7_1_DEP,2008
definition_differs,info,Definition differs - limited cross-country comparability,PRT,7_1_DEP,2009
definition_differs,info,Definition differs - limited cross-country comparability,PRT,7_1_DEP,2010
definition_differs,info,Definition differs - limited cross-country comparability,PRT,7_1_DEP,2011
definition_differs,info,Definition differs - limited cross-country comparability,SVK,7_1_DEP,2006
definition_differs,info,Definition differs - limited cross-country comparability,SVK,7_1_DEP,2010
definition_differs,info,Definition differs - limited cross-country comparability,SVK,7_1_DEP,2011
definition_differs,info,Definition differs - limited cross-country comparability,SVN,7_1_DEP,2006
definition_differs,info,Definition differs - limited cross-country comparability,SVN,7_1_DEP,2009
definition_differs,info,Definition differs - limited cross-country comparability,SVN,7_1_DEP,2010
definition_differs,info,Definition differs - limited cross-country comparability,SVN,7_1_DEP,2011
definition_differs,info,Definition differs - limited cross-country comparability,CHE,7_1_DEP,2006
definition_differs,info,Definition differs - limited cross-country comparability,CHE,7_1_DEP,2009
definition_differs,info,Definition differs - limited cross-country comparability,CHE,7_1_DEP,2012
definition_differs,info,Definition differs - limited cross-country comparability,CHE,7_1_DEP,2014
definition_differs,info,Definition differs - limited cross-country comparability,CHE,7_1_DEP,2015
definition_differs,info,Definition differs - limited cross-country comparability,CHE,7_1_DEP,2016
definition_differs,info,Definition differs - limited cross-country comparability,CHE,7_1_DEP,2017
definition_differs,info,Definition differs - limited cross-country comparability,CHE,7_1_DEP,2018
definition_differs,info,Definition differs - limited cross-country comparability,USA,7_1_DEP,2006
definition_differs,info,Definition differs - limited cross-country comparability,USA,7_1_DEP,2008
definition_differs,info,Definition differs - limited cross-country comparability,USA,7_1_DEP,2009
definition_differs,info,Definition differs - limited cross-country comparability,USA,7_1_DEP,2010
definition_differs,info,Definition differs - limited cross-country comparability,USA,7_1_DEP,2011
definition_differs,info,Definition differs - limited cross-country comparability,BGR,7_1_DEP,2006
definition_differs,info,Definition differs - limited cross-country comparability,BGR,7_1_DEP,2009
definition_differs,info,Definition differs - limited cross-country comparability,BGR,7_1_DEP,2010
definition_differs,info,Definition differs - limited cross-country comparability,BGR,7_1_DEP,2011
definition_differs,info,Definition differs - limited cross-country comparability,ROU,7_1_DEP,2006
definition_differs,info,Definition differs - limited cross-country comparability,ROU,7_1_DEP,2007
definition_differs,info,Definition differs - limited cross-country comparability,ROU,7_1_DEP,2009
definition_differs,info,Definition differs - limited cross-country comparability,ROU,7_1_DEP,2010
definition_differs,info,Definition differs - limited cross-country comparability,ROU,7_1_DEP,2011
definition_differs,info,Definition differs - limited cross-country comparability,ISL,7_1_DEP,2008
definition_differs,info,Definition differs - limited cross-country comparability,ISL,7_1_DEP,2008
definition_differs,info,Definition differs - limited cross-country comparability,LUX,7_1_DEP,2008
definition_differs,info,Definition differs - limited cross-country comparability,LUX,7_1_DEP,2010
definition_differs,info,Definition differs - limited cross-country comparability,LUX,7_1_DEP,2011
definition_differs,info,Definition differs - limited cross-country comparability,NOR,7_1_DEP,2006
definition_differs,info,Definition differs - limited cross-country comparability,NOR,7_1_DEP,2006
definition_differs,info,Definition differs - limited cross-country comparability,NOR,7_1_DEP,2008
definition_differs,info,Definition differs - limited cross-country comparability,NOR,7_1_DEP,2008
definition_differs,info,Definition differs - limited cross-country comparability,SVN,7_1_DEP,2006
definition_differs,info,Definition differs - limited cross-country comparability,SVN,7_1_DEP,2009
definition_differs,info,Definition differs - limited cross-country comparability,SVN,7_1_DEP,2010
definition_differs,info,Definition differs - limited cross-country comparability,SVN,7_1_DEP,2011
definition_differs,info,Definition differs - limited cross-country comparability,CHE,7_1_DEP,2006
definition_differs,info,Definition differs - limited cross-country comparability,CHE,7_1_DEP,2009
definition_differs,info,Definition differs - limited cross-country comparability,ISL,7_1_DEP,2008
definition_differs,info,Definition differs - limited cross-country comparability,ISL,7_1_DEP,2012
definition_differs,info,Definition differs - limited cross-country comparability,ISL,7_1_DEP,2013
definition_differs,info,Definition differs - limited cross-country comparability,ISL,7_1_DEP,2015
definition_differs,info,Definition differs - limited cross-country comparability,ISL,7_1_DEP,2016
definition_differs,info,Definition differs - limited cross-country comparability,ISL,7_1_DEP,2017
definition_differs,info,Definition differs - limited cross-country comparability,ISL,7_1_DEP,2019
definition_differs,info,Definition differs - limited cross-country comparability,ISL,7_1_DEP,2020
definition_differs,info,Definition differs - limited cross-country comparability,ISL,7_1_DEP,2021
definition_differs,info,Definition differs - limited cross-country comparability,ISL,7_1_DEP,2022
definition_differs,info,Definition differs - limited cross-country comparability,ISL,7_1_DEP,2023
definition_differs,info,Definition differs - limited cross-country comparability,ISL,7_1_DEP,2024
definition_differs,info,Definition differs - limited cross-country comparability,ISL,7_1_DEP,2025
definition_differs,info,Definition differs - limited cross-country comparability,LUX,7_1_DEP,2008
definition_differs,info,Definition differs - limited cross-country comparability,LUX,7_1_DEP,2010
definition_differs,info,Definition differs - limited cross-country comparability,NOR,7_1_DEP,2008
definition_differs,info,Definition differs - limited cross-country comparability,CRI,7_1_DEP,2007
definition_differs,info,Definition differs - limited cross-country comparability,CRI,7_1_DEP,2009
definition_differs,info,Definition differs - limited cross-country comparability,CRI,7_1_DEP,2010
definition_differs,info,Definition differs - limited cross-country comparability,CZE,7_1_DEP,2006
definition_differs,info,Definition differs - limited cross-country comparability,CZE,7_1_DEP,2007
definition_differs,info,Definition differs - limited cross-country comparability,CZE,7_1_DEP,2009
definition_differs,info,Definition differs - limited cross-country comparability,CZE,7_1_DEP,2010
definition_differs,info,Definition differs - limited cross-country comparability,CZE,7_1_DEP,2016
definition_differs,info,Definition differs - limited cross-country comparability,CZE,7_1_DEP,2017
definition_differs,info,Definition differs - limited cross-country comparability,CZE,7_1_DEP,2018
definition_differs,info,Definition differs - limited cross-country comparability,CZE,7_1_DEP,2020
definition_differs,info,Definition differs - limited cross-country comparability,EST,7_1_DEP,2006
definition_differs,info,Definition differs - limited cross-country comparability,EST,7_1_DEP,2007
definition_differs,info,Definition differs - limited cross-country comparability,EST,7_1_DEP,2008
definition_differs,info,Definition differs - limited cross-country comparability,EST,7_1_DEP,2009
definition_differs,info,Definition differs - limited cross-country comparability,FIN,7_1_DEP,2008
definition_differs,info,Definition differs - limited cross-country comparability,FIN,7_1_DEP,2010
definition_differs,info,Definition differs - limited cross-country comparability,GRC,7_1_DEP,2007
definition_differs,info,Definition differs - limited cross-country comparability,GRC,7_1_DEP,2009
definition_differs,info,Definition differs - limited cross-country comparability,GRC,7_1_DEP,2010
definition_differs,info,Definition differs - limited cross-country comparability,HUN,7_1_DEP,2006
definition_differs,info,Definition differs - limited cross-country comparability,HUN,7_1_DEP,2007
definition_differs,info,Definition differs - limited cross-country comparability,HUN,7_1_DEP,2008
definition_differs,info,Definition differs - limited cross-country comparability,HUN,7_1_DEP,2010
definition_differs,info,Definition differs - limited cross-country comparability,ISL,7_1_DEP,2008
definition_differs,info,Definition differs - limited cross-country comparability,ISL,7_1_DEP,2012
definition_differs,info,Definition differs - limited cross-country comparability,ISL,7_1_DEP,2013
definition_differs,info,Definition differs - limited cross-country comparability,ISL,7_1_DEP,2015
definition_differs,info,Definition differs - limited cross-country comparability,ISL,7_1_DEP,2016
definition_differs,info,Definition differs - limited cross-country comparability,ISL,7_1_DEP,2017
definition_differs,info,Definition differs - limited cross-country comparability,ISL,7_1_DEP,2019
definition_differs,info,Definition differs - limited cross-country comparability,ISL,7_1_DEP,2020
definition_differs,info,Definition differs - limited cross-country comparability,LVA,7_1_DEP,2006
definition_differs,info,Definition differs - limited cross-country comparability,LVA,7_1_DEP,2007
definition_differs,info,Definition differs - limited cross-country comparability,LVA,7_1_DEP,2008
definition_differs,info,Definition differs - limited cross-country comparability,LVA,7_1_DEP,2009
definition_differs,info,Definition differs - limited cross-country comparability,LUX,7_1_DEP,2008
definition_differs,info,Definition differs - limited cross-country comparability,LUX,7_1_DEP,2010
definition_differs,info,Definition differs - limited cross-country comparability,NLD,7_1_DEP,2008
definition_differs,info,Definition differs - limited cross-country comparability,NLD,7_1_DEP,2010
definition_differs,info,Definition differs - limited cross-country comparability,NZL,7_1_DEP,2006
definition_differs,info,Definition differs - limited cross-country comparability,NZL,7_1_DEP,2007
definition_differs,info,Definition differs - limited cross-country comparability,NZL,7_1_DEP,2008
definition_differs,info,Definition differs - limited cross-country comparability,NZL,7_1_DEP,2010
definition_differs,info,Definition differs - limited cross-country comparability,NOR,7_1_DEP,2008
definition_differs,info,Definition differs - limited cross-country comparability,PRT,7_1_DEP,2006
definition_differs,info,Definition differs - limited cross-country comparability,PRT,7_1_DEP,2008
definition_differs,info,Definition differs - limited cross-country comparability,PRT,7_1_DEP,2009
definition_differs,info,Definition differs - limited cross-country comparability,PRT,7_1_DEP,2010
definition_differs,info,Definition differs - limited cross-country comparability,SVK,7_1_DEP,2006
definition_differs,info,Definition differs - limited cross-country comparability,SVK,7_1_DEP,2010
definition_differs,info,Definition differs - limited cross-country comparability,SVN,7_1_DEP,2006
definition_differs,info,Definition differs - limited cross-country comparability,SVN,7_1_DEP,2009
definition_differs,info,Definition differs - limited cross-country comparability,SVN,7_1_DEP,2010
definition_differs,info,Definition differs - limited cross-country comparability,CHE,7_1_DEP,2006
definition_differs,info,Definition differs - limited cross-country comparability,CHE,7_1_DEP,2009
definition_differs,info,Definition differs - limited cross-country comparability,CHE,7_1_DEP,2012
definition_differs,info,Definition differs - limited cross-country comparability,CHE,7_1_DEP,2014
definition_differs,info,Definition differs - limited cross-country comparability,CHE,7_1_DEP,2015
definition_differs,info,Definition differs - limited cross-country comparability,TUR,7_1_DEP,2006
definition_differs,info,Definition differs - limited cross-country comparability,TUR,7_1_DEP,2008
definition_differs,info,Definition differs - limited cross-country comparability,TUR,7_1_DEP,2009
definition_differs,info,Definition differs - limited cross-country comparability,TUR,7_1_DEP,2010
definition_differs,info,Definition differs - limited cross-country comparability,ARG,7_1_DEP,2006
definition_differs,info,Definition differs - limited cross-country comparability,ARG,7_1_DEP,2008
definition_differs,info,Definition differs - limited cross-country comparability,ARG,7_1_DEP,2009
definition_differs,info,Definition differs - limited cross-country comparability,ARG,7_1_DEP,2010
definition_differs,info,Definition differs - limited cross-country comparability,BRA,7_1_DEP,2006
definition_differs,info,Definition differs - limited cross-country comparability,BRA,7_1_DEP,2009
definition_differs,info,Definition differs - limited cross-country comparability,BRA,7_1_DEP,2010
definition_differs,info,Definition differs - limited cross-country comparability,BGR,7_1_DEP,2006
definition_differs,info,Definition differs - limited cross-country comparability,BGR,7_1_DEP,2009
definition_differs,info,Definition differs - limited cross-country comparability,BGR,7_1_DEP,2010
definition_differs,info,Definition differs - limited cross-country comparability,HRV,7_1_DEP,2006
definition_differs,info,Definition differs - limited cross-country comparability,HRV,7_1_DEP,2009
definition_differs,info,Definition differs - limited cross-country comparability,HRV,7_1_DEP,2010
definition_differs,info,Definition differs - limited cross-country comparability,ROU,7_1_DEP,2006
definition_differs,info,Definition differs - limited cross-country comparability,ROU,7_1_DEP,2007
definition_differs,info,Definition differs - limited cross-country comparability,ROU,7_1_DEP,2009
definition_differs,info,Definition differs - limited cross-country comparability,ROU,7_1_DEP,2010
definition_differs,info,Definition differs - limited cross-country comparability,AUT,7_1_DEP,2008
definition_differs,info,Definition differs - limited cross-country comparability,AUT,7_1_DEP,2009
definition_differs,info,Definition differs - limited cross-country comparability,AUT,7_1_DEP,2010
definition_differs,info,Definition differs - limited cross-country comparability,CHL,7_1_DEP,2007
definition_differs,info,Definition differs - limited cross-country comparability,CHL,7_1_DEP,2008
definition_differs,info,Definition differs - limited cross-country comparability,CHL,7_1_DEP,2009
definition_differs,info,Definition differs - limited cross-country comparability,CHL,7_1_DEP,2010
definition_differs,info,Definition differs - limited cross-country comparability,CHL,7_1_DEP,2011
definition_differs,info,Definition differs - limited cross-country comparability,CHL,7_1_DEP,2012
definition_differs,info,Definition differs - limited cross-country comparability,CHL,7_1_DEP,2013
definition_differs,info,Definition differs - limited cross-country comparability,CHL,7_1_DEP,2014
definition_differs,info,Definition differs - limited cross-country comparability,CHL,7_1_DEP,2015
definition_differs,info,Definition differs - limited cross-country comparability,CHL,7_1_DEP,2016
definition_differs,info,Definition differs - limited cross-country comparability,CHL,7_1_DEP,2017
definition_differs,info,Definition differs - limited cross-country comparability,CHL,7_1_DEP,2018
definition_differs,info,Definition differs - limited cross-country comparability,CHL,7_1_DEP,2019
definition_differs,info,Definition differs - limited cross-country comparability,CHL,7_1_DEP,2020
definition_differs,info,Definition differs - limited cross-country comparability,CHL,7_1_DEP,2021
definition_differs,info,Definition differs - limited cross-country comparability,CHL,7_1_DEP,2022
definition_differs,info,Definition differs - limited cross-country comparability,CHL,7_1_DEP,2023
definition_differs,info,Definition differs - limited cross-country comparability,CHL,7_1_DEP,2024
definition_differs,info,Definition differs - limited cross-country comparability,CHL,7_1_DEP,2025
definition_differs,info,Definition differs - limited cross-country comparability,COL,7_1_DEP,2006
definition_differs,info,Definition differs - limited cross-country comparability,COL,7_1_DEP,2007
definition_differs,info,Definition differs - limited cross-country comparability,COL,7_1_DEP,2008
definition_differs,info,Definition differs - limited cross-country comparability,COL,7_1_DEP,2009
definition_differs,info,Definition differs - limited cross-country comparability,COL,7_1_DEP,2010
definition_differs,info,Definition differs - limited cross-country comparability,COL,7_1_DEP,2011
definition_differs,info,Definition differs - limited cross-country comparability,COL,7_1_DEP,2012
definition_differs,info,Definition differs - limited cross-country comparability,COL,7_1_DEP,2013
definition_differs,info,Definition differs - limited cross-country comparability,COL,7_1_DEP,2014
definition_differs,info,Definition differs - limited cross-country comparability,COL,7_1_DEP,2015
definition_differs,info,Definition differs - limited cross-country comparability,COL,7_1_DEP,2016
definition_differs,info,Definition differs - limited cross-country comparability,COL,7_1_DEP,2017
definition_differs,info,Definition differs - limited cross-country comparability,COL,7_1_DEP,2018
definition_differs,info,Definition differs - limited cross-country comparability,COL,7_1_DEP,2019
definition_differs,info,Definition differs - limited cross-country comparability,COL,7_1_DEP,2020
definition_differs,info,Definition differs - limited cross-country comparability,COL,7_1_DEP,2021
definition_differs,info,Definition differs - limited cross-country comparability,COL,7_1_DEP,2022
definition_differs,info,Definition differs - limited cross-country comparability,COL,7_1_DEP,2023
definition_differs,info,Definition differs - limited cross-country comparability,COL,7_1_DEP,2024
definition_differs,info,Definition differs - limited cross-country comparability,COL,7_1_DEP,2025
definition_differs,info,Definition differs - limited cross-country comparability,CRI,7_1_DEP,2011
definition_differs,info,Definition differs - limited cross-country comparability,CRI,7_1_DEP,2012
definition_differs,info,Definition differs - limited cross-country comparability,CRI,7_1_DEP,2013
definition_differs,info,Definition differs - limited cross-country comparability,CRI,7_1_DEP,2014
definition_differs,info,Definition differs - limited cross-country comparability,CRI,7_1_DEP,2015
definition_differs,info,Definition differs - limited cross-country comparability,CRI,7_1_DEP,2016
definition_differs,info,Definition differs - limited cross-country comparability,CRI,7_1_DEP,2017
definition_differs,info,Definition differs - limited cross-country comparability,CRI,7_1_DEP,2018
definition_differs,info,Definition differs - limited cross-country comparability,CRI,7_1_DEP,2019
definition_differs,info,Definition differs - limited cross-country comparability,CRI,7_1_DEP,2020
definition_differs,info,Definition differs - limited cross-country comparability,CRI,7_1_DEP,2021
definition_differs,info,Definition differs - limited cross-country comparability,CRI,7_1_DEP,2022
definition_differs,info,Definition differs - limited cross-country comparability,CRI,7_1_DEP,2023
definition_differs,info,Definition differs - limited cross-country comparability,CRI,7_1_DEP,2024
definition_differs,info,Definition differs - limited cross-country comparability,CRI,7_1_DEP,2025
definition_differs,info,Definition differs - limited cross-country comparability,CZE,7_1_DEP,2011
definition_differs,info,Definition differs - limited cross-country comparability,CZE,7_1_DEP,2012
definition_differs,info,Definition differs - limited cross-country comparability,CZE,7_1_DEP,2013
definition_differs,info,Definition differs - limited cross-country comparability,CZE,7_1_DEP,2014
definition_differs,info,Definition differs - limited cross-country comparability,CZE,7_1_DEP,2015
definition_differs,info,Definition differs - limited cross-country comparability,DNK,7_1_DEP,2007
definition_differs,info,Definition differs - limited cross-country comparability,DNK,7_1_DEP,2008
definition_differs,info,Definition differs - limited cross-country comparability,DNK,7_1_DEP,2009
definition_differs,info,Definition differs - limited cross-country comparability,DNK,7_1_DEP,2010
definition_differs,info,Definition differs - limited cross-country comparability,DNK,7_1_DEP,2011
definition_differs,info,Definition differs - limited cross-country comparability,DNK,7_1_DEP,2012
definition_differs,info,Definition differs - limited cross-country comparability,DNK,7_1_DEP,2013
definition_differs,info,Definition differs - limited cross-country comparability,DNK,7_1_DEP,2014
definition_differs,info,Definition differs - limited cross-country comparability,DNK,7_1_DEP,2015
definition_differs,info,Definition differs - limited cross-country comparability,FIN,7_1_DEP,2011
definition_differs,info,Definition differs - limited cross-country comparability,FIN,7_1_DEP,2012
definition_differs,info,Definition differs - limited cross-country comparability,FIN,7_1_DEP,2013
definition_differs,info,Definition differs - limited cross-country comparability,FIN,7_1_DEP,2014
definition_differs,info,Definition differs - limited cross-country comparability,FIN,7_1_DEP,2015
definition_differs,info,Definition differs - limited cross-country comparability,FIN,7_1_DEP,2016
definition_differs,info,Definition differs - limited cross-country comparability,FIN,7_1_DEP,2017
definition_differs,info,Definition differs - limited cross-country comparability,FIN,7_1_DEP,2018
definition_differs,info,Definition differs - limited cross-country comparability,FIN,7_1_DEP,2019
definition_differs,info,Definition differs - limited cross-country comparability,FIN,7_1_DEP,2020
definition_differs,info,Definition differs - limited cross-country comparability,FRA,7_1_DEP,2008
definition_differs,info,Definition differs - limited cross-country comparability,FRA,7_1_DEP,2009
definition_differs,info,Definition differs - limited cross-country comparability,FRA,7_1_DEP,2010
definition_differs,info,Definition differs - limited cross-country comparability,DEU,7_1_DEP,2007
definition_differs,info,Definition differs - limited cross-country comparability,DEU,7_1_DEP,2008
definition_differs,info,Definition differs - limited cross-country comparability,DEU,7_1_DEP,2009
definition_differs,info,Definition differs - limited cross-country comparability,DEU,7_1_DEP,2010
definition_differs,info,Definition differs - limited cross-country comparability,GRC,7_1_DEP,2011
definition_differs,info,Definition differs - limited cross-country comparability,GRC,7_1_DEP,2012
definition_differs,info,Definition differs - limited cross-country comparability,GRC,7_1_DEP,2013
definition_differs,info,Definition differs - limited cross-country comparability,GRC,7_1_DEP,2014
definition_differs,info,Definition differs - limited cross-country comparability,GRC,7_1_DEP,2015
definition_differs,info,Definition differs - limited cross-country comparability,HUN,7_1_DEP,2011
definition_differs,info,Definition differs - limited cross-country comparability,HUN,7_1_DEP,2012
definition_differs,info,Definition differs - limited cross-country comparability,HUN,7_1_DEP,2013
definition_differs,info,Definition differs - limited cross-country comparability,HUN,7_1_DEP,2014
definition_differs,info,Definition differs - limited cross-country comparability,HUN,7_1_DEP,2015
definition_differs,info,Definition differs - limited cross-country comparability,IRL,7_1_DEP,2008
definition_differs,info,Definition differs - limited cross-country comparability,IRL,7_1_DEP,2009
definition_differs,info,Definition differs - limited cross-country comparability,IRL,7_1_DEP,2010
definition_differs,info,Definition differs - limited cross-country comparability,ITA,7_1_DEP,2008
definition_differs,info,Definition differs - limited cross-country comparability,ITA,7_1_DEP,2009
definition_differs,info,Definition differs - limited cross-country comparability,ITA,7_1_DEP,2010
definition_differs,info,Definition differs - limited cross-country comparability,ITA,7_1_DEP,2011
definition_differs,info,Definition differs - limited cross-country comparability,ITA,7_1_DEP,2012
definition_differs,info,Definition differs - limited cross-country comparability,ITA,7_1_DEP,2013
definition_differs,info,Definition differs - limited cross-country comparability,ITA,7_1_DEP,2014
definition_differs,info,Definition differs - limited cross-country comparability,ITA,7_1_DEP,2015
definition_differs,info,Definition differs - limited cross-country comparability,ITA,7_1_DEP,2016
definition_differs,info,Definition differs - limited cross-country comparability,ITA,7_1_DEP,2017
definition_differs,info,Definition differs - limited cross-country comparability,ITA,7_1_DEP,2018
definition_differs,info,Definition differs - limited cross-country comparability,ITA,7_1_DEP,2019
definition_differs,info,Definition differs - limited cross-country comparability,ITA,7_1_DEP,2020
definition_differs,info,Definition differs - limited cross-country comparability,LTU,7_1_DEP,2006
definition_differs,info,Definition differs - limited cross-country comparability,LTU,7_1_DEP,2007
definition_differs,info,Definition differs - limited cross-country comparability,LTU,7_1_DEP,2008
definition_differs,info,Definition differs - limited cross-country comparability,LTU,7_1_DEP,2009
definition_differs,info,Definition differs - limited cross-country comparability,LTU,7_1_DEP,2010
definition_differs,info,Definition differs - limited cross-country comparability,LTU,7_1_DEP,2011
definition_differs,info,Definition differs - limited cross-country comparability,LTU,7_1_DEP,2012
definition_differs,info,Definition differs - limited cross-country comparability,LTU,7_1_DEP,2013
definition_differs,info,Definition differs - limited cross-country comparability,LTU,7_1_DEP,2014
definition_differs,info,Definition differs - limited cross-country comparability,LTU,7_1_DEP,2015
definition_differs,info,Definition differs - limited cross-country comparability,MEX,7_1_DEP,2007
definition_differs,info,Definition differs - limited cross-country comparability,MEX,7_1_DEP,2008
definition_differs,info,Definition differs - limited cross-country comparability,MEX,7_1_DEP,2009
definition_differs,info,Definition differs - limited cross-country comparability,MEX,7_1_DEP,2010
definition_differs,info,Definition differs - limited cross-country comparability,MEX,7_1_DEP,2011
definition_differs,info,Definition differs - limited cross-country comparability,MEX,7_1_DEP,2012
definition_differs,info,Definition differs - limited cross-country comparability,MEX,7_1_DEP,2013
definition_differs,info,Definition differs - limited cross-country comparability,MEX,7_1_DEP,2014
definition_differs,info,Definition differs - limited cross-country comparability,MEX,7_1_DEP,2015
definition_differs,info,Definition differs - limited cross-country comparability,MEX,7_1_DEP,2016
definition_differs,info,Definition differs - limited cross-country comparability,MEX,7_1_DEP,2017
definition_differs,info,Definition differs - limited cross-country comparability,MEX,7_1_DEP,2018
definition_differs,info,Definition differs - limited cross-country comparability,MEX,7_1_DEP,2019
definition_differs,info,Definition differs - limited cross-country comparability,MEX,7_1_DEP,2020
definition_differs,info,Definition differs - limited cross-country comparability,MEX,7_1_DEP,2021
definition_differs,info,Definition differs - limited cross-country comparability,MEX,7_1_DEP,2022
definition_differs,info,Definition differs - limited cross-country comparability,MEX,7_1_DEP,2023
definition_differs,info,Definition differs - limited cross-country comparability,MEX,7_1_DEP,2024
definition_differs,info,Definition differs - limited cross-country comparability,MEX,7_1_DEP,2025
definition_differs,info,Definition differs - limited cross-country comparability,POL,7_1_DEP,2006
definition_differs,info,Definition differs - limited cross-country comparability,POL,7_1_DEP,2007
definition_differs,info,Definition differs - limited cross-country comparability,POL,7_1_DEP,2008
definition_differs,info,Definition differs - limited cross-country comparability,POL,7_1_DEP,2009
definition_differs,info,Definition differs - limited cross-country comparability,POL,7_1_DEP,2010
definition_differs,info,Definition differs - limited cross-country comparability,SVK,7_1_DEP,2011
definition_differs,info,Definition differs - limited cross-country comparability,SVK,7_1_DEP,2012
definition_differs,info,Definition differs - limited cross-country comparability,SVK,7_1_DEP,2013
definition_differs,info,Definition differs - limited cross-country comparability,SVK,7_1_DEP,2014
definition_differs,info,Definition differs - limited cross-country comparability,SVK,7_1_DEP,2015
definition_differs,info,Definition differs - limited cross-country comparability,SVN,7_1_DEP,2011
definition_differs,info,Definition differs - limited cross-country comparability,SVN,7_1_DEP,2012
definition_differs,info,Definition differs - limited cross-country comparability,SVN,7_1_DEP,2013
definition_differs,info,Definition differs - limited cross-country comparability,SVN,7_1_DEP,2014
definition_differs,info,Definition differs - limited cross-country comparability,SVN,7_1_DEP,2015
definition_differs,info,Definition differs - limited cross-country comparability,ESP,7_1_DEP,2008
definition_differs,info,Definition differs - limited cross-country comparability,ESP,7_1_DEP,2009
definition_differs,info,Definition differs - limited cross-country comparability,ESP,7_1_DEP,2010
definition_differs,info,Definition differs - limited cross-country comparability,ESP,7_1_DEP,2011
definition_differs,info,Definition differs - limited cross-country comparability,ESP,7_1_DEP,2012
definition_differs,info,Definition differs - limited cross-country comparability,ESP,7_1_DEP,2013
definition_differs,info,Definition differs - limited cross-country comparability,ESP,7_1_DEP,2014
definition_differs,info,Definition differs - limited cross-country comparability,ESP,7_1_DEP,2015
definition_differs,info,Definition differs - limited cross-country comparability,ESP,7_1_DEP,2016
definition_differs,info,Definition differs - limited cross-country comparability,ESP,7_1_DEP,2017
definition_differs,info,Definition differs - limited cross-country comparability,ESP,7_1_DEP,2018
definition_differs,info,Definition differs - limited cross-country comparability,ESP,7_1_DEP,2019
definition_differs,info,Definition differs - limited cross-country comparability,ESP,7_1_DEP,2020
definition_differs,info,Definition differs - limited cross-country comparability,ESP,7_1_DEP,2021
definition_differs,info,Definition differs - limited cross-country comparability,ESP,7_1_DEP,2022
definition_differs,info,Definition differs - limited cross-country comparability,ESP,7_1_DEP,2023
definition_differs,info,Definition differs - limited cross-country comparability,ESP,7_1_DEP,2024
definition_differs,info,Definition differs - limited cross-country comparability,ESP,7_1_DEP,2025
definition_differs,info,Definition differs - limited cross-country comparability,TUR,7_1_DEP,2011
definition_differs,info,Definition differs - limited cross-country comparability,TUR,7_1_DEP,2012
definition_differs,info,Definition differs - limited cross-country comparability,TUR,7_1_DEP,2013
definition_differs,info,Definition differs - limited cross-country comparability,TUR,7_1_DEP,2014
definition_differs,info,Definition differs - limited cross-country comparability,TUR,7_1_DEP,2015
definition_differs,info,Definition differs - limited cross-country comparability,ARG,7_1_DEP,2011
definition_differs,info,Definition differs - limited cross-country comparability,ARG,7_1_DEP,2012
definition_differs,info,Definition differs - limited cross-country comparability,ARG,7_1_DEP,2013
definition_differs,info,Definition differs - limited cross-country comparability,ARG,7_1_DEP,2014
definition_differs,info,Definition differs - limited cross-country comparability,ARG,7_1_DEP,2015
definition_differs,info,Definition differs - limited cross-country comparability,ARG,7_1_DEP,2016
definition_differs,info,Definition differs - limited cross-country comparability,ARG,7_1_DEP,2017
definition_differs,info,Definition differs - limited cross-country comparability,ARG,7_1_DEP,2018
definition_differs,info,Definition differs - limited cross-country comparability,ARG,7_1_DEP,2019
definition_differs,info,Definition differs - limited cross-country comparability,ARG,7_1_DEP,2020
definition_differs,info,Definition differs - limited cross-country comparability,ARG,7_1_DEP,2021
definition_differs,info,Definition differs - limited cross-country comparability,ARG,7_1_DEP,2022
definition_differs,info,Definition differs - limited cross-country comparability,ARG,7_1_DEP,2023
definition_differs,info,Definition differs - limited cross-country comparability,ARG,7_1_DEP,2024
definition_differs,info,Definition differs - limited cross-country comparability,ARG,7_1_DEP,2025
definition_differs,info,Definition differs - limited cross-country comparability,BRA,7_1_DEP,2011
definition_differs,info,Definition differs - limited cross-country comparability,BRA,7_1_DEP,2012
definition_differs,info,Definition differs - limited cross-country comparability,BRA,7_1_DEP,2013
definition_differs,info,Definition differs - limited cross-country comparability,BRA,7_1_DEP,2014
definition_differs,info,Definition differs - limited cross-country comparability,BRA,7_1_DEP,2015
definition_differs,info,Definition differs - limited cross-country comparability,BRA,7_1_DEP,2016
definition_differs,info,Definition differs - limited cross-country comparability,BRA,7_1_DEP,2017
definition_differs,info,Definition differs - limited cross-country comparability,BRA,7_1_DEP,2018
definition_differs,info,Definition differs - limited cross-country comparability,BRA,7_1_DEP,2019
definition_differs,info,Definition differs - limited cross-country comparability,BRA,7_1_DEP,2020
definition_differs,info,Definition differs - limited cross-country comparability,BRA,7_1_DEP,2021
definition_differs,info,Definition differs - limited cross-country comparability,BRA,7_1_DEP,2022
definition_differs,info,Definition differs - limited cross-country comparability,BRA,7_1_DEP,2023
definition_differs,info,Definition differs - limited cross-country comparability,BRA,7_1_DEP,2024
definition_differs,info,Definition differs - limited cross-country comparability,BRA,7_1_DEP,2025
definition_differs,info,Definition differs - limited cross-country comparability,HRV,7_1_DEP,2011
definition_differs,info,Definition differs - limited cross-country comparability,HRV,7_1_DEP,2012
definition_differs,info,Definition differs - limited cross-country comparability,HRV,7_1_DEP,2013
definition_differs,info,Definition differs - limited cross-country comparability,HRV,7_1_DEP,2014
definition_differs,info,Definition differs - limited cross-country comparability,HRV,7_1_DEP,2015
definition_differs,info,Definition differs - limited cross-country comparability,IDN,7_1_DEP,2006
definition_differs,info,Definition differs - limited cross-country comparability,IDN,7_1_DEP,2007
definition_differs,info,Definition differs - limited cross-country comparability,IDN,7_1_DEP,2008
definition_differs,info,Definition differs - limited cross-country comparability,IDN,7_1_DEP,2009
definition_differs,info,Definition differs - limited cross-country comparability,IDN,7_1_DEP,2010
definition_differs,info,Definition differs - limited cross-country comparability,IDN,7_1_DEP,2011
definition_differs,info,Definition differs - limited cross-country comparability,IDN,7_1_DEP,2012
definition_differs,info,Definition differs - limited cross-country comparability,IDN,7_1_DEP,2013
definition_differs,info,Definition differs - limited cross-country comparability,IDN,7_1_DEP,2014
definition_differs,info,Definition differs - limited cross-country comparability,IDN,7_1_DEP,2015
definition_differs,info,Definition differs - limited cross-country comparability,IDN,7_1_DEP,2016
definition_differs,info,Definition differs - limited cross-country comparability,IDN,7_1_DEP,2017
definition_differs,info,Definition differs - limited cross-country comparability,IDN,7_1_DEP,2018
definition_differs,info,Definition differs - limited cross-country comparability,IDN,7_1_DEP,2019
definition_differs,info,Definition differs - limited cross-country comparability,IDN,7_1_DEP,2020
definition_differs,info,Definition differs - limited cross-country comparability,IDN,7_1_DEP,2021
definition_differs,info,Definition differs - limited cross-country comparability,IDN,7_1_DEP,2022
definition_differs,info,Definition differs - limited cross-country comparability,IDN,7_1_DEP,2023
definition_differs,info,Definition differs - limited cross-country comparability,IDN,7_1_DEP,2024
definition_differs,info,Definition differs - limited cross-country comparability,IDN,7_1_DEP,2025
definition_differs,info,Definition differs - limited cross-country comparability,PER,7_1_DEP,2007
definition_differs,info,Definition differs - limited cross-country comparability,PER,7_1_DEP,2008
definition_differs,info,Definition differs - limited cross-country comparability,PER,7_1_DEP,2009
definition_differs,info,Definition differs - limited cross-country comparability,PER,7_1_DEP,2010
definition_differs,info,Definition differs - limited cross-country comparability,PER,7_1_DEP,2011
definition_differs,info,Definition differs - limited cross-country comparability,PER,7_1_DEP,2012
definition_differs,info,Definition differs - limited cross-country comparability,PER,7_1_DEP,2013
definition_differs,info,Definition differs - limited cross-country comparability,PER,7_1_DEP,2014
definition_differs,info,Definition differs - limited cross-country comparability,PER,7_1_DEP,2015
definition_differs,info,Definition differs - limited cross-country comparability,PER,7_1_DEP,2016
definition_differs,info,Definition differs - limited cross-country comparability,PER,7_1_DEP,2017
definition_differs,info,Definition differs - limited cross-country comparability,PER,7_1_DEP,2018
definition_differs,info,Definition differs - limited cross-country comparability,PER,7_1_DEP,2019
definition_differs,info,Definition differs - limited cross-country comparability,PER,7_1_DEP,2020
definition_differs,info,Definition differs - limited cross-country comparability,PER,7_1_DEP,2021
definition_differs,info,Definition differs - limited cross-country comparability,PER,7_1_DEP,2022
definition_differs,info,Definition differs - limited cross-country comparability,PER,7_1_DEP,2023
definition_differs,info,Definition differs - limited cross-country comparability,PER,7_1_DEP,2024
definition_differs,info,Definition differs - limited cross-country comparability,PER,7_1_DEP,2025
definition_differs,info,Definition differs - limited cross-country comparability,ROU,7_1_DEP,2011
definition_differs,info,Definition differs - limited cross-country comparability,ROU,7_1_DEP,2012
definition_differs,info,Definition differs - limited cross-country comparability,ROU,7_1_DEP,2013
definition_differs,info,Definition differs - limited cross-country comparability,ROU,7_1_DEP,2014
definition_differs,info,Definition differs - limited cross-country comparability,ROU,7_1_DEP,2015
definition_differs,info,Definition differs - limited cross-country comparability,ROU,7_1_DEP,2016
definition_differs,info,Definition differs - limited cross-country comparability,ROU,7_1_DEP,2017
definition_differs,info,Definition differs - limited cross-country comparability,ROU,7_1_DEP,2018
definition_differs,info,Definition differs - limited cross-country comparability,ROU,7_1_DEP,2019
definition_differs,info,Definition differs - limited cross-country comparability,ROU,7_1_DEP,2020
definition_differs,info,Definition differs - limited cross-country comparability,ZAF,7_1_DEP,2006
definition_differs,info,Definition differs - limited cross-country comparability,ZAF,7_1_DEP,2007
definition_differs,info,Definition differs - limited cross-country comparability,ZAF,7_1_DEP,2008
definition_differs,info,Definition differs - limited cross-country comparability,ZAF,7_1_DEP,2009
definition_differs,info,Definition differs - limited cross-country comparability,ZAF,7_1_DEP,2010
definition_differs,info,Definition differs - limited cross-country comparability,ZAF,7_1_DEP,2011
definition_differs,info,Definition differs - limited cross-country comparability,ZAF,7_1_DEP,2012
definition_differs,info,Definition differs - limited cross-country comparability,ZAF,7_1_DEP,2013
definition_differs,info,Definition differs - limited cross-country comparability,ZAF,7_1_DEP,2014
definition_differs,info,Definition differs - limited cross-country comparability,ZAF,7_1_DEP,2015
definition_differs,info,Definition differs - limited cross-country comparability,ZAF,7_1_DEP,2016
definition_differs,info,Definition differs - limited cross-country comparability,ZAF,7_1_DEP,2017
definition_differs,info,Definition differs - limited cross-country comparability,ZAF,7_1_DEP,2018
definition_differs,info,Definition differs - limited cross-country comparability,ZAF,7_1_DEP,2019
definition_differs,info,Definition differs - limited cross-country comparability,ZAF,7_1_DEP,2020
definition_differs,info,Definition differs - limited cross-country comparability,ZAF,7_1_DEP,2021
definition_differs,info,Definition differs - limited cross-country comparability,ZAF,7_1_DEP,2022
definition_differs,info,Definition differs - limited cross-country comparability,ZAF,7_1_DEP,2023
definition_differs,info,Definition differs - limited cross-country comparability,ZAF,7_1_DEP,2024
definition_differs,info,Definition differs - limited cross-country comparability,ZAF,7_1_DEP,2025
definition_differs,info,Definition differs - limited cross-country comparability,THA,7_1_DEP,2008
definition_differs,info,Definition differs - limited cross-country comparability,THA,7_1_DEP,2009
definition_differs,info,Definition differs - limited cross-country comparability,THA,7_1_DEP,2010
definition_differs,info,Definition differs - limited cross-country comparability,THA,7_1_DEP,2011
definition_differs,info,Definition differs - limited cross-country comparability,THA,7_1_DEP,2012
definition_differs,info,Definition differs - limited cross-country comparability,THA,7_1_DEP,2013
definition_differs,info,Definition differs - limited cross-country comparability,THA,7_1_DEP,2014
definition_differs,info,Definition differs - limited cross-country comparability,THA,7_1_DEP,2015
definition_differs,info,Definition differs - limited cross-country comparability,THA,7_1_DEP,2021
definition_differs,info,Definition differs - limited cross-country comparability,THA,7_1_DEP,2022
definition_differs,info,Definition differs - limited cross-country comparability,THA,7_1_DEP,2023
definition_differs,info,Definition differs - limited cross-country comparability,THA,7_1_DEP,2024
definition_differs,info,Definition differs - limited cross-country comparability,THA,7_1_DEP,2025
definition_differs,info,Definition differs - limited cross-country comparability,AUT,7_1,2008
definition_differs,info,Definition differs - limited cross-country comparability,AUT,7_1,2009
definition_differs,info,Definition differs - limited cross-country comparability,AUT,7_1,2010
definition_differs,info,Definition differs - limited cross-country comparability,CHL,7_1,2007
definition_differs,info,Definition differs - limited cross-country comparability,CHL,7_1,2008
definition_differs,info,Definition differs - limited cross-country comparability,CHL,7_1,2009
definition_differs,info,Definition differs - limited cross-country comparability,CHL,7_1,2010
definition_differs,info,Definition differs - limited cross-country comparability,CHL,7_1,2011
definition_differs,info,Definition differs - limited cross-country comparability,CHL,7_1,2012
definition_differs,info,Definition differs - limited cross-country comparability,CHL,7_1,2013
definition_differs,info,Definition differs - limited cross-country comparability,CHL,7_1,2014
definition_differs,info,Definition differs - limited cross-country comparability,CHL,7_1,2015
definition_differs,info,Definition differs - limited cross-country comparability,CHL,7_1,2016
definition_differs,info,Definition differs - limited cross-country comparability,CHL,7_1,2017
definition_differs,info,Definition differs - limited cross-country comparability,CHL,7_1,2018
definition_differs,info,Definition differs - limited cross-country comparability,CHL,7_1,2019
definition_differs,info,Definition differs - limited cross-country comparability,CHL,7_1,2020
definition_differs,info,Definition differs - limited cross-country comparability,CHL,7_1,2021
definition_differs,info,Definition differs - limited cross-country comparability,CHL,7_1,2022
definition_differs,info,Definition differs - limited cross-country comparability,CHL,7_1,2023
definition_differs,info,Definition differs - limited cross-country comparability,CHL,7_1,2024
definition_differs,info,Definition differs - limited cross-country comparability,CHL,7_1,2025
definition_differs,info,Definition differs - limited cross-country comparability,COL,7_1,2006
definition_differs,info,Definition differs - limited cross-country comparability,COL,7_1,2007
definition_differs,info,Definition differs - limited cross-country comparability,COL,7_1,2008
definition_differs,info,Definition differs - limited cross-country comparability,COL,7_1,2009
definition_differs,info,Definition differs - limited cross-country comparability,COL,7_1,2010
definition_differs,info,Definition differs - limited cross-country comparability,COL,7_1,2011
definition_differs,info,Definition differs - limited cross-country comparability,COL,7_1,2012
definition_differs,info,Definition differs - limited cross-country comparability,COL,7_1,2013
definition_differs,info,Definition differs - limited cross-country comparability,COL,7_1,2014
definition_differs,info,Definition differs - limited cross-country comparability,COL,7_1,2015
definition_differs,info,Definition differs - limited cross-country comparability,COL,7_1,2016
definition_differs,info,Definition differs - limited cross-country comparability,COL,7_1,2017
definition_differs,info,Definition differs - limited cross-country comparability,COL,7_1,2018
definition_differs,info,Definition differs - limited cross-country comparability,COL,7_1,2019
definition_differs,info,Definition differs - limited cross-country comparability,COL,7_1,2020
definition_differs,info,Definition differs - limited cross-country comparability,COL,7_1,2021
definition_differs,info,Definition differs - limited cross-country comparability,COL,7_1,2022
definition_differs,info,Definition differs - limited cross-country comparability,COL,7_1,2023
definition_differs,info,Definition differs - limited cross-country comparability,COL,7_1,2024
definition_differs,info,Definition differs - limited cross-country comparability,COL,7_1,2025
definition_differs,info,Definition differs - limited cross-country comparability,CRI,7_1,2011
definition_differs,info,Definition differs - limited cross-country comparability,CRI,7_1,2012
definition_differs,info,Definition differs - limited cross-country comparability,CRI,7_1,2013
definition_differs,info,Definition differs - limited cross-country comparability,CRI,7_1,2014
definition_differs,info,Definition differs - limited cross-country comparability,CRI,7_1,2015
definition_differs,info,Definition differs - limited cross-country comparability,CRI,7_1,2016
definition_differs,info,Definition differs - limited cross-country comparability,CRI,7_1,2017
definition_differs,info,Definition differs - limited cross-country comparability,CRI,7_1,2018
definition_differs,info,Definition differs - limited cross-country comparability,CRI,7_1,2019
definition_differs,info,Definition differs - limited cross-country comparability,CRI,7_1,2020
definition_differs,info,Definition differs - limited cross-country comparability,CRI,7_1,2021
definition_differs,info,Definition differs - limited cross-country comparability,CRI,7_1,2022
definition_differs,info,Definition differs - limited cross-country comparability,CRI,7_1,2023
definition_differs,info,Definition differs - limited cross-country comparability,CRI,7_1,2024
definition_differs,info,Definition differs - limited cross-country comparability,CRI,7_1,2025
definition_differs,info,Definition differs - limited cross-country comparability,CZE,7_1,2011
definition_differs,info,Definition differs - limited cross-country comparability,CZE,7_1,2012
definition_differs,info,Definition differs - limited cross-country comparability,CZE,7_1,2013
definition_differs,info,Definition differs - limited cross-country comparability,CZE,7_1,2014
definition_differs,info,Definition differs - limited cross-country comparability,CZE,7_1,2015
definition_differs,info,Definition differs - limited cross-country comparability,DNK,7_1,2007
definition_differs,info,Definition differs - limited cross-country comparability,DNK,7_1,2008
definition_differs,info,Definition differs - limited cross-country comparability,DNK,7_1,2009
definition_differs,info,Definition differs - limited cross-country comparability,DNK,7_1,2010
definition_differs,info,Definition differs - limited cross-country comparability,DNK,7_1,2011
definition_differs,info,Definition differs - limited cross-country comparability,DNK,7_1,2012
definition_differs,info,Definition differs - limited cross-country comparability,DNK,7_1,2013
definition_differs,info,Definition differs - limited cross-country comparability,DNK,7_1,2014
definition_differs,info,Definition differs - limited cross-country comparability,DNK,7_1,2015
definition_differs,info,Definition differs - limited cross-country comparability,FIN,7_1,2011
definition_differs,info,Definition differs - limited cross-country comparability,FIN,7_1,2012
definition_differs,info,Definition differs - limited cross-country comparability,FIN,7_1,2013
definition_differs,info,Definition differs - limited cross-country comparability,FIN,7_1,2014
definition_differs,info,Definition differs - limited cross-country comparability,FIN,7_1,2015
definition_differs,info,Definition differs - limited cross-country comparability,FIN,7_1,2016
definition_differs,info,Definition differs - limited cross-country comparability,FIN,7_1,2017
definition_differs,info,Definition differs - limited cross-country comparability,FIN,7_1,2018
definition_differs,info,Definition differs - limited cross-country comparability,FIN,7_1,2019
definition_differs,info,Definition differs - limited cross-country comparability,FIN,7_1,2020
definition_differs,info,Definition differs - limited cross-country comparability,FRA,7_1,2008
definition_differs,info,Definition differs - limited cross-country comparability,FRA,7_1,2009
definition_differs,info,Definition differs - limited cross-country comparability,FRA,7_1,2010
definition_differs,info,Definition differs - limited cross-country comparability,DEU,7_1,2007
definition_differs,info,Definition differs - limited cross-country comparability,DEU,7_1,2008
definition_differs,info,Definition differs - limited cross-country comparability,DEU,7_1,2009
definition_differs,info,Definition differs - limited cross-country comparability,DEU,7_1,2010
definition_differs,info,Definition differs - limited cross-country comparability,GRC,7_1,2011
definition_differs,info,Definition differs - limited cross-country comparability,GRC,7_1,2012
definition_differs,info,Definition differs - limited cross-country comparability,GRC,7_1,2013
definition_differs,info,Definition differs - limited cross-country comparability,GRC,7_1,2014
definition_differs,info,Definition differs - limited cross-country comparability,GRC,7_1,2015
definition_differs,info,Definition differs - limited cross-country comparability,HUN,7_1,2011
definition_differs,info,Definition differs - limited cross-country comparability,HUN,7_1,2012
definition_differs,info,Definition differs - limited cross-country comparability,HUN,7_1,2013
definition_differs,info,Definition differs - limited cross-country comparability,HUN,7_1,2014
definition_differs,info,Definition differs - limited cross-country comparability,HUN,7_1,2015
definition_differs,info,Definition differs - limited cross-country comparability,IRL,7_1,2008
definition_differs,info,Definition differs - limited cross-country comparability,IRL,7_1,2009
definition_differs,info,Definition differs - limited cross-country comparability,IRL,7_1,2010
definition_differs,info,Definition differs - limited cross-country comparability,ITA,7_1,2008
definition_differs,info,Definition differs - limited cross-country comparability,ITA,7_1,2009
definition_differs,info,Definition differs - limited cross-country comparability,ITA,7_1,2010
definition_differs,info,Definition differs - limited cross-country comparability,ITA,7_1,2011
definition_differs,info,Definition differs - limited cross-country comparability,ITA,7_1,2012
definition_differs,info,Definition differs - limited cross-country comparability,ITA,7_1,2013
definition_differs,info,Definition differs - limited cross-country comparability,ITA,7_1,2014
definition_differs,info,Definition differs - limited cross-country comparability,ITA,7_1,2015
definition_differs,info,Definition differs - limited cross-country comparability,ITA,7_1,2016
definition_differs,info,Definition differs - limited cross-country comparability,ITA,7_1,2017
definition_differs,info,Definition differs - limited cross-country comparability,ITA,7_1,2018
definition_differs,info,Definition differs - limited cross-country comparability,ITA,7_1,2019
definition_differs,info,Definition differs - limited cross-country comparability,ITA,7_1,2020
definition_differs,info,Definition differs - limited cross-country comparability,LTU,7_1,2006
definition_differs,info,Definition differs - limited cross-country comparability,LTU,7_1,2007
definition_differs,info,Definition differs - limited cross-country comparability,LTU,7_1,2008
definition_differs,info,Definition differs - limited cross-country comparability,LTU,7_1,2009
definition_differs,info,Definition differs - limited cross-country comparability,LTU,7_1,2010
definition_differs,info,Definition differs - limited cross-country comparability,LTU,7_1,2011
definition_differs,info,Definition differs - limited cross-country comparability,LTU,7_1,2012
definition_differs,info,Definition differs - limited cross-country comparability,LTU,7_1,2013
definition_differs,info,Definition differs - limited cross-country comparability,LTU,7_1,2014
definition_differs,info,Definition differs - limited cross-country comparability,LTU,7_1,2015
definition_differs,info,Definition differs - limited cross-country comparability,MEX,7_1,2007
definition_differs,info,Definition differs - limited cross-country comparability,MEX,7_1,2008
definition_differs,info,Definition differs - limited cross-country comparability,MEX,7_1,2009
definition_differs,info,Definition differs - limited cross-country comparability,MEX,7_1,2010
definition_differs,info,Definition differs - limited cross-country comparability,MEX,7_1,2011
definition_differs,info,Definition differs - limited cross-country comparability,MEX,7_1,2012
definition_differs,info,Definition differs - limited cross-country comparability,MEX,7_1,2013
definition_differs,info,Definition differs - limited cross-country comparability,MEX,7_1,2014
definition_differs,info,Definition differs - limited cross-country comparability,MEX,7_1,2015
definition_differs,info,Definition differs - limited cross-country comparability,MEX,7_1,2016
definition_differs,info,Definition differs - limited cross-country comparability,MEX,7_1,2017
definition_differs,info,Definition differs - limited cross-country comparability,MEX,7_1,2018
definition_differs,info,Definition differs - limited cross-country comparability,MEX,7_1,2019
definition_differs,info,Definition differs - limited cross-country comparability,MEX,7_1,2020
definition_differs,info,Definition differs - limited cross-country comparability,MEX,7_1,2021
definition_differs,info,Definition differs - limited cross-country comparability,MEX,7_1,2022
definition_differs,info,Definition differs - limited cross-country comparability,MEX,7_1,2023
definition_differs,info,Definition differs - limited cross-country comparability,MEX,7_1,2024
definition_differs,info,Definition differs - limited cross-country comparability,MEX,7_1,2025
definition_differs,info,Definition differs - limited cross-country comparability,POL,7_1,2006
definition_differs,info,Definition differs - limited cross-country comparability,POL,7_1,2007
definition_differs,info,Definition differs - limited cross-country comparability,POL,7_1,2008
definition_differs,info,Definition differs - limited cross-country comparability,POL,7_1,2009
definition_differs,info,Definition differs - limited cross-country comparability,POL,7_1,2010
definition_differs,info,Definition differs - limited cross-country comparability,SVK,7_1,2011
definition_differs,info,Definition differs - limited cross-country comparability,SVK,7_1,2012
definition_differs,info,Definition differs - limited cross-country comparability,SVK,7_1,2013
definition_differs,info,Definition differs - limited cross-country comparability,SVK,7_1,2014
definition_differs,info,Definition differs - limited cross-country comparability,SVK,7_1,2015
definition_differs,info,Definition differs - limited cross-country comparability,SVN,7_1,2011
definition_differs,info,Definition differs - limited cross-country comparability,SVN,7_1,2012
definition_differs,info,Definition differs - limited cross-country comparability,SVN,7_1,2013
definition_differs,info,Definition differs - limited cross-country comparability,SVN,7_1,2014
definition_differs,info,Definition differs - limited cross-country comparability,SVN,7_1,2015
definition_differs,info,Definition differs - limited cross-country comparability,ESP,7_1,2008
definition_differs,info,Definition differs - limited cross-country comparability,ESP,7_1,2009
definition_differs,info,Definition differs - limited cross-country comparability,ESP,7_1,2010
definition_differs,info,Definition differs - limited cross-country comparability,ESP,7_1,2011
definition_differs,info,Definition differs - limited cross-country comparability,ESP,7_1,2012
definition_differs,info,Definition differs - limited cross-country comparability,ESP,7_1,2013
definition_differs,info,Definition differs - limited cross-country comparability,ESP,7_1,2014
definition_differs,info,Definition differs - limited cross-country comparability,ESP,7_1,2015
definition_differs,info,Definition differs - limited cross-country comparability,ESP,7_1,2016
definition_differs,info,Definition differs - limited cross-country comparability,ESP,7_1,2017
definition_differs,info,Definition differs - limited cross-country comparability,ESP,7_1,2018
definition_differs,info,Definition differs - limited cross-country comparability,ESP,7_1,2019
definition_differs,info,Definition differs - limited cross-country comparability,ESP,7_1,2020
definition_differs,info,Definition differs - limited cross-country comparability,ESP,7_1,2021
definition_differs,info,Definition differs - limited cross-country comparability,ESP,7_1,2022
definition_differs,info,Definition differs - limited cross-country comparability,ESP,7_1,2023
definition_differs,info,Definition differs - limited cross-country comparability,ESP,7_1,2024
definition_differs,info,Definition differs - limited cross-country comparability,ESP,7_1,2025
definition_differs,info,Definition differs - limited cross-country comparability,TUR,7_1,2011
definition_differs,info,Definition differs - limited cross-country comparability,TUR,7_1,2012
definition_differs,info,Definition differs - limited cross-country comparability,TUR,7_1,2013
definition_differs,info,Definition differs - limited cross-country comparability,TUR,7_1,2014
definition_differs,info,Definition differs - limited cross-country comparability,TUR,7_1,2015
definition_differs,info,Definition differs - limited cross-country comparability,ARG,7_1,2011
definition_differs,info,Definition differs - limited cross-country comparability,ARG,7_1,2012
definition_differs,info,Definition differs - limited cross-country comparability,ARG,7_1,2013
definition_differs,info,Definition differs - limited cross-country comparability,ARG,7_1,2014
definition_differs,info,Definition differs - limited cross-country comparability,ARG,7_1,2015
definition_differs,info,Definition differs - limited cross-country comparability,ARG,7_1,2016
definition_differs,info,Definition differs - limited cross-country comparability,ARG,7_1,2017
definition_differs,info,Definition differs - limited cross-country comparability,ARG,7_1,2018
definition_differs,info,Definition differs - limited cross-country comparability,ARG,7_1,2019
definition_differs,info,Definition differs - limited cross-country comparability,ARG,7_1,2020
definition_differs,info,Definition differs - limited cross-country comparability,ARG,7_1,2021
definition_differs,info,Definition differs - limited cross-country comparability,ARG,7_1,2022
definition_differs,info,Definition differs - limited cross-country comparability,ARG,7_1,2023
definition_differs,info,Definition differs - limited cross-country comparability,ARG,7_1,2024
definition_differs,info,Definition differs - limited cross-country comparability,ARG,7_1,2025
definition_differs,info,Definition differs - limited cross-country comparability,BRA,7_1,2011
definition_differs,info,Definition differs - limited cross-country comparability,BRA,7_1,2012
definition_differs,info,Definition differs - limited cross-country comparability,BRA,7_1,2013
definition_differs,info,Definition differs - limited cross-country comparability,BRA,7_1,2014
definition_differs,info,Definition differs - limited cross-country comparability,BRA,7_1,2015
definition_differs,info,Definition differs - limited cross-country comparability,BRA,7_1,2016
definition_differs,info,Definition differs - limited cross-country comparability,BRA,7_1,2017
definition_differs,info,Definition differs - limited cross-country comparability,BRA,7_1,2018
definition_differs,info,Definition differs - limited cross-country comparability,BRA,7_1,2019
definition_differs,info,Definition differs - limited cross-country comparability,BRA,7_1,2020
definition_differs,info,Definition differs - limited cross-country comparability,BRA,7_1,2021
definition_differs,info,Definition differs - limited cross-country comparability,BRA,7_1,2022
definition_differs,info,Definition differs - limited cross-country comparability,BRA,7_1,2023
definition_differs,info,Definition differs - limited cross-country comparability,BRA,7_1,2024
definition_differs,info,Definition differs - limited cross-country comparability,BRA,7_1,2025
definition_differs,info,Definition differs - limited cross-country comparability,HRV,7_1,2011
definition_differs,info,Definition differs - limited cross-country comparability,HRV,7_1,2012
definition_differs,info,Definition differs - limited cross-country comparability,HRV,7_1,2013
definition_differs,info,Definition differs - limited cross-country comparability,HRV,7_1,2014
definition_differs,info,Definition differs - limited cross-country comparability,HRV,7_1,2015
definition_differs,info,Definition differs - limited cross-country comparability,IDN,7_1,2006
definition_differs,info,Definition differs - limited cross-country comparability,IDN,7_1,2007
definition_differs,info,Definition differs - limited cross-country comparability,IDN,7_1,2008
definition_differs,info,Definition differs - limited cross-country comparability,IDN,7_1,2009
definition_differs,info,Definition differs - limited cross-country comparability,IDN,7_1,2010
definition_differs,info,Definition differs - limited cross-country comparability,IDN,7_1,2011
definition_differs,info,Definition differs - limited cross-country comparability,IDN,7_1,2012
definition_differs,info,Definition differs - limited cross-country comparability,IDN,7_1,2013
definition_differs,info,Definition differs - limited cross-country comparability,IDN,7_1,2014
definition_differs,info,Definition differs - limited cross-country comparability,IDN,7_1,2015
definition_differs,info,Definition differs - limited cross-country comparability,IDN,7_1,2016
definition_differs,info,Definition differs - limited cross-country comparability,IDN,7_1,2017
definition_differs,info,Definition differs - limited cross-country comparability,IDN,7_1,2018
definition_differs,info,Definition differs - limited cross-country comparability,IDN,7_1,2019
definition_differs,info,Definition differs - limited cross-country comparability,IDN,7_1,2020
definition_differs,info,Definition differs - limited cross-country comparability,IDN,7_1,2021
definition_differs,info,Definition differs - limited cross-country comparability,IDN,7_1,2022
definition_differs,info,Definition differs - limited cross-country comparability,IDN,7_1,2023
definition_differs,info,Definition differs - limited cross-country comparability,IDN,7_1,2024
definition_differs,info,Definition differs - limited cross-country comparability,IDN,7_1,2025
definition_differs,info,Definition differs - limited cross-country comparability,PER,7_1,2007
definition_differs,info,Definition differs - limited cross-country comparability,PER,7_1,2008
definition_differs,info,Definition differs - limited cross-country comparability,PER,7_1,2009
definition_differs,info,Definition differs - limited cross-country comparability,PER,7_1,2010
definition_differs,info,Definition differs - limited cross-country comparability,PER,7_1,2011
definition_differs,info,Definition differs - limited cross-country comparability,PER,7_1,2012
definition_differs,info,Definition differs - limited cross-country comparability,PER,7_1,2013
definition_differs,info,Definition differs - limited cross-country comparability,PER,7_1,2014
definition_differs,info,Definition differs - limited cross-country comparability,PER,7_1,2015
definition_differs,info,Definition differs - limited cross-country comparability,PER,7_1,2016
definition_differs,info,Definition differs - limited cross-country comparability,PER,7_1,2017
definition_differs,info,Definition differs - limited cross-country comparability,PER,7_1,2018
definition_differs,info,Definition differs - limited cross-country comparability,PER,7_1,2019
definition_differs,info,Definition differs - limited cross-country comparability,PER,7_1,2020
definition_differs,info,Definition differs - limited cross-country comparability,PER,7_1,2021
definition_differs,info,Definition differs - limited cross-country comparability,PER,7_1,2022
definition_differs,info,Definition differs - limited cross-country comparability,PER,7_1,2023
definition_differs,info,Definition differs - limited cross-country comparability,PER,7_1,2024
definition_differs,info,Definition differs - limited cross-country comparability,PER,7_1,2025
definition_differs,info,Definition differs - limited cross-country comparability,ROU,7_1,2011
definition_differs,info,Definition differs - limited cross-country comparability,ROU,7_1,2012
definition_differs,info,Definition differs - limited cross-country comparability,ROU,7_1,2013
definition_differs,info,Definition differs - limited cross-country comparability,ROU,7_1,2014
definition_differs,info,Definition differs - limited cross-country comparability,ROU,7_1,2015
definition_differs,info,Definition differs - limited cross-country comparability,ROU,7_1,2016
definition_differs,info,Definition differs - limited cross-country comparability,ROU,7_1,2017
definition_differs,info,Definition differs - limited cross-country comparability,ROU,7_1,2018
definition_differs,info,Definition differs - limited cross-country comparability,ROU,7_1,2019
definition_differs,info,Definition differs - limited cross-country comparability,ROU,7_1,2020
definition_differs,info,Definition differs - limited cross-country comparability,ZAF,7_1,2006
definition_differs,info,Definition differs - limited cross-country comparability,ZAF,7_1,2007
definition_differs,info,Definition differs - limited cross-country comparability,ZAF,7_1,2008
definition_differs,info,Definition differs - limited cross-country comparability,ZAF,7_1,2009
definition_differs,info,Definition differs - limited cross-country comparability,ZAF,7_1,2010
definition_differs,info,Definition differs - limited cross-country comparability,ZAF,7_1,2011
definition_differs,info,Definition differs - limited cross-country comparability,ZAF,7_1,2012
definition_differs,info,Definition differs - limited cross-country comparability,ZAF,7_1,2013
definition_differs,info,Definition differs - limited cross-country comparability,ZAF,7_1,2014
definition_differs,info,Definition differs - limited cross-country comparability,ZAF,7_1,2015
definition_differs,info,Definition differs - limited cross-country comparability,ZAF,7_1,2016
definition_differs,info,Definition differs - limited cross-country comparability,ZAF,7_1,2017
definition_differs,info,Definition differs - limited cross-country comparability,ZAF,7_1,2018
definition_differs,info,Definition differs - limited cross-country comparability,ZAF,7_1,2019
definition_differs,info,Definition differs - limited cross-country comparability,ZAF,7_1,2020
definition_differs,info,Definition differs - limited cross-country comparability,ZAF,7_1,2021
definition_differs,info,Definition differs - limited cross-country comparability,ZAF,7_1,2022
definition_differs,info,Definition differs - limited cross-country comparability,ZAF,7_1,2023
definition_differs,info,Definition differs - limited cross-country comparability,ZAF,7_1,2024
definition_differs,info,Definition differs - limited cross-country comparability,ZAF,7_1,2025
definition_differs,info,Definition differs - limited cross-country comparability,THA,7_1,2008
definition_differs,info,Definition differs - limited cross-country comparability,THA,7_1,2009
definition_differs,info,Definition differs - limited cross-country comparability,THA,7_1,2010
definition_differs,info,Definition differs - limited cross-country comparability,THA,7_1,2011
definition_differs,info,Definition differs - limited cross-country comparability,THA,7_1,2012
definition_differs,info,Definition differs - limited cross-country comparability,THA,7_1,2013
definition_differs,info,Definition differs - limited cross-country comparability,THA,7_1,2014
definition_differs,info,Definition differs - limited cross-country comparability,THA,7_1,2015
definition_differs,info,Definition differs - limited cross-country comparability,THA,7_1,2021
definition_differs,info,Definition differs - limited cross-country comparability,THA,7_1,2022
definition_differs,info,Definition differs - limited cross-country comparability,THA,7_1,2023
definition_differs,info,Definition differs - limited cross-country comparability,THA,7_1,2024
definition_differs,info,Definition differs - limited cross-country comparability,THA,7_1,2025
definition_differs,info,Definition differs - limited cross-country comparability,CRI,7_1,2007
definition_differs,info,Definition differs - limited cross-country comparability,CRI,7_1,2009
definition_differs,info,Definition differs - limited cross-country comparability,CRI,7_1,2010
definition_differs,info,Definition differs - limited cross-country comparability,CZE,7_1,2006
definition_differs,info,Definition differs - limited cross-country comparability,CZE,7_1,2007
definition_differs,info,Definition differs - limited cross-country comparability,CZE,7_1,2009
definition_differs,info,Definition differs - limited cross-country comparability,CZE,7_1,2010
definition_differs,info,Definition differs - limited cross-country comparability,CZE,7_1,2016
definition_differs,info,Definition differs - limited cross-country comparability,CZE,7_1,2017
definition_differs,info,Definition differs - limited cross-country comparability,CZE,7_1,2018
definition_differs,info,Definition differs - limited cross-country comparability,CZE,7_1,2020
definition_differs,info,Definition differs - limited cross-country comparability,EST,7_1,2006
definition_differs,info,Definition differs - limited cross-country comparability,EST,7_1,2007
definition_differs,info,Definition differs - limited cross-country comparability,EST,7_1,2008
definition_differs,info,Definition differs - limited cross-country comparability,EST,7_1,2009
definition_differs,info,Definition differs - limited cross-country comparability,FIN,7_1,2008
definition_differs,info,Definition differs - limited cross-country comparability,FIN,7_1,2010
definition_differs,info,Definition differs - limited cross-country comparability,GRC,7_1,2007
definition_differs,info,Definition differs - limited cross-country comparability,GRC,7_1,2009
definition_differs,info,Definition differs - limited cross-country comparability,GRC,7_1,2010
definition_differs,info,Definition differs - limited cross-country comparability,HUN,7_1,2006
definition_differs,info,Definition differs - limited cross-country comparability,HUN,7_1,2007
definition_differs,info,Definition differs - limited cross-country comparability,HUN,7_1,2008
definition_differs,info,Definition differs - limited cross-country comparability,HUN,7_1,2010
definition_differs,info,Definition differs - limited cross-country comparability,ISL,7_1,2008
definition_differs,info,Definition differs - limited cross-country comparability,ISL,7_1,2012
definition_differs,info,Definition differs - limited cross-country comparability,ISL,7_1,2013
definition_differs,info,Definition differs - limited cross-country comparability,ISL,7_1,2015
definition_differs,info,Definition differs - limited cross-country comparability,ISL,7_1,2016
definition_differs,info,Definition differs - limited cross-country comparability,ISL,7_1,2017
definition_differs,info,Definition differs - limited cross-country comparability,ISL,7_1,2019
definition_differs,info,Definition differs - limited cross-country comparability,ISL,7_1,2020
definition_differs,info,Definition differs - limited cross-country comparability,LVA,7_1,2006
definition_differs,info,Definition differs - limited cross-country comparability,LVA,7_1,2007
definition_differs,info,Definition differs - limited cross-country comparability,LVA,7_1,2008
definition_differs,info,Definition differs - limited cross-country comparability,LVA,7_1,2009
definition_differs,info,Definition differs - limited cross-country comparability,LUX,7_1,2008
definition_differs,info,Definition differs - limited cross-country comparability,LUX,7_1,2010
definition_differs,info,Definition differs - limited cross-country comparability,NLD,7_1,2008
definition_differs,info,Definition differs - limited cross-country comparability,NLD,7_1,2010
definition_differs,info,Definition differs - limited cross-country comparability,NZL,7_1,2006
definition_differs,info,Definition differs - limited cross-country comparability,NZL,7_1,2007
definition_differs,info,Definition differs - limited cross-country comparability,NZL,7_1,2008
definition_differs,info,Definition differs - limited cross-country comparability,NZL,7_1,2010
definition_differs,info,Definition differs - limited cross-country comparability,NOR,7_1,2008
definition_differs,info,Definition differs - limited cross-country comparability,PRT,7_1,2006
definition_differs,info,Definition differs - limited cross-country comparability,PRT,7_1,2008
definition_differs,info,Definition differs - limited cross-country comparability,PRT,7_1,2009
definition_differs,info,Definition differs - limited cross-country comparability,PRT,7_1,2010
definition_differs,info,Definition differs - limited cross-country comparability,SVK,7_1,2006
definition_differs,info,Definition differs - limited cross-country comparability,SVK,7_1,2010
definition_differs,info,Definition differs - limited cross-country comparability,SVN,7_1,2006
definition_differs,info,Definition differs - limited cross-country comparability,SVN,7_1,2009
definition_differs,info,Definition differs - limited cross-country comparability,SVN,7_1,2010
definition_differs,info,Definition differs - limited cross-country comparability,CHE,7_1,2006
definition_differs,info,Definition differs - limited cross-country comparability,CHE,7_1,2009
definition_differs,info,Definition differs - limited cross-country comparability,CHE,7_1,2012
definition_differs,info,Definition differs - limited cross-country comparability,CHE,7_1,2014
definition_differs,info,Definition differs - limited cross-country comparability,CHE,7_1,2015
definition_differs,info,Definition differs - limited cross-country comparability,TUR,7_1,2006
definition_differs,info,Definition differs - limited cross-country comparability,TUR,7_1,2008
definition_differs,info,Definition differs - limited cross-country comparability,TUR,7_1,2009
definition_differs,info,Definition differs - limited cross-country comparability,TUR,7_1,2010
definition_differs,info,Definition differs - limited cross-country comparability,ARG,7_1,2006
definition_differs,info,Definition differs - limited cross-country comparability,ARG,7_1,2008
definition_differs,info,Definition differs - limited cross-country comparability,ARG,7_1,2009
definition_differs,info,Definition differs - limited cross-country comparability,ARG,7_1,2010
definition_differs,info,Definition differs - limited cross-country comparability,BRA,7_1,2006
definition_differs,info,Definition differs - limited cross-country comparability,BRA,7_1,2009
definition_differs,info,Definition differs - limited cross-country comparability,BRA,7_1,2010
definition_differs,info,Definition differs - limited cross-country comparability,BGR,7_1,2006
definition_differs,info,Definition differs - limited cross-country comparability,BGR,7_1,2009
definition_differs,info,Definition differs - limited cross-country comparability,BGR,7_1,2010
definition_differs,info,Definition differs - limited cross-country comparability,HRV,7_1,2006
definition_differs,info,Definition differs - limited cross-country comparability,HRV,7_1,2009
definition_differs,info,Definition differs - limited cross-country comparability,HRV,7_1,2010
definition_differs,info,Definition differs - limited cross-country comparability,ROU,7_1,2006
definition_differs,info,Definition differs - limited cross-country comparability,ROU,7_1,2007
definition_differs,info,Definition differs - limited cross-country comparability,ROU,7_1,2009
definition_differs,info,Definition differs - limited cross-country comparability,ROU,7_1,2010
definition_differs,info,Definition differs - limited cross-country comparability,ISL,7_1,2008
definition_differs,info,Definition differs - limited cross-country comparability,ISL,7_1,2012
definition_differs,info,Definition differs - limited cross-country comparability,ISL,7_1,2013
definition_differs,info,Definition differs - limited cross-country comparability,ISL,7_1,2015
definition_differs,info,Definition differs - limited cross-country comparability,ISL,7_1,2016
definition_differs,info,Definition differs - limited cross-country comparability,ISL,7_1,2017
definition_differs,info,Definition differs - limited cross-country comparability,ISL,7_1,2019
definition_differs,info,Definition differs - limited cross-country comparability,ISL,7_1,2020
definition_differs,info,Definition differs - limited cross-country comparability,ISL,7_1,2021
definition_differs,info,Definition differs - limited cross-country comparability,ISL,7_1,2022
definition_differs,info,Definition differs - limited cross-country comparability,ISL,7_1,2023
definition_differs,info,Definition differs - limited cross-country comparability,ISL,7_1,2024
definition_differs,info,Definition differs - limited cross-country comparability,ISL,7_1,2025
definition_differs,info,Definition differs - limited cross-country comparability,LUX,7_1,2008
definition_differs,info,Definition differs - limited cross-country comparability,LUX,7_1,2010
definition_differs,info,Definition differs - limited cross-country comparability,NOR,7_1,2008
definition_differs,info,Definition differs - limited cross-country comparability,AUS,7_1,2006
definition_differs,info,Definition differs - limited cross-country comparability,AUS,7_1,2007
definition_differs,info,Definition differs - limited cross-country comparability,AUS,7_1,2008
definition_differs,info,Definition differs - limited cross-country comparability,AUS,7_1,2010
definition_differs,info,Definition differs - limited cross-country comparability,AUS,7_1,2011
definition_differs,info,Definition differs - limited cross-country comparability,AUT,7_1,2006
definition_differs,info,Definition differs - limited cross-country comparability,AUT,7_1,2008
definition_differs,info,Definition differs - limited cross-country comparability,AUT,7_1,2009
definition_differs,info,Definition differs - limited cross-country comparability,AUT,7_1,2010
definition_differs,info,Definition differs - limited cross-country comparability,AUT,7_1,2011
definition_differs,info,Definition differs - limited cross-country comparability,BEL,7_1,2006
definition_differs,info,Definition differs - limited cross-country comparability,BEL,7_1,2007
definition_differs,info,Definition differs - limited cross-country comparability,BEL,7_1,2008
definition_differs,info,Definition differs - limited cross-country comparability,BEL,7_1,2010
definition_differs,info,Definition differs - limited cross-country comparability,BEL,7_1,2011
definition_differs,info,Definition differs - limited cross-country comparability,CAN,7_1,2006
definition_differs,info,Definition differs - limited cross-country comparability,CAN,7_1,2008
definition_differs,info,Definition differs - limited cross-country comparability,CAN,7_1,2009
definition_differs,info,Definition differs - limited cross-country comparability,CAN,7_1,2010
definition_differs,info,Definition differs - limited cross-country comparability,CAN,7_1,2011
definition_differs,info,Definition differs - limited cross-country comparability,CZE,7_1,2020
definition_differs,info,Definition differs - limited cross-country comparability,CZE,7_1,2021
definition_differs,info,Definition differs - limited cross-country comparability,CZE,7_1,2022
definition_differs,info,Definition differs - limited cross-country comparability,CZE,7_1,2023
definition_differs,info,Definition differs - limited cross-country comparability,CZE,7_1,2024
definition_differs,info,Definition differs - limited cross-country comparability,CZE,7_1,2025
definition_differs,info,Definition differs - limited cross-country comparability,EST,7_1,2006
definition_differs,info,Definition differs - limited cross-country comparability,EST,7_1,2007
definition_differs,info,Definition differs - limited cross-country comparability,EST,7_1,2008
definition_differs,info,Definition differs - limited cross-country comparability,EST,7_1,2009
definition_differs,info,Definition differs - limited cross-country comparability,EST,7_1,2011
definition_differs,info,Definition differs - limited cross-country comparability,FIN,7_1,2006
definition_differs,info,Definition differs - limited cross-country comparability,FIN,7_1,2008
definition_differs,info,Definition differs - limited cross-country comparability,FIN,7_1,2010
definition_differs,info,Definition differs - limited cross-country comparability,FIN,7_1,2011
definition_differs,info,Definition differs - limited cross-country comparability,GRC,7_1,2006
definition_differs,info,Definition differs - limited cross-country comparability,GRC,7_1,2007
definition_differs,info,Definition differs - limited cross-country comparability,GRC,7_1,2009
definition_differs,info,Definition differs - limited cross-country comparability,GRC,7_1,2010
definition_differs,info,Definition differs - limited cross-country comparability,GRC,7_1,2011
definition_differs,info,Definition differs - limited cross-country comparability,HUN,7_1,2006
definition_differs,info,Definition differs - limited cross-country comparability,HUN,7_1,2007
definition_differs,info,Definition differs - limited cross-country comparability,HUN,7_1,2008
definition_differs,info,Definition differs - limited cross-country comparability,HUN,7_1,2010
definition_differs,info,Definition differs - limited cross-country comparability,HUN,7_1,2011
definition_differs,info,Definition differs - limited cross-country comparability,ISL,7_1,2008
definition_differs,info,Definition differs - limited cross-country comparability,ISL,7_1,2012
definition_differs,info,Definition differs - limited cross-country comparability,ISL,7_1,2013
definition_differs,info,Definition differs - limited cross-country comparability,ISL,7_1,2015
definition_differs,info,Definition differs - limited cross-country comparability,ISL,7_1,2016
definition_differs,info,Definition differs - limited cross-country comparability,ISL,7_1,2017
definition_differs,info,Definition differs - limited cross-country comparability,IRL,7_1,2006
definition_differs,info,Definition differs - limited cross-country comparability,IRL,7_1,2008
definition_differs,info,Definition differs - limited cross-country comparability,IRL,7_1,2009
definition_differs,info,Definition differs - limited cross-country comparability,IRL,7_1,2010
definition_differs,info,Definition differs - limited cross-country comparability,IRL,7_1,2011
definition_differs,info,Definition differs - limited cross-country comparability,LUX,7_1,2008
definition_differs,info,Definition differs - limited cross-country comparability,LUX,7_1,2010
definition_differs,info,Definition differs - limited cross-country comparability,LUX,7_1,2011
definition_differs,info,Definition differs - limited cross-country comparability,LUX,7_1,2019
definition_differs,info,Definition differs - limited cross-country comparability,LUX,7_1,2022
definition_differs,info,Definition differs - limited cross-country comparability,LUX,7_1,2023
definition_differs,info,Definition differs - limited cross-country comparability,LUX,7_1,2025
definition_differs,info,Definition differs - limited cross-country comparability,NLD,7_1,2006
definition_differs,info,Definition differs - limited cross-country comparability,NLD,7_1,2007
definition_differs,info,Definition differs - limited cross-country comparability,NLD,7_1,2008
definition_differs,info,Definition differs - limited cross-country comparability,NLD,7_1,2010
definition_differs,info,Definition differs - limited cross-country comparability,NLD,7_1,2011
definition_differs,info,Definition differs - limited cross-country comparability,NZL,7_1,2006
definition_differs,info,Definition differs - limited cross-country comparability,NZL,7_1,2007
definition_differs,info,Definition differs - limited cross-country comparability,NZL,7_1,2008
definition_differs,info,Definition differs - limited cross-country comparability,NZL,7_1,2010
definition_differs,info,Definition differs - limited cross-country comparability,NZL,7_1,2011
definition_differs,info,Definition differs - limited cross-country comparability,NOR,7_1,2006
definition_differs,info,Definition differs - limited cross-country comparability,NOR,7_1,2008
definition_differs,info,Definition differs - limited cross-country comparability,NOR,7_1,2012
definition_differs,info,Definition differs - limited cross-country comparability,NOR,7_1,2014
definition_differs,info,Definition differs - limited cross-country comparability,NOR,7_1,2015
definition_differs,info,Definition differs - limited cross-country comparability,NOR,7_1,2016
definition_differs,info,Definition differs - limited cross-country comparability,NOR,7_1,2017
definition_differs,info,Definition differs - limited cross-country comparability,NOR,7_1,2018
definition_differs,info,Definition differs - limited cross-country comparability,PRT,7_1,2006
definition_differs,info,Definition differs - limited cross-country comparability,PRT,7_1,2008
definition_differs,info,Definition differs - limited cross-country comparability,PRT,7_1,2009
definition_differs,info,Definition differs - limited cross-country comparability,PRT,7_1,2010
definition_differs,info,Definition differs - limited cross-country comparability,PRT,7_1,2011
definition_differs,info,Definition differs - limited cross-country comparability,SVK,7_1,2006
definition_differs,info,Definition differs - limited cross-country comparability,SVK,7_1,2010
definition_differs,info,Definition differs - limited cross-country comparability,SVK,7_1,2011
definition_differs,info,Definition differs - limited cross-country comparability,SVN,7_1,2006
definition_differs,info,Definition differs - limited cross-country comparability,SVN,7_1,2009
definition_differs,info,Definition differs - limited cross-country comparability,SVN,7_1,2010
definition_differs,info,Definition differs - limited cross-country comparability,SVN,7_1,2011
definition_differs,info,Definition differs - limited cross-country comparability,CHE,7_1,2006
definition_differs,info,Definition differs - limited cross-country comparability,CHE,7_1,2009
definition_differs,info,Definition differs - limited cross-country comparability,CHE,7_1,2012
definition_differs,info,Definition differs - limited cross-country comparability,CHE,7_1,2014
definition_differs,info,Definition differs - limited cross-country comparability,CHE,7_1,2015
definition_differs,info,Definition differs - limited cross-country comparability,CHE,7_1,2016
definition_differs,info,Definition differs - limited cross-country comparability,CHE,7_1,2017
definition_differs,info,Definition differs - limited cross-country comparability,CHE,7_1,2018
definition_differs,info,Definition differs - limited cross-country comparability,USA,7_1,2006
definition_differs,info,Definition differs - limited cross-country comparability,USA,7_1,2008
definition_differs,info,Definition differs - limited cross-country comparability,USA,7_1,2009
definition_differs,info,Definition differs - limited cross-country comparability,USA,7_1,2010
definition_differs,info,Definition differs - limited cross-country comparability,USA,7_1,2011
definition_differs,info,Definition differs - limited cross-country comparability,BGR,7_1,2006
definition_differs,info,Definition differs - limited cross-country comparability,BGR,7_1,2009
definition_differs,info,Definition differs - limited cross-country comparability,BGR,7_1,2010
definition_differs,info,Definition differs - limited cross-country comparability,BGR,7_1,2011
definition_differs,info,Definition differs - limited cross-country comparability,ROU,7_1,2006
definition_differs,info,Definition differs - limited cross-country comparability,ROU,7_1,2007
definition_differs,info,Definition differs - limited cross-country comparability,ROU,7_1,2009
definition_differs,info,Definition differs - limited cross-country comparability,ROU,7_1,2010
definition_differs,info,Definition differs - limited cross-country comparability,ROU,7_1,2011
definition_differs,info,Definition differs - limited cross-country comparability,AUS,7_1,2012
definition_differs,info,Definition differs - limited cross-country comparability,AUS,7_1,2013
definition_differs,info,Definition differs - limited cross-country comparability,AUS,7_1,2014
definition_differs,info,Definition differs - limited cross-country comparability,AUS,7_1,2015
definition_differs,info,Definition differs - limited cross-country comparability,AUS,7_1,2016
definition_differs,info,Definition differs - limited cross-country comparability,AUS,7_1,2017
definition_differs,info,Definition differs - limited cross-country comparability,AUS,7_1,2018
definition_differs,info,Definition differs - limited cross-country comparability,AUS,7_1,2019
definition_differs,info,Definition differs - limited cross-country comparability,AUS,7_1,2020
definition_differs,info,Definition differs - limited cross-country comparability,AUS,7_1,2021
definition_differs,info,Definition differs - limited cross-country comparability,AUS,7_1,2022
definition_differs,info,Definition differs - limited cross-country comparability,AUS,7_1,2023
definition_differs,info,Definition differs - limited cross-country comparability,AUS,7_1,2024
definition_differs,info,Definition differs - limited cross-country comparability,AUS,7_1,2025
definition_differs,info,Definition differs - limited cross-country comparability,AUT,7_1,2019
definition_differs,info,Definition differs - limited cross-country comparability,AUT,7_1,2020
definition_differs,info,Definition differs - limited cross-country comparability,AUT,7_1,2021
definition_differs,info,Definition differs - limited cross-country comparability,AUT,7_1,2022
definition_differs,info,Definition differs - limited cross-country comparability,AUT,7_1,2023
definition_differs,info,Definition differs - limited cross-country comparability,AUT,7_1,2024
definition_differs,info,Definition differs - limited cross-country comparability,AUT,7_1,2025
definition_differs,info,Definition differs - limited cross-country comparability,CAN,7_1,2012
definition_differs,info,Definition differs - limited cross-country comparability,CAN,7_1,2013
definition_differs,info,Definition differs - limited cross-country comparability,CAN,7_1,2014
definition_differs,info,Definition differs - limited cross-country comparability,CAN,7_1,2015
definition_differs,info,Definition differs - limited cross-country comparability,CAN,7_1,2016
definition_differs,info,Definition differs - limited cross-country comparability,CAN,7_1,2017
definition_differs,info,Definition differs - limited cross-country comparability,CAN,7_1,2018
definition_differs,info,Definition differs - limited cross-country comparability,CAN,7_1,2019
definition_differs,info,Definition differs - limited cross-country comparability,CAN,7_1,2020
definition_differs,info,Definition differs - limited cross-country comparability,CAN,7_1,2021
definition_differs,info,Definition differs - limited cross-country comparability,CAN,7_1,2022
definition_differs,info,Definition differs - limited cross-country comparability,CAN,7_1,2023
definition_differs,info,Definition differs - limited cross-country comparability,CAN,7_1,2024
definition_differs,info,Definition differs - limited cross-country comparability,CAN,7_1,2025
definition_differs,info,Definition differs - limited cross-country comparability,DNK,7_1,2006
definition_differs,info,Definition differs - limited cross-country comparability,DNK,7_1,2007
definition_differs,info,Definition differs - limited cross-country comparability,DNK,7_1,2008
definition_differs,info,Definition differs - limited cross-country comparability,DNK,7_1,2009
definition_differs,info,Definition differs - limited cross-country comparability,DNK,7_1,2010
definition_differs,info,Definition differs - limited cross-country comparability,DNK,7_1,2011
definition_differs,info,Definition differs - limited cross-country comparability,EST,7_1,2019
definition_differs,info,Definition differs - limited cross-country comparability,EST,7_1,2020
definition_differs,info,Definition differs - limited cross-country comparability,EST,7_1,2021
definition_differs,info,Definition differs - limited cross-country comparability,EST,7_1,2022
definition_differs,info,Definition differs - limited cross-country comparability,EST,7_1,2023
definition_differs,info,Definition differs - limited cross-country comparability,EST,7_1,2024
definition_differs,info,Definition differs - limited cross-country comparability,EST,7_1,2025
definition_differs,info,Definition differs - limited cross-country comparability,FIN,7_1,2012
definition_differs,info,Definition differs - limited cross-country comparability,FIN,7_1,2013
definition_differs,info,Definition differs - limited cross-country comparability,FIN,7_1,2014
definition_differs,info,Definition differs - limited cross-country comparability,FIN,7_1,2015
definition_differs,info,Definition differs - limited cross-country comparability,FIN,7_1,2016
definition_differs,info,Definition differs - limited cross-country comparability,FIN,7_1,2017
definition_differs,info,Definition differs - limited cross-country comparability,FIN,7_1,2018
definition_differs,info,Definition differs - limited cross-country comparability,FIN,7_1,2019
definition_differs,info,Definition differs - limited cross-country comparability,FIN,7_1,2020
definition_differs,info,Definition differs - limited cross-country comparability,FIN,7_1,2021
definition_differs,info,Definition differs - limited cross-country comparability,FIN,7_1,2022
definition_differs,info,Definition differs - limited cross-country comparability,FIN,7_1,2023
definition_differs,info,Definition differs - limited cross-country comparability,FIN,7_1,2024
definition_differs,info,Definition differs - limited cross-country comparability,FIN,7_1,2025
definition_differs,info,Definition differs - limited cross-country comparability,FRA,7_1,2006
definition_differs,info,Definition differs - limited cross-country comparability,FRA,7_1,2007
definition_differs,info,Definition differs - limited cross-country comparability,FRA,7_1,2008
definition_differs,info,Definition differs - limited cross-country comparability,FRA,7_1,2009
definition_differs,info,Definition differs - limited cross-country comparability,FRA,7_1,2010
definition_differs,info,Definition differs - limited cross-country comparability,FRA,7_1,2011
definition_differs,info,Definition differs - limited cross-country comparability,FRA,7_1,2019
definition_differs,info,Definition differs - limited cross-country comparability,FRA,7_1,2020
definition_differs,info,Definition differs - limited cross-country comparability,FRA,7_1,2021
definition_differs,info,Definition differs - limited cross-country comparability,FRA,7_1,2022
definition_differs,info,Definition differs - limited cross-country comparability,FRA,7_1,2023
definition_differs,info,Definition differs - limited cross-country comparability,FRA,7_1,2024
definition_differs,info,Definition differs - limited cross-country comparability,FRA,7_1,2025
definition_differs,info,Definition differs - limited cross-country comparability,DEU,7_1,2019
definition_differs,info,Definition differs - limited cross-country comparability,DEU,7_1,2020
definition_differs,info,Definition differs - limited cross-country comparability,DEU,7_1,2021
definition_differs,info,Definition differs - limited cross-country comparability,DEU,7_1,2022
definition_differs,info,Definition differs - limited cross-country comparability,DEU,7_1,2023
definition_differs,info,Definition differs - limited cross-country comparability,DEU,7_1,2024
definition_differs,info,Definition differs - limited cross-country comparability,DEU,7_1,2025
definition_differs,info,Definition differs - limited cross-country comparability,GRC,7_1,2019
definition_differs,info,Definition differs - limited cross-country comparability,GRC,7_1,2020
definition_differs,info,Definition differs - limited cross-country comparability,GRC,7_1,2021
definition_differs,info,Definition differs - limited cross-country comparability,GRC,7_1,2022
definition_differs,info,Definition differs - limited cross-country comparability,GRC,7_1,2023
definition_differs,info,Definition differs - limited cross-country comparability,GRC,7_1,2024
definition_differs,info,Definition differs - limited cross-country comparability,GRC,7_1,2025
definition_differs,info,Definition differs - limited cross-country comparability,HUN,7_1,2012
definition_differs,info,Definition differs - limited cross-country comparability,HUN,7_1,2013
definition_differs,info,Definition differs - limited cross-country comparability,HUN,7_1,2014
definition_differs,info,Definition differs - limited cross-country comparability,HUN,7_1,2015
definition_differs,info,Definition differs - limited cross-country comparability,HUN,7_1,2016
definition_differs,info,Definition differs - limited cross-country comparability,HUN,7_1,2017
definition_differs,info,Definition differs - limited cross-country comparability,HUN,7_1,2018
definition_differs,info,Definition differs - limited cross-country comparability,HUN,7_1,2019
definition_differs,info,Definition differs - limited cross-country comparability,HUN,7_1,2020
definition_differs,info,Definition differs - limited cross-country comparability,HUN,7_1,2021
definition_differs,info,Definition differs - limited cross-country comparability,HUN,7_1,2022
definition_differs,info,Definition differs - limited cross-country comparability,HUN,7_1,2023
definition_differs,info,Definition differs - limited cross-country comparability,HUN,7_1,2024
definition_differs,info,Definition differs - limited cross-country comparability,HUN,7_1,2025
definition_differs,info,Definition differs - limited cross-country comparability,ISL,7_1,2019
definition_differs,info,Definition differs - limited cross-country comparability,ISL,7_1,2020
definition_differs,info,Definition differs - limited cross-country comparability,ISL,7_1,2021
definition_differs,info,Definition differs - limited cross-country comparability,ISL,7_1,2022
definition_differs,info,Definition differs - limited cross-country comparability,ISL,7_1,2023
definition_differs,info,Definition differs - limited cross-country comparability,ISL,7_1,2024
definition_differs,info,Definition differs - limited cross-country comparability,ISL,7_1,2025
definition_differs,info,Definition differs - limited cross-country comparability,ITA,7_1,2006
definition_differs,info,Definition differs - limited cross-country comparability,ITA,7_1,2007
definition_differs,info,Definition differs - limited cross-country comparability,ITA,7_1,2008
definition_differs,info,Definition differs - limited cross-country comparability,ITA,7_1,2009
definition_differs,info,Definition differs - limited cross-country comparability,ITA,7_1,2010
definition_differs,info,Definition differs - limited cross-country comparability,ITA,7_1,2011
definition_differs,info,Definition differs - limited cross-country comparability,ITA,7_1,2019
definition_differs,info,Definition differs - limited cross-country comparability,ITA,7_1,2020
definition_differs,info,Definition differs - limited cross-country comparability,ITA,7_1,2021
definition_differs,info,Definition differs - limited cross-country comparability,ITA,7_1,2022
definition_differs,info,Definition differs - limited cross-country comparability,ITA,7_1,2023
definition_differs,info,Definition differs - limited cross-country comparability,ITA,7_1,2024
definition_differs,info,Definition differs - limited cross-country comparability,ITA,7_1,2025
definition_differs,info,Definition differs - limited cross-country comparability,JPN,7_1,2012
definition_differs,info,Definition differs - limited cross-country comparability,JPN,7_1,2013
definition_differs,info,Definition differs - limited cross-country comparability,JPN,7_1,2014
definition_differs,info,Definition differs - limited cross-country comparability,JPN,7_1,2015
definition_differs,info,Definition differs - limited cross-country comparability,JPN,7_1,2016
definition_differs,info,Definition differs - limited cross-country comparability,JPN,7_1,2017
definition_differs,info,Definition differs - limited cross-country comparability,JPN,7_1,2018
definition_differs,info,Definition differs - limited cross-country comparability,JPN,7_1,2019
definition_differs,info,Definition differs - limited cross-country comparability,JPN,7_1,2020
definition_differs,info,Definition differs - limited cross-country comparability,JPN,7_1,2021
definition_differs,info,Definition differs - limited cross-country comparability,JPN,7_1,2022
definition_differs,info,Definition differs - limited cross-country comparability,JPN,7_1,2023
definition_differs,info,Definition differs - limited cross-country comparability,JPN,7_1,2024
definition_differs,info,Definition differs - limited cross-country comparability,JPN,7_1,2025
definition_differs,info,Definition differs - limited cross-country comparability,KOR,7_1,2019
definition_differs,info,Definition differs - limited cross-country comparability,KOR,7_1,2020
definition_differs,info,Definition differs - limited cross-country comparability,KOR,7_1,2021
definition_differs,info,Definition differs - limited cross-country comparability,KOR,7_1,2022
definition_differs,info,Definition differs - limited cross-country comparability,KOR,7_1,2023
definition_differs,info,Definition differs - limited cross-country comparability,KOR,7_1,2024
definition_differs,info,Definition differs - limited cross-country comparability,KOR,7_1,2025
definition_differs,info,Definition differs - limited cross-country comparability,NLD,7_1,2019
definition_differs,info,Definition differs - limited cross-country comparability,NLD,7_1,2020
definition_differs,info,Definition differs - limited cross-country comparability,NLD,7_1,2021
definition_differs,info,Definition differs - limited cross-country comparability,NLD,7_1,2022
definition_differs,info,Definition differs - limited cross-country comparability,NLD,7_1,2023
definition_differs,info,Definition differs - limited cross-country comparability,NLD,7_1,2024
definition_differs,info,Definition differs - limited cross-country comparability,NLD,7_1,2025
definition_differs,info,Definition differs - limited cross-country comparability,NZL,7_1,2012
definition_differs,info,Definition differs - limited cross-country comparability,NZL,7_1,2013
definition_differs,info,Definition differs - limited cross-country comparability,NZL,7_1,2014
definition_differs,info,Definition differs - limited cross-country comparability,NZL,7_1,2015
definition_differs,info,Definition differs - limited cross-country comparability,NZL,7_1,2016
definition_differs,info,Definition differs - limited cross-country comparability,NZL,7_1,2017
definition_differs,info,Definition differs - limited cross-country comparability,NZL,7_1,2018
definition_differs,info,Definition differs - limited cross-country comparability,NZL,7_1,2019
definition_differs,info,Definition differs - limited cross-country comparability,NZL,7_1,2020
definition_differs,info,Definition differs - limited cross-country comparability,NZL,7_1,2021
definition_differs,info,Definition differs - limited cross-country comparability,NZL,7_1,2022
definition_differs,info,Definition differs - limited cross-country comparability,NZL,7_1,2023
definition_differs,info,Definition differs - limited cross-country comparability,NZL,7_1,2024
definition_differs,info,Definition differs - limited cross-country comparability,NZL,7_1,2025
definition_differs,info,Definition differs - limited cross-country comparability,NOR,7_1,2019
definition_differs,info,Definition differs - limited cross-country comparability,NOR,7_1,2020
definition_differs,info,Definition differs - limited cross-country comparability,NOR,7_1,2021
definition_differs,info,Definition differs - limited cross-country comparability,NOR,7_1,2022
definition_differs,info,Definition differs - limited cross-country comparability,NOR,7_1,2023
definition_differs,info,Definition differs - limited cross-country comparability,NOR,7_1,2024
definition_differs,info,Definition differs - limited cross-country comparability,NOR,7_1,2025
definition_differs,info,Definition differs - limited cross-country comparability,SVK,7_1,2019
definition_differs,info,Definition differs - limited cross-country comparability,SVK,7_1,2020
definition_differs,info,Definition differs - limited cross-country comparability,SVK,7_1,2021
definition_differs,info,Definition differs - limited cross-country comparability,SVK,7_1,2022
definition_differs,info,Definition differs - limited cross-country comparability,SVK,7_1,2023
definition_differs,info,Definition differs - limited cross-country comparability,SVK,7_1,2024
definition_differs,info,Definition differs - limited cross-country comparability,SVK,7_1,2025
definition_differs,info,Definition differs - limited cross-country comparability,SVN,7_1,2012
definition_differs,info,Definition differs - limited cross-country comparability,SVN,7_1,2013
definition_differs,info,Definition differs - limited cross-country comparability,SVN,7_1,2014
definition_differs,info,Definition differs - limited cross-country comparability,SVN,7_1,2015
definition_differs,info,Definition differs - limited cross-country comparability,SVN,7_1,2016
definition_differs,info,Definition differs - limited cross-country comparability,SVN,7_1,2017
definition_differs,info,Definition differs - limited cross-country comparability,SVN,7_1,2018
definition_differs,info,Definition differs - limited cross-country comparability,SVN,7_1,2019
definition_differs,info,Definition differs - limited cross-country comparability,SVN,7_1,2020
definition_differs,info,Definition differs - limited cross-country comparability,SVN,7_1,2021
definition_differs,info,Definition differs - limited cross-country comparability,SVN,7_1,2022
definition_differs,info,Definition differs - limited cross-country comparability,SVN,7_1,2023
definition_differs,info,Definition differs - limited cross-country comparability,SVN,7_1,2024
definition_differs,info,Definition differs - limited cross-country comparability,SVN,7_1,2025
definition_differs,info,Definition differs - limited cross-country comparability,ESP,7_1,2019
definition_differs,info,Definition differs - limited cross-country comparability,ESP,7_1,2020
definition_differs,info,Definition differs - limited cross-country comparability,ESP,7_1,2021
definition_differs,info,Definition differs - limited cross-country comparability,ESP,7_1,2022
definition_differs,info,Definition differs - limited cross-country comparability,ESP,7_1,2023
definition_differs,info,Definition differs - limited cross-country comparability,ESP,7_1,2024
definition_differs,info,Definition differs - limited cross-country comparability,ESP,7_1,2025
definition_differs,info,Definition differs - limited cross-country comparability,SWE,7_1,2006
definition_differs,info,Definition differs - limited cross-country comparability,SWE,7_1,2007
definition_differs,info,Definition differs - limited cross-country comparability,SWE,7_1,2008
definition_differs,info,Definition differs - limited cross-country comparability,SWE,7_1,2009
definition_differs,info,Definition differs - limited cross-country comparability,SWE,7_1,2010
definition_differs,info,Definition differs - limited cross-country comparability,SWE,7_1,2011
definition_differs,info,Definition differs - limited cross-country comparability,SWE,7_1,2012
definition_differs,info,Definition differs - limited cross-country comparability,SWE,7_1,2013
definition_differs,info,Definition differs - limited cross-country comparability,SWE,7_1,2014
definition_differs,info,Definition differs - limited cross-country comparability,SWE,7_1,2015
definition_differs,info,Definition differs - limited cross-country comparability,SWE,7_1,2016
definition_differs,info,Definition differs - limited cross-country comparability,SWE,7_1,2017
definition_differs,info,Definition differs - limited cross-country comparability,SWE,7_1,2018
definition_differs,info,Definition differs - limited cross-country comparability,SWE,7_1,2019
definition_differs,info,Definition differs - limited cross-country comparability,SWE,7_1,2020
definition_differs,info,Definition differs - limited cross-country comparability,SWE,7_1,2021
definition_differs,info,Definition differs - limited cross-country comparability,SWE,7_1,2022
definition_differs,info,Definition differs - limited cross-country comparability,SWE,7_1,2023
definition_differs,info,Definition differs - limited cross-country comparability,SWE,7_1,2024
definition_differs,info,Definition differs - limited cross-country comparability,SWE,7_1,2025
definition_differs,info,Definition differs - limited cross-country comparability,CHE,7_1,2019
definition_differs,info,Definition differs - limited cross-country comparability,CHE,7_1,2020
definition_differs,info,Definition differs - limited cross-country comparability,CHE,7_1,2021
definition_differs,info,Definition differs - limited cross-country comparability,CHE,7_1,2022
definition_differs,info,Definition differs - limited cross-country comparability,CHE,7_1,2023
definition_differs,info,Definition differs - limited cross-country comparability,CHE,7_1,2024
definition_differs,info,Definition differs - limited cross-country comparability,CHE,7_1,2025
definition_differs,info,Definition differs - limited cross-country comparability,GBR,7_1,2006
definition_differs,info,Definition differs - limited cross-country comparability,GBR,7_1,2007
definition_differs,info,Definition differs - limited cross-country comparability,GBR,7_1,2008
definition_differs,info,Definition differs - limited cross-country comparability,GBR,7_1,2009
definition_differs,info,Definition differs - limited cross-country comparability,GBR,7_1,2010
definition_differs,info,Definition differs - limited cross-country comparability,GBR,7_1,2011
definition_differs,info,Definition differs - limited cross-country comparability,GBR,7_1,2019
definition_differs,info,Definition differs - limited cross-country comparability,GBR,7_1,2020
definition_differs,info,Definition differs - limited cross-country comparability,GBR,7_1,2021
definition_differs,info,Definition differs - limited cross-country comparability,GBR,7_1,2022
definition_differs,info,Definition differs - limited cross-country comparability,GBR,7_1,2023
definition_differs,info,Definition differs - limited cross-country comparability,GBR,7_1,2024
definition_differs,info,Definition differs - limited cross-country comparability,GBR,7_1,2025
definition_differs,info,Definition differs - limited cross-country comparability,BGR,7_1,2012
definition_differs,info,Definition differs - limited cross-country comparability,BGR,7_1,2013
definition_differs,info,Definition differs - limited cross-country comparability,BGR,7_1,2014
definition_differs,info,Definition differs - limited cross-country comparability,BGR,7_1,2015
definition_differs,info,Definition differs - limited cross-country comparability,BGR,7_1,2016
definition_differs,info,Definition differs - limited cross-country comparability,BGR,7_1,2017
definition_differs,info,Definition differs - limited cross-country comparability,BGR,7_1,2018
definition_differs,info,Definition differs - limited cross-country comparability,BGR,7_1,2019
definition_differs,info,Definition differs - limited cross-country comparability,BGR,7_1,2020
definition_differs,info,Definition differs - limited cross-country comparability,BGR,7_1,2021
definition_differs,info,Definition differs - limited cross-country comparability,BGR,7_1,2022
definition_differs,info,Definition differs - limited cross-country comparability,BGR,7_1,2023
definition_differs,info,Definition differs - limited cross-country comparability,BGR,7_1,2024
definition_differs,info,Definition differs - limited cross-country comparability,BGR,7_1,2025
definition_differs,info,Definition differs - limited cross-country comparability,ROU,7_1,2012
definition_differs,info,Definition differs - limited cross-country comparability,ROU,7_1,2013
definition_differs,info,Definition differs - limited cross-country comparability,ROU,7_1,2014
definition_differs,info,Definition differs - limited cross-country comparability,ROU,7_1,2015
definition_differs,info,Definition differs - limited cross-country comparability,ROU,7_1,2016
definition_differs,info,Definition differs - limited cross-country comparability,ROU,7_1,2017
definition_differs,info,Definition differs - limited cross-country comparability,ROU,7_1,2018
definition_differs,info,Definition differs - limited cross-country comparability,ISL,7_1,2008
definition_differs,info,Definition differs - limited cross-country comparability,ISL,7_1,2008
definition_differs,info,Definition differs - limited cross-country comparability,LUX,7_1,2008
definition_differs,info,Definition differs - limited cross-country comparability,LUX,7_1,2010
definition_differs,info,Definition differs - limited cross-country comparability,LUX,7_1,2011
definition_differs,info,Definition differs - limited cross-country comparability,NOR,7_1,2006
definition_differs,info,Definition differs - limited cross-country comparability,NOR,7_1,2006
definition_differs,info,Definition differs - limited cross-country comparability,NOR,7_1,2008
definition_differs,info,Definition differs - limited cross-country comparability,NOR,7_1,2008
definition_differs,info,Definition differs - limited cross-country comparability,SVN,7_1,2006
definition_differs,info,Definition differs - limited cross-country comparability,SVN,7_1,2009
definition_differs,info,Definition differs - limited cross-country comparability,SVN,7_1,2010
definition_differs,info,Definition differs - limited cross-country comparability,SVN,7_1,2011
definition_differs,info,Definition differs - limited cross-country comparability,CHE,7_1,2006
definition_differs,info,Definition differs - limited cross-country comparability,CHE,7_1,2009
definition_differs,info,Definition differs - limited cross-country comparability,ISL,10_2_DEP,2008
definition_differs,info,Definition differs - limited cross-country comparability,ISL,10_2_DEP,2012
definition_differs,info,Definition differs - limited cross-country comparability,ISL,10_2_DEP,2013
definition_differs,info,Definition differs - limited cross-country comparability,ISL,10_2_DEP,2015
definition_differs,info,Definition differs - limited cross-country comparability,ISL,10_2_DEP,2016
definition_differs,info,Definition differs - limited cross-country comparability,ISL,10_2_DEP,2017
definition_differs,info,Definition differs - limited cross-country comparability,ISL,10_2_DEP,2019
definition_differs,info,Definition differs - limited cross-country comparability,ISL,10_2_DEP,2020
definition_differs,info,Definition differs - limited cross-country comparability,ISL,10_2_DEP,2021
definition_differs,info,Definition differs - limited cross-country comparability,ISL,10_2_DEP,2022
definition_differs,info,Definition differs - limited cross-country comparability,ISL,10_2_DEP,2023
definition_differs,info,Definition differs - limited cross-country comparability,ISL,10_2_DEP,2024
definition_differs,info,Definition differs - limited cross-country comparability,ISL,10_2_DEP,2025
definition_differs,info,Definition differs - limited cross-country comparability,LUX,10_2_DEP,2008
definition_differs,info,Definition differs - limited cross-country comparability,LUX,10_2_DEP,2010
definition_differs,info,Definition differs - limited cross-country comparability,NOR,10_2_DEP,2008
definition_differs,info,Definition differs - limited cross-country comparability,HRV,10_2_DEP,2006
definition_differs,info,Definition differs - limited cross-country comparability,CRI,10_2_DEP,2007
definition_differs,info,Definition differs - limited cross-country comparability,CRI,10_2_DEP,2009
definition_differs,info,Definition differs - limited cross-country comparability,CRI,10_2_DEP,2010
definition_differs,info,Definition differs - limited cross-country comparability,CZE,10_2_DEP,2006
definition_differs,info,Definition differs - limited cross-country comparability,CZE,10_2_DEP,2007
definition_differs,info,Definition differs - limited cross-country comparability,CZE,10_2_DEP,2009
definition_differs,info,Definition differs - limited cross-country comparability,CZE,10_2_DEP,2010
definition_differs,info,Definition differs - limited cross-country comparability,CZE,10_2_DEP,2016
definition_differs,info,Definition differs - limited cross-country comparability,CZE,10_2_DEP,2017
definition_differs,info,Definition differs - limited cross-country comparability,CZE,10_2_DEP,2018
definition_differs,info,Definition differs - limited cross-country comparability,CZE,10_2_DEP,2020
definition_differs,info,Definition differs - limited cross-country comparability,EST,10_2_DEP,2006
definition_differs,info,Definition differs - limited cross-country comparability,EST,10_2_DEP,2007
definition_differs,info,Definition differs - limited cross-country comparability,EST,10_2_DEP,2008
definition_differs,info,Definition differs - limited cross-country comparability,EST,10_2_DEP,2009
definition_differs,info,Definition differs - limited cross-country comparability,FIN,10_2_DEP,2008
definition_differs,info,Definition differs - limited cross-country comparability,FIN,10_2_DEP,2010
definition_differs,info,Definition differs - limited cross-country comparability,GRC,10_2_DEP,2007
definition_differs,info,Definition differs - limited cross-country comparability,GRC,10_2_DEP,2009
definition_differs,info,Definition differs - limited cross-country comparability,GRC,10_2_DEP,2010
definition_differs,info,Definition differs - limited cross-country comparability,HUN,10_2_DEP,2006
definition_differs,info,Definition differs - limited cross-country comparability,HUN,10_2_DEP,2007
definition_differs,info,Definition differs - limited cross-country comparability,HUN,10_2_DEP,2008
definition_differs,info,Definition differs - limited cross-country comparability,HUN,10_2_DEP,2010
definition_differs,info,Definition differs - limited cross-country comparability,ISL,10_2_DEP,2008
definition_differs,info,Definition differs - limited cross-country comparability,ISL,10_2_DEP,2012
definition_differs,info,Definition differs - limited cross-country comparability,ISL,10_2_DEP,2013
definition_differs,info,Definition differs - limited cross-country comparability,ISL,10_2_DEP,2015
definition_differs,info,Definition differs - limited cross-country comparability,ISL,10_2_DEP,2016
definition_differs,info,Definition differs - limited cross-country comparability,ISL,10_2_DEP,2017
definition_differs,info,Definition differs - limited cross-country comparability,ISL,10_2_DEP,2019
definition_differs,info,Definition differs - limited cross-country comparability,ISL,10_2_DEP,2020
definition_differs,info,Definition differs - limited cross-country comparability,LVA,10_2_DEP,2006
definition_differs,info,Definition differs - limited cross-country comparability,LVA,10_2_DEP,2007
definition_differs,info,Definition differs - limited cross-country comparability,LVA,10_2_DEP,2008
definition_differs,info,Definition differs - limited cross-country comparability,LVA,10_2_DEP,2009
definition_differs,info,Definition differs - limited cross-country comparability,LUX,10_2_DEP,2008
definition_differs,info,Definition differs - limited cross-country comparability,LUX,10_2_DEP,2010
definition_differs,info,Definition differs - limited cross-country comparability,NLD,10_2_DEP,2008
definition_differs,info,Definition differs - limited cross-country comparability,NLD,10_2_DEP,2010
definition_differs,info,Definition differs - limited cross-country comparability,NZL,10_2_DEP,2006
definition_differs,info,Definition differs - limited cross-country comparability,NZL,10_2_DEP,2007
definition_differs,info,Definition differs - limited cross-country comparability,NZL,10_2_DEP,2008
definition_differs,info,Definition differs - limited cross-country comparability,NZL,10_2_DEP,2010
definition_differs,info,Definition differs - limited cross-country comparability,NOR,10_2_DEP,2008
definition_differs,info,Definition differs - limited cross-country comparability,PRT,10_2_DEP,2006
definition_differs,info,Definition differs - limited cross-country comparability,PRT,10_2_DEP,2008
definition_differs,info,Definition differs - limited cross-country comparability,PRT,10_2_DEP,2009
definition_differs,info,Definition differs - limited cross-country comparability,PRT,10_2_DEP,2010
definition_differs,info,Definition differs - limited cross-country comparability,SVK,10_2_DEP,2006
definition_differs,info,Definition differs - limited cross-country comparability,SVK,10_2_DEP,2010
definition_differs,info,Definition differs - limited cross-country comparability,SVN,10_2_DEP,2006
definition_differs,info,Definition differs - limited cross-country comparability,SVN,10_2_DEP,2009
definition_differs,info,Definition differs - limited cross-country comparability,SVN,10_2_DEP,2010
definition_differs,info,Definition differs - limited cross-country comparability,CHE,10_2_DEP,2006
definition_differs,info,Definition differs - limited cross-country comparability,CHE,10_2_DEP,2009
definition_differs,info,Definition differs - limited cross-country comparability,CHE,10_2_DEP,2012
definition_differs,info,Definition differs - limited cross-country comparability,CHE,10_2_DEP,2014
definition_differs,info,Definition differs - limited cross-country comparability,CHE,10_2_DEP,2015
definition_differs,info,Definition differs - limited cross-country comparability,TUR,10_2_DEP,2006
definition_differs,info,Definition differs - limited cross-country comparability,TUR,10_2_DEP,2008
definition_differs,info,Definition differs - limited cross-country comparability,TUR,10_2_DEP,2009
definition_differs,info,Definition differs - limited cross-country comparability,TUR,10_2_DEP,2010
definition_differs,info,Definition differs - limited cross-country comparability,ARG,10_2_DEP,2006
definition_differs,info,Definition differs - limited cross-country comparability,ARG,10_2_DEP,2008
definition_differs,info,Definition differs - limited cross-country comparability,ARG,10_2_DEP,2009
definition_differs,info,Definition differs - limited cross-country comparability,ARG,10_2_DEP,2010
definition_differs,info,Definition differs - limited cross-country comparability,BRA,10_2_DEP,2006
definition_differs,info,Definition differs - limited cross-country comparability,BRA,10_2_DEP,2009
definition_differs,info,Definition differs - limited cross-country comparability,BRA,10_2_DEP,2010
definition_differs,info,Definition differs - limited cross-country comparability,BGR,10_2_DEP,2006
definition_differs,info,Definition differs - limited cross-country comparability,BGR,10_2_DEP,2009
definition_differs,info,Definition differs - limited cross-country comparability,BGR,10_2_DEP,2010
definition_differs,info,Definition differs - limited cross-country comparability,HRV,10_2_DEP,2006
definition_differs,info,Definition differs - limited cross-country comparability,ROU,10_2_DEP,2006
definition_differs,info,Definition differs - limited cross-country comparability,ROU,10_2_DEP,2007
definition_differs,info,Definition differs - limited cross-country comparability,ROU,10_2_DEP,2009
definition_differs,info,Definition differs - limited cross-country comparability,ROU,10_2_DEP,2010
definition_differs,info,Definition differs - limited cross-country comparability,AUT,10_2_DEP,2008
definition_differs,info,Definition differs - limited cross-country comparability,AUT,10_2_DEP,2009
definition_differs,info,Definition differs - limited cross-country comparability,AUT,10_2_DEP,2010
definition_differs,info,Definition differs - limited cross-country comparability,CHL,10_2_DEP,2007
definition_differs,info,Definition differs - limited cross-country comparability,CHL,10_2_DEP,2008
definition_differs,info,Definition differs - limited cross-country comparability,CHL,10_2_DEP,2009
definition_differs,info,Definition differs - limited cross-country comparability,CHL,10_2_DEP,2010
definition_differs,info,Definition differs - limited cross-country comparability,CHL,10_2_DEP,2011
definition_differs,info,Definition differs - limited cross-country comparability,CHL,10_2_DEP,2012
definition_differs,info,Definition differs - limited cross-country comparability,CHL,10_2_DEP,2013
definition_differs,info,Definition differs - limited cross-country comparability,CHL,10_2_DEP,2014
definition_differs,info,Definition differs - limited cross-country comparability,CHL,10_2_DEP,2015
definition_differs,info,Definition differs - limited cross-country comparability,CHL,10_2_DEP,2016
definition_differs,info,Definition differs - limited cross-country comparability,CHL,10_2_DEP,2017
definition_differs,info,Definition differs - limited cross-country comparability,CHL,10_2_DEP,2018
definition_differs,info,Definition differs - limited cross-country comparability,CHL,10_2_DEP,2019
definition_differs,info,Definition differs - limited cross-country comparability,CHL,10_2_DEP,2020
definition_differs,info,Definition differs - limited cross-country comparability,CHL,10_2_DEP,2021
definition_differs,info,Definition differs - limited cross-country comparability,CHL,10_2_DEP,2022
definition_differs,info,Definition differs - limited cross-country comparability,CHL,10_2_DEP,2023
definition_differs,info,Definition differs - limited cross-country comparability,CHL,10_2_DEP,2024
definition_differs,info,Definition differs - limited cross-country comparability,CHL,10_2_DEP,2025
definition_differs,info,Definition differs - limited cross-country comparability,COL,10_2_DEP,2006
definition_differs,info,Definition differs - limited cross-country comparability,COL,10_2_DEP,2007
definition_differs,info,Definition differs - limited cross-country comparability,COL,10_2_DEP,2008
definition_differs,info,Definition differs - limited cross-country comparability,COL,10_2_DEP,2009
definition_differs,info,Definition differs - limited cross-country comparability,COL,10_2_DEP,2010
definition_differs,info,Definition differs - limited cross-country comparability,COL,10_2_DEP,2011
definition_differs,info,Definition differs - limited cross-country comparability,COL,10_2_DEP,2012
definition_differs,info,Definition differs - limited cross-country comparability,COL,10_2_DEP,2013
definition_differs,info,Definition differs - limited cross-country comparability,COL,10_2_DEP,2014
definition_differs,info,Definition differs - limited cross-country comparability,COL,10_2_DEP,2015
definition_differs,info,Definition differs - limited cross-country comparability,COL,10_2_DEP,2016
definition_differs,info,Definition differs - limited cross-country comparability,COL,10_2_DEP,2017
definition_differs,info,Definition differs - limited cross-country comparability,COL,10_2_DEP,2018
definition_differs,info,Definition differs - limited cross-country comparability,COL,10_2_DEP,2019
definition_differs,info,Definition differs - limited cross-country comparability,COL,10_2_DEP,2020
definition_differs,info,Definition differs - limited cross-country comparability,COL,10_2_DEP,2021
definition_differs,info,Definition differs - limited cross-country comparability,COL,10_2_DEP,2022
definition_differs,info,Definition differs - limited cross-country comparability,COL,10_2_DEP,2023
definition_differs,info,Definition differs - limited cross-country comparability,COL,10_2_DEP,2024
definition_differs,info,Definition differs - limited cross-country comparability,COL,10_2_DEP,2025
definition_differs,info,Definition differs - limited cross-country comparability,CRI,10_2_DEP,2011
definition_differs,info,Definition differs - limited cross-country comparability,CRI,10_2_DEP,2012
definition_differs,info,Definition differs - limited cross-country comparability,CRI,10_2_DEP,2013
definition_differs,info,Definition differs - limited cross-country comparability,CRI,10_2_DEP,2014
definition_differs,info,Definition differs - limited cross-country comparability,CRI,10_2_DEP,2015
definition_differs,info,Definition differs - limited cross-country comparability,CRI,10_2_DEP,2016
definition_differs,info,Definition differs - limited cross-country comparability,CRI,10_2_DEP,2017
definition_differs,info,Definition differs - limited cross-country comparability,CRI,10_2_DEP,2018
definition_differs,info,Definition differs - limited cross-country comparability,CRI,10_2_DEP,2019
definition_differs,info,Definition differs - limited cross-country comparability,CRI,10_2_DEP,2020
definition_differs,info,Definition differs - limited cross-country comparability,CRI,10_2_DEP,2021
definition_differs,info,Definition differs - limited cross-country comparability,CRI,10_2_DEP,2022
definition_differs,info,Definition differs - limited cross-country comparability,CRI,10_2_DEP,2023
definition_differs,info,Definition differs - limited cross-country comparability,CRI,10_2_DEP,2024
definition_differs,info,Definition differs - limited cross-country comparability,CRI,10_2_DEP,2025
definition_differs,info,Definition differs - limited cross-country comparability,CZE,10_2_DEP,2011
definition_differs,info,Definition differs - limited cross-country comparability,CZE,10_2_DEP,2012
definition_differs,info,Definition differs - limited cross-country comparability,CZE,10_2_DEP,2013
definition_differs,info,Definition differs - limited cross-country comparability,CZE,10_2_DEP,2014
definition_differs,info,Definition differs - limited cross-country comparability,CZE,10_2_DEP,2015
definition_differs,info,Definition differs - limited cross-country comparability,DNK,10_2_DEP,2007
definition_differs,info,Definition differs - limited cross-country comparability,DNK,10_2_DEP,2008
definition_differs,info,Definition differs - limited cross-country comparability,DNK,10_2_DEP,2009
definition_differs,info,Definition differs - limited cross-country comparability,DNK,10_2_DEP,2010
definition_differs,info,Definition differs - limited cross-country comparability,DNK,10_2_DEP,2011
definition_differs,info,Definition differs - limited cross-country comparability,DNK,10_2_DEP,2012
definition_differs,info,Definition differs - limited cross-country comparability,DNK,10_2_DEP,2013
definition_differs,info,Definition differs - limited cross-country comparability,DNK,10_2_DEP,2014
definition_differs,info,Definition differs - limited cross-country comparability,DNK,10_2_DEP,2015
definition_differs,info,Definition differs - limited cross-country comparability,FIN,10_2_DEP,2011
definition_differs,info,Definition differs - limited cross-country comparability,FIN,10_2_DEP,2012
definition_differs,info,Definition differs - limited cross-country comparability,FIN,10_2_DEP,2013
definition_differs,info,Definition differs - limited cross-country comparability,FIN,10_2_DEP,2014
definition_differs,info,Definition differs - limited cross-country comparability,FIN,10_2_DEP,2015
definition_differs,info,Definition differs - limited cross-country comparability,FIN,10_2_DEP,2016
definition_differs,info,Definition differs - limited cross-country comparability,FIN,10_2_DEP,2017
definition_differs,info,Definition differs - limited cross-country comparability,FIN,10_2_DEP,2018
definition_differs,info,Definition differs - limited cross-country comparability,FIN,10_2_DEP,2019
definition_differs,info,Definition differs - limited cross-country comparability,FIN,10_2_DEP,2020
definition_differs,info,Definition differs - limited cross-country comparability,FRA,10_2_DEP,2008
definition_differs,info,Definition differs - limited cross-country comparability,FRA,10_2_DEP,2009
definition_differs,info,Definition differs - limited cross-country comparability,FRA,10_2_DEP,2010
definition_differs,info,Definition differs - limited cross-country comparability,DEU,10_2_DEP,2007
definition_differs,info,Definition differs - limited cross-country comparability,DEU,10_2_DEP,2008
definition_differs,info,Definition differs - limited cross-country comparability,DEU,10_2_DEP,2009
definition_differs,info,Definition differs - limited cross-country comparability,DEU,10_2_DEP,2010
definition_differs,info,Definition differs - limited cross-country comparability,GRC,10_2_DEP,2011
definition_differs,info,Definition differs - limited cross-country comparability,GRC,10_2_DEP,2012
definition_differs,info,Definition differs - limited cross-country comparability,GRC,10_2_DEP,2013
definition_differs,info,Definition differs - limited cross-country comparability,GRC,10_2_DEP,2014
definition_differs,info,Definition differs - limited cross-country comparability,GRC,10_2_DEP,2015
definition_differs,info,Definition differs - limited cross-country comparability,HUN,10_2_DEP,2011
definition_differs,info,Definition differs - limited cross-country comparability,HUN,10_2_DEP,2012
definition_differs,info,Definition differs - limited cross-country comparability,HUN,10_2_DEP,2013
definition_differs,info,Definition differs - limited cross-country comparability,HUN,10_2_DEP,2014
definition_differs,info,Definition differs - limited cross-country comparability,HUN,10_2_DEP,2015
definition_differs,info,Definition differs - limited cross-country comparability,IRL,10_2_DEP,2008
definition_differs,info,Definition differs - limited cross-country comparability,IRL,10_2_DEP,2009
definition_differs,info,Definition differs - limited cross-country comparability,IRL,10_2_DEP,2010
definition_differs,info,Definition differs - limited cross-country comparability,ITA,10_2_DEP,2008
definition_differs,info,Definition differs - limited cross-country comparability,ITA,10_2_DEP,2009
definition_differs,info,Definition differs - limited cross-country comparability,ITA,10_2_DEP,2010
definition_differs,info,Definition differs - limited cross-country comparability,ITA,10_2_DEP,2011
definition_differs,info,Definition differs - limited cross-country comparability,ITA,10_2_DEP,2012
definition_differs,info,Definition differs - limited cross-country comparability,ITA,10_2_DEP,2013
definition_differs,info,Definition differs - limited cross-country comparability,ITA,10_2_DEP,2014
definition_differs,info,Definition differs - limited cross-country comparability,ITA,10_2_DEP,2015
definition_differs,info,Definition differs - limited cross-country comparability,ITA,10_2_DEP,2016
definition_differs,info,Definition differs - limited cross-country comparability,ITA,10_2_DEP,2017
definition_differs,info,Definition differs - limited cross-country comparability,ITA,10_2_DEP,2018
definition_differs,info,Definition differs - limited cross-country comparability,ITA,10_2_DEP,2019
definition_differs,info,Definition differs - limited cross-country comparability,ITA,10_2_DEP,2020
definition_differs,info,Definition differs - limited cross-country comparability,LTU,10_2_DEP,2006
definition_differs,info,Definition differs - limited cross-country comparability,LTU,10_2_DEP,2007
definition_differs,info,Definition differs - limited cross-country comparability,LTU,10_2_DEP,2008
definition_differs,info,Definition differs - limited cross-country comparability,LTU,10_2_DEP,2009
definition_differs,info,Definition differs - limited cross-country comparability,LTU,10_2_DEP,2010
definition_differs,info,Definition differs - limited cross-country comparability,LTU,10_2_DEP,2011
definition_differs,info,Definition differs - limited cross-country comparability,LTU,10_2_DEP,2012
definition_differs,info,Definition differs - limited cross-country comparability,LTU,10_2_DEP,2013
definition_differs,info,Definition differs - limited cross-country comparability,LTU,10_2_DEP,2014
definition_differs,info,Definition differs - limited cross-country comparability,LTU,10_2_DEP,2015
definition_differs,info,Definition differs - limited cross-country comparability,MEX,10_2_DEP,2007
definition_differs,info,Definition differs - limited cross-country comparability,MEX,10_2_DEP,2008
definition_differs,info,Definition differs - limited cross-country comparability,MEX,10_2_DEP,2009
definition_differs,info,Definition differs - limited cross-country comparability,MEX,10_2_DEP,2010
definition_differs,info,Definition differs - limited cross-country comparability,MEX,10_2_DEP,2011
definition_differs,info,Definition differs - limited cross-country comparability,MEX,10_2_DEP,2012
definition_differs,info,Definition differs - limited cross-country comparability,MEX,10_2_DEP,2013
definition_differs,info,Definition differs - limited cross-country comparability,MEX,10_2_DEP,2014
definition_differs,info,Definition differs - limited cross-country comparability,MEX,10_2_DEP,2015
definition_differs,info,Definition differs - limited cross-country comparability,MEX,10_2_DEP,2016
definition_differs,info,Definition differs - limited cross-country comparability,MEX,10_2_DEP,2017
definition_differs,info,Definition differs - limited cross-country comparability,MEX,10_2_DEP,2018
definition_differs,info,Definition differs - limited cross-country comparability,MEX,10_2_DEP,2019
definition_differs,info,Definition differs - limited cross-country comparability,MEX,10_2_DEP,2020
definition_differs,info,Definition differs - limited cross-country comparability,MEX,10_2_DEP,2021
definition_differs,info,Definition differs - limited cross-country comparability,MEX,10_2_DEP,2022
definition_differs,info,Definition differs - limited cross-country comparability,MEX,10_2_DEP,2023
definition_differs,info,Definition differs - limited cross-country comparability,MEX,10_2_DEP,2024
definition_differs,info,Definition differs - limited cross-country comparability,MEX,10_2_DEP,2025
definition_differs,info,Definition differs - limited cross-country comparability,POL,10_2_DEP,2006
definition_differs,info,Definition differs - limited cross-country comparability,POL,10_2_DEP,2007
definition_differs,info,Definition differs - limited cross-country comparability,POL,10_2_DEP,2008
definition_differs,info,Definition differs - limited cross-country comparability,POL,10_2_DEP,2009
definition_differs,info,Definition differs - limited cross-country comparability,POL,10_2_DEP,2010
definition_differs,info,Definition differs - limited cross-country comparability,SVK,10_2_DEP,2011
definition_differs,info,Definition differs - limited cross-country comparability,SVK,10_2_DEP,2012
definition_differs,info,Definition differs - limited cross-country comparability,SVK,10_2_DEP,2013
definition_differs,info,Definition differs - limited cross-country comparability,SVK,10_2_DEP,2014
definition_differs,info,Definition differs - limited cross-country comparability,SVK,10_2_DEP,2015
definition_differs,info,Definition differs - limited cross-country comparability,SVN,10_2_DEP,2011
definition_differs,info,Definition differs - limited cross-country comparability,SVN,10_2_DEP,2012
definition_differs,info,Definition differs - limited cross-country comparability,SVN,10_2_DEP,2013
definition_differs,info,Definition differs - limited cross-country comparability,SVN,10_2_DEP,2014
definition_differs,info,Definition differs - limited cross-country comparability,SVN,10_2_DEP,2015
definition_differs,info,Definition differs - limited cross-country comparability,ESP,10_2_DEP,2008
definition_differs,info,Definition differs - limited cross-country comparability,ESP,10_2_DEP,2009
definition_differs,info,Definition differs - limited cross-country comparability,ESP,10_2_DEP,2010
definition_differs,info,Definition differs - limited cross-country comparability,ESP,10_2_DEP,2011
definition_differs,info,Definition differs - limited cross-country comparability,ESP,10_2_DEP,2012
definition_differs,info,Definition differs - limited cross-country comparability,ESP,10_2_DEP,2013
definition_differs,info,Definition differs - limited cross-country comparability,ESP,10_2_DEP,2014
definition_differs,info,Definition differs - limited cross-country comparability,ESP,10_2_DEP,2015
definition_differs,info,Definition differs - limited cross-country comparability,ESP,10_2_DEP,2016
definition_differs,info,Definition differs - limited cross-country comparability,ESP,10_2_DEP,2017
definition_differs,info,Definition differs - limited cross-country comparability,ESP,10_2_DEP,2018
definition_differs,info,Definition differs - limited cross-country comparability,ESP,10_2_DEP,2019
definition_differs,info,Definition differs - limited cross-country comparability,ESP,10_2_DEP,2020
definition_differs,info,Definition differs - limited cross-country comparability,ESP,10_2_DEP,2021
definition_differs,info,Definition differs - limited cross-country comparability,ESP,10_2_DEP,2022
definition_differs,info,Definition differs - limited cross-country comparability,ESP,10_2_DEP,2023
definition_differs,info,Definition differs - limited cross-country comparability,ESP,10_2_DEP,2024
definition_differs,info,Definition differs - limited cross-country comparability,ESP,10_2_DEP,2025
definition_differs,info,Definition differs - limited cross-country comparability,TUR,10_2_DEP,2011
definition_differs,info,Definition differs - limited cross-country comparability,TUR,10_2_DEP,2012
definition_differs,info,Definition differs - limited cross-country comparability,TUR,10_2_DEP,2013
definition_differs,info,Definition differs - limited cross-country comparability,TUR,10_2_DEP,2014
definition_differs,info,Definition differs - limited cross-country comparability,TUR,10_2_DEP,2015
definition_differs,info,Definition differs - limited cross-country comparability,ARG,10_2_DEP,2011
definition_differs,info,Definition differs - limited cross-country comparability,ARG,10_2_DEP,2012
definition_differs,info,Definition differs - limited cross-country comparability,ARG,10_2_DEP,2013
definition_differs,info,Definition differs - limited cross-country comparability,ARG,10_2_DEP,2014
definition_differs,info,Definition differs - limited cross-country comparability,ARG,10_2_DEP,2015
definition_differs,info,Definition differs - limited cross-country comparability,ARG,10_2_DEP,2016
definition_differs,info,Definition differs - limited cross-country comparability,ARG,10_2_DEP,2017
definition_differs,info,Definition differs - limited cross-country comparability,ARG,10_2_DEP,2018
definition_differs,info,Definition differs - limited cross-country comparability,ARG,10_2_DEP,2019
definition_differs,info,Definition differs - limited cross-country comparability,ARG,10_2_DEP,2020
definition_differs,info,Definition differs - limited cross-country comparability,ARG,10_2_DEP,2021
definition_differs,info,Definition differs - limited cross-country comparability,ARG,10_2_DEP,2022
definition_differs,info,Definition differs - limited cross-country comparability,ARG,10_2_DEP,2023
definition_differs,info,Definition differs - limited cross-country comparability,ARG,10_2_DEP,2024
definition_differs,info,Definition differs - limited cross-country comparability,ARG,10_2_DEP,2025
definition_differs,info,Definition differs - limited cross-country comparability,BRA,10_2_DEP,2011
definition_differs,info,Definition differs - limited cross-country comparability,BRA,10_2_DEP,2012
definition_differs,info,Definition differs - limited cross-country comparability,BRA,10_2_DEP,2013
definition_differs,info,Definition differs - limited cross-country comparability,BRA,10_2_DEP,2014
definition_differs,info,Definition differs - limited cross-country comparability,BRA,10_2_DEP,2015
definition_differs,info,Definition differs - limited cross-country comparability,BRA,10_2_DEP,2016
definition_differs,info,Definition differs - limited cross-country comparability,BRA,10_2_DEP,2017
definition_differs,info,Definition differs - limited cross-country comparability,BRA,10_2_DEP,2018
definition_differs,info,Definition differs - limited cross-country comparability,BRA,10_2_DEP,2019
definition_differs,info,Definition differs - limited cross-country comparability,BRA,10_2_DEP,2020
definition_differs,info,Definition differs - limited cross-country comparability,BRA,10_2_DEP,2021
definition_differs,info,Definition differs - limited cross-country comparability,BRA,10_2_DEP,2022
definition_differs,info,Definition differs - limited cross-country comparability,BRA,10_2_DEP,2023
definition_differs,info,Definition differs - limited cross-country comparability,BRA,10_2_DEP,2024
definition_differs,info,Definition differs - limited cross-country comparability,BRA,10_2_DEP,2025
definition_differs,info,Definition differs - limited cross-country comparability,HRV,10_2_DEP,2011
definition_differs,info,Definition differs - limited cross-country comparability,HRV,10_2_DEP,2012
definition_differs,info,Definition differs - limited cross-country comparability,HRV,10_2_DEP,2013
definition_differs,info,Definition differs - limited cross-country comparability,HRV,10_2_DEP,2014
definition_differs,info,Definition differs - limited cross-country comparability,HRV,10_2_DEP,2015
definition_differs,info,Definition differs - limited cross-country comparability,IDN,10_2_DEP,2006
definition_differs,info,Definition differs - limited cross-country comparability,IDN,10_2_DEP,2007
definition_differs,info,Definition differs - limited cross-country comparability,IDN,10_2_DEP,2008
definition_differs,info,Definition differs - limited cross-country comparability,IDN,10_2_DEP,2009
definition_differs,info,Definition differs - limited cross-country comparability,IDN,10_2_DEP,2010
definition_differs,info,Definition differs - limited cross-country comparability,IDN,10_2_DEP,2011
definition_differs,info,Definition differs - limited cross-country comparability,IDN,10_2_DEP,2012
definition_differs,info,Definition differs - limited cross-country comparability,IDN,10_2_DEP,2013
definition_differs,info,Definition differs - limited cross-country comparability,IDN,10_2_DEP,2014
definition_differs,info,Definition differs - limited cross-country comparability,IDN,10_2_DEP,2015
definition_differs,info,Definition differs - limited cross-country comparability,IDN,10_2_DEP,2016
definition_differs,info,Definition differs - limited cross-country comparability,IDN,10_2_DEP,2017
definition_differs,info,Definition differs - limited cross-country comparability,IDN,10_2_DEP,2018
definition_differs,info,Definition differs - limited cross-country comparability,IDN,10_2_DEP,2019
definition_differs,info,Definition differs - limited cross-country comparability,IDN,10_2_DEP,2020
definition_differs,info,Definition differs - limited cross-country comparability,IDN,10_2_DEP,2021
definition_differs,info,Definition differs - limited cross-country comparability,IDN,10_2_DEP,2022
definition_differs,info,Definition differs - limited cross-country comparability,IDN,10_2_DEP,2023
definition_differs,info,Definition differs - limited cross-country comparability,IDN,10_2_DEP,2024
definition_differs,info,Definition differs - limited cross-country comparability,IDN,10_2_DEP,2025
definition_differs,info,Definition differs - limited cross-country comparability,PER,10_2_DEP,2007
definition_differs,info,Definition differs - limited cross-country comparability,PER,10_2_DEP,2008
definition_differs,info,Definition differs - limited cross-country comparability,PER,10_2_DEP,2009
definition_differs,info,Definition differs - limited cross-country comparability,PER,10_2_DEP,2010
definition_differs,info,Definition differs - limited cross-country comparability,PER,10_2_DEP,2011
definition_differs,info,Definition differs - limited cross-country comparability,PER,10_2_DEP,2012
definition_differs,info,Definition differs - limited cross-country comparability,PER,10_2_DEP,2013
definition_differs,info,Definition differs - limited cross-country comparability,PER,10_2_DEP,2014
definition_differs,info,Definition differs - limited cross-country comparability,PER,10_2_DEP,2015
definition_differs,info,Definition differs - limited cross-country comparability,PER,10_2_DEP,2016
definition_differs,info,Definition differs - limited cross-country comparability,PER,10_2_DEP,2017
definition_differs,info,Definition differs - limited cross-country comparability,PER,10_2_DEP,2018
definition_differs,info,Definition differs - limited cross-country comparability,PER,10_2_DEP,2019
definition_differs,info,Definition differs - limited cross-country comparability,PER,10_2_DEP,2020
definition_differs,info,Definition differs - limited cross-country comparability,PER,10_2_DEP,2021
definition_differs,info,Definition differs - limited cross-country comparability,PER,10_2_DEP,2022
definition_differs,info,Definition differs - limited cross-country comparability,PER,10_2_DEP,2023
definition_differs,info,Definition differs - limited cross-country comparability,PER,10_2_DEP,2024
definition_differs,info,Definition differs - limited cross-country comparability,PER,10_2_DEP,2025
definition_differs,info,Definition differs - limited cross-country comparability,ROU,10_2_DEP,2011
definition_differs,info,Definition differs - limited cross-country comparability,ROU,10_2_DEP,2012
definition_differs,info,Definition differs - limited cross-country comparability,ROU,10_2_DEP,2013
definition_differs,info,Definition differs - limited cross-country comparability,ROU,10_2_DEP,2014
definition_differs,info,Definition differs - limited cross-country comparability,ROU,10_2_DEP,2015
definition_differs,info,Definition differs - limited cross-country comparability,ROU,10_2_DEP,2016
definition_differs,info,Definition differs - limited cross-country comparability,ROU,10_2_DEP,2017
definition_differs,info,Definition differs - limited cross-country comparability,ROU,10_2_DEP,2018
definition_differs,info,Definition differs - limited cross-country comparability,ROU,10_2_DEP,2019
definition_differs,info,Definition differs - limited cross-country comparability,ROU,10_2_DEP,2020
definition_differs,info,Definition differs - limited cross-country comparability,ZAF,10_2_DEP,2006
definition_differs,info,Definition differs - limited cross-country comparability,ZAF,10_2_DEP,2007
definition_differs,info,Definition differs - limited cross-country comparability,ZAF,10_2_DEP,2008
definition_differs,info,Definition differs - limited cross-country comparability,ZAF,10_2_DEP,2009
definition_differs,info,Definition differs - limited cross-country comparability,ZAF,10_2_DEP,2010
definition_differs,info,Definition differs - limited cross-country comparability,ZAF,10_2_DEP,2011
definition_differs,info,Definition differs - limited cross-country comparability,ZAF,10_2_DEP,2012
definition_differs,info,Definition differs - limited cross-country comparability,ZAF,10_2_DEP,2013
definition_differs,info,Definition differs - limited cross-country comparability,ZAF,10_2_DEP,2014
definition_differs,info,Definition differs - limited cross-country comparability,ZAF,10_2_DEP,2015
definition_differs,info,Definition differs - limited cross-country comparability,ZAF,10_2_DEP,2016
definition_differs,info,Definition differs - limited cross-country comparability,ZAF,10_2_DEP,2017
definition_differs,info,Definition differs - limited cross-country comparability,ZAF,10_2_DEP,2018
definition_differs,info,Definition differs - limited cross-country comparability,ZAF,10_2_DEP,2019
definition_differs,info,Definition differs - limited cross-country comparability,ZAF,10_2_DEP,2020
definition_differs,info,Definition differs - limited cross-country comparability,ZAF,10_2_DEP,2021
definition_differs,info,Definition differs - limited cross-country comparability,ZAF,10_2_DEP,2022
definition_differs,info,Definition differs - limited cross-country comparability,ZAF,10_2_DEP,2023
definition_differs,info,Definition differs - limited cross-country comparability,ZAF,10_2_DEP,2024
definition_differs,info,Definition differs - limited cross-country comparability,ZAF,10_2_DEP,2025
definition_differs,info,Definition differs - limited cross-country comparability,THA,10_2_DEP,2008
definition_differs,info,Definition differs - limited cross-country comparability,THA,10_2_DEP,2009
definition_differs,info,Definition differs - limited cross-country comparability,THA,10_2_DEP,2010
definition_differs,info,Definition differs - limited cross-country comparability,THA,10_2_DEP,2011
definition_differs,info,Definition differs - limited cross-country comparability,THA,10_2_DEP,2012
definition_differs,info,Definition differs - limited cross-country comparability,THA,10_2_DEP,2013
definition_differs,info,Definition differs - limited cross-country comparability,THA,10_2_DEP,2014
definition_differs,info,Definition differs - limited cross-country comparability,THA,10_2_DEP,2015
definition_differs,info,Definition differs - limited cross-country comparability,THA,10_2_DEP,2021
definition_differs,info,Definition differs - limited cross-country comparability,THA,10_2_DEP,2022
definition_differs,info,Definition differs - limited cross-country comparability,THA,10_2_DEP,2023
definition_differs,info,Definition differs - limited cross-country comparability,THA,10_2_DEP,2024
definition_differs,info,Definition differs - limited cross-country comparability,THA,10_2_DEP,2025
definition_differs,info,Definition differs - limited cross-country comparability,ISL,10_2_DEP,2008
definition_differs,info,Definition differs - limited cross-country comparability,ISL,10_2_DEP,2008
definition_differs,info,Definition differs - limited cross-country comparability,LUX,10_2_DEP,2008
definition_differs,info,Definition differs - limited cross-country comparability,LUX,10_2_DEP,2010
definition_differs,info,Definition differs - limited cross-country comparability,LUX,10_2_DEP,2011
definition_differs,info,Definition differs - limited cross-country comparability,NOR,10_2_DEP,2006
definition_differs,info,Definition differs - limited cross-country comparability,NOR,10_2_DEP,2006
definition_differs,info,Definition differs - limited cross-country comparability,NOR,10_2_DEP,2008
definition_differs,info,Definition differs - limited cross-country comparability,NOR,10_2_DEP,2008
definition_differs,info,Definition differs - limited cross-country comparability,SVN,10_2_DEP,2006
definition_differs,info,Definition differs - limited cross-country comparability,SVN,10_2_DEP,2009
definition_differs,info,Definition differs - limited cross-country comparability,SVN,10_2_DEP,2010
definition_differs,info,Definition differs - limited cross-country comparability,SVN,10_2_DEP,2011
definition_differs,info,Definition differs - limited cross-country comparability,CHE,10_2_DEP,2006
definition_differs,info,Definition differs - limited cross-country comparability,CHE,10_2_DEP,2009
definition_differs,info,Definition differs - limited cross-country comparability,HRV,10_2_DEP,2006
definition_differs,info,Definition differs - limited cross-country comparability,HRV,10_2_DEP,2006
definition_differs,info,Definition differs - limited cross-country comparability,HRV,10_2_DEP,2011
definition_differs,info,Definition differs - limited cross-country comparability,HRV,10_2_DEP,2011
definition_differs,info,Definition differs - limited cross-country comparability,AUS,10_2_DEP,2006
definition_differs,info,Definition differs - limited cross-country comparability,AUS,10_2_DEP,2007
definition_differs,info,Definition differs - limited cross-country comparability,AUS,10_2_DEP,2008
definition_differs,info,Definition differs - limited cross-country comparability,AUS,10_2_DEP,2010
definition_differs,info,Definition differs - limited cross-country comparability,AUS,10_2_DEP,2011
definition_differs,info,Definition differs - limited cross-country comparability,AUT,10_2_DEP,2006
definition_differs,info,Definition differs - limited cross-country comparability,AUT,10_2_DEP,2008
definition_differs,info,Definition differs - limited cross-country comparability,AUT,10_2_DEP,2009
definition_differs,info,Definition differs - limited cross-country comparability,AUT,10_2_DEP,2010
definition_differs,info,Definition differs - limited cross-country comparability,AUT,10_2_DEP,2011
definition_differs,info,Definition differs - limited cross-country comparability,BEL,10_2_DEP,2006
definition_differs,info,Definition differs - limited cross-country comparability,BEL,10_2_DEP,2007
definition_differs,info,Definition differs - limited cross-country comparability,BEL,10_2_DEP,2008
definition_differs,info,Definition differs - limited cross-country comparability,BEL,10_2_DEP,2010
definition_differs,info,Definition differs - limited cross-country comparability,BEL,10_2_DEP,2011
definition_differs,info,Definition differs - limited cross-country comparability,CZE,10_2_DEP,2020
definition_differs,info,Definition differs - limited cross-country comparability,CZE,10_2_DEP,2021
definition_differs,info,Definition differs - limited cross-country comparability,CZE,10_2_DEP,2022
definition_differs,info,Definition differs - limited cross-country comparability,CZE,10_2_DEP,2023
definition_differs,info,Definition differs - limited cross-country comparability,CZE,10_2_DEP,2024
definition_differs,info,Definition differs - limited cross-country comparability,CZE,10_2_DEP,2025
definition_differs,info,Definition differs - limited cross-country comparability,EST,10_2_DEP,2006
definition_differs,info,Definition differs - limited cross-country comparability,EST,10_2_DEP,2007
definition_differs,info,Definition differs - limited cross-country comparability,EST,10_2_DEP,2008
definition_differs,info,Definition differs - limited cross-country comparability,EST,10_2_DEP,2009
definition_differs,info,Definition differs - limited cross-country comparability,EST,10_2_DEP,2011
definition_differs,info,Definition differs - limited cross-country comparability,FIN,10_2_DEP,2006
definition_differs,info,Definition differs - limited cross-country comparability,FIN,10_2_DEP,2008
definition_differs,info,Definition differs - limited cross-country comparability,FIN,10_2_DEP,2010
definition_differs,info,Definition differs - limited cross-country comparability,FIN,10_2_DEP,2011
definition_differs,info,Definition differs - limited cross-country comparability,GRC,10_2_DEP,2006
definition_differs,info,Definition differs - limited cross-country comparability,GRC,10_2_DEP,2007
definition_differs,info,Definition differs - limited cross-country comparability,GRC,10_2_DEP,2009
definition_differs,info,Definition differs - limited cross-country comparability,GRC,10_2_DEP,2010
definition_differs,info,Definition differs - limited cross-country comparability,GRC,10_2_DEP,2011
definition_differs,info,Definition differs - limited cross-country comparability,HUN,10_2_DEP,2006
definition_differs,info,Definition differs - limited cross-country comparability,HUN,10_2_DEP,2007
definition_differs,info,Definition differs - limited cross-country comparability,HUN,10_2_DEP,2008
definition_differs,info,Definition differs - limited cross-country comparability,HUN,10_2_DEP,2010
definition_differs,info,Definition differs - limited cross-country comparability,HUN,10_2_DEP,2011
definition_differs,info,Definition differs - limited cross-country comparability,ISL,10_2_DEP,2008
definition_differs,info,Definition differs - limited cross-country comparability,ISL,10_2_DEP,2012
definition_differs,info,Definition differs - limited cross-country comparability,ISL,10_2_DEP,2013
definition_differs,info,Definition differs - limited cross-country comparability,ISL,10_2_DEP,2015
definition_differs,info,Definition differs - limited cross-country comparability,ISL,10_2_DEP,2016
definition_differs,info,Definition differs - limited cross-country comparability,ISL,10_2_DEP,2017
definition_differs,info,Definition differs - limited cross-country comparability,IRL,10_2_DEP,2006
definition_differs,info,Definition differs - limited cross-country comparability,IRL,10_2_DEP,2008
definition_differs,info,Definition differs - limited cross-country comparability,IRL,10_2_DEP,2009
definition_differs,info,Definition differs - limited cross-country comparability,IRL,10_2_DEP,2010
definition_differs,info,Definition differs - limited cross-country comparability,IRL,10_2_DEP,2011
definition_differs,info,Definition differs - limited cross-country comparability,LUX,10_2_DEP,2008
definition_differs,info,Definition differs - limited cross-country comparability,LUX,10_2_DEP,2010
definition_differs,info,Definition differs - limited cross-country comparability,LUX,10_2_DEP,2011
definition_differs,info,Definition differs - limited cross-country comparability,LUX,10_2_DEP,2019
definition_differs,info,Definition differs - limited cross-country comparability,LUX,10_2_DEP,2022
definition_differs,info,Definition differs - limited cross-country comparability,LUX,10_2_DEP,2023
definition_differs,info,Definition differs - limited cross-country comparability,LUX,10_2_DEP,2025
definition_differs,info,Definition differs - limited cross-country comparability,NLD,10_2_DEP,2006
definition_differs,info,Definition differs - limited cross-country comparability,NLD,10_2_DEP,2007
definition_differs,info,Definition differs - limited cross-country comparability,NLD,10_2_DEP,2008
definition_differs,info,Definition differs - limited cross-country comparability,NLD,10_2_DEP,2010
definition_differs,info,Definition differs - limited cross-country comparability,NLD,10_2_DEP,2011
definition_differs,info,Definition differs - limited cross-country comparability,NZL,10_2_DEP,2006
definition_differs,info,Definition differs - limited cross-country comparability,NZL,10_2_DEP,2007
definition_differs,info,Definition differs - limited cross-country comparability,NZL,10_2_DEP,2008
definition_differs,info,Definition differs - limited cross-country comparability,NZL,10_2_DEP,2010
definition_differs,info,Definition differs - limited cross-country comparability,NZL,10_2_DEP,2011
definition_differs,info,Definition differs - limited cross-country comparability,NOR,10_2_DEP,2006
definition_differs,info,Definition differs - limited cross-country comparability,NOR,10_2_DEP,2008
definition_differs,info,Definition differs - limited cross-country comparability,NOR,10_2_DEP,2012
definition_differs,info,Definition differs - limited cross-country comparability,NOR,10_2_DEP,2014
definition_differs,info,Definition differs - limited cross-country comparability,NOR,10_2_DEP,2015
definition_differs,info,Definition differs - limited cross-country comparability,NOR,10_2_DEP,2016
definition_differs,info,Definition differs - limited cross-country comparability,NOR,10_2_DEP,2017
definition_differs,info,Definition differs - limited cross-country comparability,NOR,10_2_DEP,2018
definition_differs,info,Definition differs - limited cross-country comparability,PRT,10_2_DEP,2006
definition_differs,info,Definition differs - limited cross-country comparability,PRT,10_2_DEP,2008
definition_differs,info,Definition differs - limited cross-country comparability,PRT,10_2_DEP,2009
definition_differs,info,Definition differs - limited cross-country comparability,PRT,10_2_DEP,2010
definition_differs,info,Definition differs - limited cross-country comparability,PRT,10_2_DEP,2011
definition_differs,info,Definition differs - limited cross-country comparability,SVK,10_2_DEP,2006
definition_differs,info,Definition differs - limited cross-country comparability,SVK,10_2_DEP,2010
definition_differs,info,Definition differs - limited cross-country comparability,SVK,10_2_DEP,2011
definition_differs,info,Definition differs - limited cross-country comparability,SVN,10_2_DEP,2006
definition_differs,info,Definition differs - limited cross-country comparability,SVN,10_2_DEP,2009
definition_differs,info,Definition differs - limited cross-country comparability,SVN,10_2_DEP,2010
definition_differs,info,Definition differs - limited cross-country comparability,SVN,10_2_DEP,2011
definition_differs,info,Definition differs - limited cross-country comparability,CHE,10_2_DEP,2006
definition_differs,info,Definition differs - limited cross-country comparability,CHE,10_2_DEP,2009
definition_differs,info,Definition differs - limited cross-country comparability,CHE,10_2_DEP,2012
definition_differs,info,Definition differs - limited cross-country comparability,CHE,10_2_DEP,2014
definition_differs,info,Definition differs - limited cross-country comparability,CHE,10_2_DEP,2015
definition_differs,info,Definition differs - limited cross-country comparability,CHE,10_2_DEP,2016
definition_differs,info,Definition differs - limited cross-country comparability,CHE,10_2_DEP,2017
definition_differs,info,Definition differs - limited cross-country comparability,CHE,10_2_DEP,2018
definition_differs,info,Definition differs - limited cross-country comparability,BGR,10_2_DEP,2006
definition_differs,info,Definition differs - limited cross-country comparability,BGR,10_2_DEP,2009
definition_differs,info,Definition differs - limited cross-country comparability,BGR,10_2_DEP,2010
definition_differs,info,Definition differs - limited cross-country comparability,BGR,10_2_DEP,2011
definition_differs,info,Definition differs - limited cross-country comparability,HRV,10_2_DEP,2006
definition_differs,info,Definition differs - limited cross-country comparability,HRV,10_2_DEP,2011
definition_differs,info,Definition differs - limited cross-country comparability,ROU,10_2_DEP,2006
definition_differs,info,Definition differs - limited cross-country comparability,ROU,10_2_DEP,2007
definition_differs,info,Definition differs - limited cross-country comparability,ROU,10_2_DEP,2009
definition_differs,info,Definition differs - limited cross-country comparability,ROU,10_2_DEP,2010
definition_differs,info,Definition differs - limited cross-country comparability,ROU,10_2_DEP,2011
definition_differs,info,Definition differs - limited cross-country comparability,AUS,10_2_DEP,2012
definition_differs,info,Definition differs - limited cross-country comparability,AUS,10_2_DEP,2013
definition_differs,info,Definition differs - limited cross-country comparability,AUS,10_2_DEP,2014
definition_differs,info,Definition differs - limited cross-country comparability,AUS,10_2_DEP,2015
definition_differs,info,Definition differs - limited cross-country comparability,AUS,10_2_DEP,2016
definition_differs,info,Definition differs - limited cross-country comparability,AUS,10_2_DEP,2017
definition_differs,info,Definition differs - limited cross-country comparability,AUS,10_2_DEP,2018
definition_differs,info,Definition differs - limited cross-country comparability,AUS,10_2_DEP,2019
definition_differs,info,Definition differs - limited cross-country comparability,AUS,10_2_DEP,2020
definition_differs,info,Definition differs - limited cross-country comparability,AUS,10_2_DEP,2021
definition_differs,info,Definition differs - limited cross-country comparability,AUS,10_2_DEP,2022
definition_differs,info,Definition differs - limited cross-country comparability,AUS,10_2_DEP,2023
definition_differs,info,Definition differs - limited cross-country comparability,AUS,10_2_DEP,2024
definition_differs,info,Definition differs - limited cross-country comparability,AUS,10_2_DEP,2025
definition_differs,info,Definition differs - limited cross-country comparability,AUT,10_2_DEP,2019
definition_differs,info,Definition differs - limited cross-country comparability,AUT,10_2_DEP,2020
definition_differs,info,Definition differs - limited cross-country comparability,AUT,10_2_DEP,2021
definition_differs,info,Definition differs - limited cross-country comparability,AUT,10_2_DEP,2022
definition_differs,info,Definition differs - limited cross-country comparability,AUT,10_2_DEP,2023
definition_differs,info,Definition differs - limited cross-country comparability,AUT,10_2_DEP,2024
definition_differs,info,Definition differs - limited cross-country comparability,AUT,10_2_DEP,2025
definition_differs,info,Definition differs - limited cross-country comparability,CAN,10_2_DEP,2006
definition_differs,info,Definition differs - limited cross-country comparability,CAN,10_2_DEP,2007
definition_differs,info,Definition differs - limited cross-country comparability,CAN,10_2_DEP,2008
definition_differs,info,Definition differs - limited cross-country comparability,CAN,10_2_DEP,2009
definition_differs,info,Definition differs - limited cross-country comparability,CAN,10_2_DEP,2010
definition_differs,info,Definition differs - limited cross-country comparability,CAN,10_2_DEP,2011
definition_differs,info,Definition differs - limited cross-country comparability,CAN,10_2_DEP,2012
definition_differs,info,Definition differs - limited cross-country comparability,CAN,10_2_DEP,2013
definition_differs,info,Definition differs - limited cross-country comparability,CAN,10_2_DEP,2014
definition_differs,info,Definition differs - limited cross-country comparability,CAN,10_2_DEP,2015
definition_differs,info,Definition differs - limited cross-country comparability,CAN,10_2_DEP,2016
definition_differs,info,Definition differs - limited cross-country comparability,CAN,10_2_DEP,2017
definition_differs,info,Definition differs - limited cross-country comparability,CAN,10_2_DEP,2018
definition_differs,info,Definition differs - limited cross-country comparability,CAN,10_2_DEP,2019
definition_differs,info,Definition differs - limited cross-country comparability,CAN,10_2_DEP,2020
definition_differs,info,Definition differs - limited cross-country comparability,CAN,10_2_DEP,2021
definition_differs,info,Definition differs - limited cross-country comparability,CAN,10_2_DEP,2022
definition_differs,info,Definition differs - limited cross-country comparability,CAN,10_2_DEP,2023
definition_differs,info,Definition differs - limited cross-country comparability,CAN,10_2_DEP,2024
definition_differs,info,Definition differs - limited cross-country comparability,CAN,10_2_DEP,2025
definition_differs,info,Definition differs - limited cross-country comparability,DNK,10_2_DEP,2006
definition_differs,info,Definition differs - limited cross-country comparability,DNK,10_2_DEP,2007
definition_differs,info,Definition differs - limited cross-country comparability,DNK,10_2_DEP,2008
definition_differs,info,Definition differs - limited cross-country comparability,DNK,10_2_DEP,2009
definition_differs,info,Definition differs - limited cross-country comparability,DNK,10_2_DEP,2010
definition_differs,info,Definition differs - limited cross-country comparability,DNK,10_2_DEP,2011
definition_differs,info,Definition differs - limited cross-country comparability,EST,10_2_DEP,2019
definition_differs,info,Definition differs - limited cross-country comparability,EST,10_2_DEP,2020
definition_differs,info,Definition differs - limited cross-country comparability,EST,10_2_DEP,2021
definition_differs,info,Definition differs - limited cross-country comparability,EST,10_2_DEP,2022
definition_differs,info,Definition differs - limited cross-country comparability,EST,10_2_DEP,2023
definition_differs,info,Definition differs - limited cross-country comparability,EST,10_2_DEP,2024
definition_differs,info,Definition differs - limited cross-country comparability,EST,10_2_DEP,2025
definition_differs,info,Definition differs - limited cross-country comparability,FIN,10_2_DEP,2012
definition_differs,info,Definition differs - limited cross-country comparability,FIN,10_2_DEP,2013
definition_differs,info,Definition differs - limited cross-country comparability,FIN,10_2_DEP,2014
definition_differs,info,Definition differs - limited cross-country comparability,FIN,10_2_DEP,2015
definition_differs,info,Definition differs - limited cross-country comparability,FIN,10_2_DEP,2016
definition_differs,info,Definition differs - limited cross-country comparability,FIN,10_2_DEP,2017
definition_differs,info,Definition differs - limited cross-country comparability,FIN,10_2_DEP,2018
definition_differs,info,Definition differs - limited cross-country comparability,FIN,10_2_DEP,2019
definition_differs,info,Definition differs - limited cross-country comparability,FIN,10_2_DEP,2020
definition_differs,info,Definition differs - limited cross-country comparability,FIN,10_2_DEP,2021
definition_differs,info,Definition differs - limited cross-country comparability,FIN,10_2_DEP,2022
definition_differs,info,Definition differs - limited cross-country comparability,FIN,10_2_DEP,2023
definition_differs,info,Definition differs - limited cross-country comparability,FIN,10_2_DEP,2024
definition_differs,info,Definition differs - limited cross-country comparability,FIN,10_2_DEP,2025
definition_differs,info,Definition differs - limited cross-country comparability,FRA,10_2_DEP,2019
definition_differs,info,Definition differs - limited cross-country comparability,FRA,10_2_DEP,2020
definition_differs,info,Definition differs - limited cross-country comparability,FRA,10_2_DEP,2021
definition_differs,info,Definition differs - limited cross-country comparability,FRA,10_2_DEP,2022
definition_differs,info,Definition differs - limited cross-country comparability,FRA,10_2_DEP,2023
definition_differs,info,Definition differs - limited cross-country comparability,FRA,10_2_DEP,2024
definition_differs,info,Definition differs - limited cross-country comparability,FRA,10_2_DEP,2025
definition_differs,info,Definition differs - limited cross-country comparability,DEU,10_2_DEP,2019
definition_differs,info,Definition differs - limited cross-country comparability,DEU,10_2_DEP,2020
definition_differs,info,Definition differs - limited cross-country comparability,DEU,10_2_DEP,2021
definition_differs,info,Definition differs - limited cross-country comparability,DEU,10_2_DEP,2022
definition_differs,info,Definition differs - limited cross-country comparability,DEU,10_2_DEP,2023
definition_differs,info,Definition differs - limited cross-country comparability,DEU,10_2_DEP,2024
definition_differs,info,Definition differs - limited cross-country comparability,DEU,10_2_DEP,2025
definition_differs,info,Definition differs - limited cross-country comparability,GRC,10_2_DEP,2019
definition_differs,info,Definition differs - limited cross-country comparability,GRC,10_2_DEP,2020
definition_differs,info,Definition differs - limited cross-country comparability,GRC,10_2_DEP,2021
definition_differs,info,Definition differs - limited cross-country comparability,GRC,10_2_DEP,2022
definition_differs,info,Definition differs - limited cross-country comparability,GRC,10_2_DEP,2023
definition_differs,info,Definition differs - limited cross-country comparability,GRC,10_2_DEP,2024
definition_differs,info,Definition differs - limited cross-country comparability,GRC,10_2_DEP,2025
definition_differs,info,Definition differs - limited cross-country comparability,HUN,10_2_DEP,2012
definition_differs,info,Definition differs - limited cross-country comparability,HUN,10_2_DEP,2013
definition_differs,info,Definition differs - limited cross-country comparability,HUN,10_2_DEP,2014
definition_differs,info,Definition differs - limited cross-country comparability,HUN,10_2_DEP,2015
definition_differs,info,Definition differs - limited cross-country comparability,HUN,10_2_DEP,2016
definition_differs,info,Definition differs - limited cross-country comparability,HUN,10_2_DEP,2017
definition_differs,info,Definition differs - limited cross-country comparability,HUN,10_2_DEP,2018
definition_differs,info,Definition differs - limited cross-country comparability,HUN,10_2_DEP,2019
definition_differs,info,Definition differs - limited cross-country comparability,HUN,10_2_DEP,2020
definition_differs,info,Definition differs - limited cross-country comparability,HUN,10_2_DEP,2021
definition_differs,info,Definition differs - limited cross-country comparability,HUN,10_2_DEP,2022
definition_differs,info,Definition differs - limited cross-country comparability,HUN,10_2_DEP,2023
definition_differs,info,Definition differs - limited cross-country comparability,HUN,10_2_DEP,2024
definition_differs,info,Definition differs - limited cross-country comparability,HUN,10_2_DEP,2025
definition_differs,info,Definition differs - limited cross-country comparability,ISL,10_2_DEP,2019
definition_differs,info,Definition differs - limited cross-country comparability,ISL,10_2_DEP,2020
definition_differs,info,Definition differs - limited cross-country comparability,ISL,10_2_DEP,2021
definition_differs,info,Definition differs - limited cross-country comparability,ISL,10_2_DEP,2022
definition_differs,info,Definition differs - limited cross-country comparability,ISL,10_2_DEP,2023
definition_differs,info,Definition differs - limited cross-country comparability,ISL,10_2_DEP,2024
definition_differs,info,Definition differs - limited cross-country comparability,ISL,10_2_DEP,2025
definition_differs,info,Definition differs - limited cross-country comparability,ITA,10_2_DEP,2006
definition_differs,info,Definition differs - limited cross-country comparability,ITA,10_2_DEP,2007
definition_differs,info,Definition differs - limited cross-country comparability,ITA,10_2_DEP,2008
definition_differs,info,Definition differs - limited cross-country comparability,ITA,10_2_DEP,2009
definition_differs,info,Definition differs - limited cross-country comparability,ITA,10_2_DEP,2010
definition_differs,info,Definition differs - limited cross-country comparability,ITA,10_2_DEP,2011
definition_differs,info,Definition differs - limited cross-country comparability,ITA,10_2_DEP,2019
definition_differs,info,Definition differs - limited cross-country comparability,ITA,10_2_DEP,2020
definition_differs,info,Definition differs - limited cross-country comparability,ITA,10_2_DEP,2021
definition_differs,info,Definition differs - limited cross-country comparability,ITA,10_2_DEP,2022
definition_differs,info,Definition differs - limited cross-country comparability,ITA,10_2_DEP,2023
definition_differs,info,Definition differs - limited cross-country comparability,ITA,10_2_DEP,2024
definition_differs,info,Definition differs - limited cross-country comparability,ITA,10_2_DEP,2025
definition_differs,info,Definition differs - limited cross-country comparability,JPN,10_2_DEP,2012
definition_differs,info,Definition differs - limited cross-country comparability,JPN,10_2_DEP,2013
definition_differs,info,Definition differs - limited cross-country comparability,JPN,10_2_DEP,2014
definition_differs,info,Definition differs - limited cross-country comparability,JPN,10_2_DEP,2015
definition_differs,info,Definition differs - limited cross-country comparability,JPN,10_2_DEP,2016
definition_differs,info,Definition differs - limited cross-country comparability,JPN,10_2_DEP,2017
definition_differs,info,Definition differs - limited cross-country comparability,JPN,10_2_DEP,2018
definition_differs,info,Definition differs - limited cross-country comparability,JPN,10_2_DEP,2019
definition_differs,info,Definition differs - limited cross-country comparability,JPN,10_2_DEP,2020
definition_differs,info,Definition differs - limited cross-country comparability,JPN,10_2_DEP,2021
definition_differs,info,Definition differs - limited cross-country comparability,JPN,10_2_DEP,2022
definition_differs,info,Definition differs - limited cross-country comparability,JPN,10_2_DEP,2023
definition_differs,info,Definition differs - limited cross-country comparability,JPN,10_2_DEP,2024
definition_differs,info,Definition differs - limited cross-country comparability,JPN,10_2_DEP,2025
definition_differs,info,Definition differs - limited cross-country comparability,KOR,10_2_DEP,2019
definition_differs,info,Definition differs - limited cross-country comparability,KOR,10_2_DEP,2020
definition_differs,info,Definition differs - limited cross-country comparability,KOR,10_2_DEP,2021
definition_differs,info,Definition differs - limited cross-country comparability,KOR,10_2_DEP,2022
definition_differs,info,Definition differs - limited cross-country comparability,KOR,10_2_DEP,2023
definition_differs,info,Definition differs - limited cross-country comparability,KOR,10_2_DEP,2024
definition_differs,info,Definition differs - limited cross-country comparability,KOR,10_2_DEP,2025
definition_differs,info,Definition differs - limited cross-country comparability,NLD,10_2_DEP,2019
definition_differs,info,Definition differs - limited cross-country comparability,NLD,10_2_DEP,2020
definition_differs,info,Definition differs - limited cross-country comparability,NLD,10_2_DEP,2021
definition_differs,info,Definition differs - limited cross-country comparability,NLD,10_2_DEP,2022
definition_differs,info,Definition differs - limited cross-country comparability,NLD,10_2_DEP,2023
definition_differs,info,Definition differs - limited cross-country comparability,NLD,10_2_DEP,2024
definition_differs,info,Definition differs - limited cross-country comparability,NLD,10_2_DEP,2025
definition_differs,info,Definition differs - limited cross-country comparability,NZL,10_2_DEP,2012
definition_differs,info,Definition differs - limited cross-country comparability,NZL,10_2_DEP,2013
definition_differs,info,Definition differs - limited cross-country comparability,NZL,10_2_DEP,2014
definition_differs,info,Definition differs - limited cross-country comparability,NZL,10_2_DEP,2015
definition_differs,info,Definition differs - limited cross-country comparability,NZL,10_2_DEP,2016
definition_differs,info,Definition differs - limited cross-country comparability,NZL,10_2_DEP,2017
definition_differs,info,Definition differs - limited cross-country comparability,NZL,10_2_DEP,2018
definition_differs,info,Definition differs - limited cross-country comparability,NZL,10_2_DEP,2019
definition_differs,info,Definition differs - limited cross-country comparability,NZL,10_2_DEP,2020
definition_differs,info,Definition differs - limited cross-country comparability,NZL,10_2_DEP,2021
definition_differs,info,Definition differs - limited cross-country comparability,NZL,10_2_DEP,2022
definition_differs,info,Definition differs - limited cross-country comparability,NZL,10_2_DEP,2023
definition_differs,info,Definition differs - limited cross-country comparability,NZL,10_2_DEP,2024
definition_differs,info,Definition differs - limited cross-country comparability,NZL,10_2_DEP,2025
definition_differs,info,Definition differs - limited cross-country comparability,NOR,10_2_DEP,2019
definition_differs,info,Definition differs - limited cross-country comparability,NOR,10_2_DEP,2020
definition_differs,info,Definition differs - limited cross-country comparability,NOR,10_2_DEP,2021
definition_differs,info,Definition differs - limited cross-country comparability,NOR,10_2_DEP,2022
definition_differs,info,Definition differs - limited cross-country comparability,NOR,10_2_DEP,2023
definition_differs,info,Definition differs - limited cross-country comparability,NOR,10_2_DEP,2024
definition_differs,info,Definition differs - limited cross-country comparability,NOR,10_2_DEP,2025
definition_differs,info,Definition differs - limited cross-country comparability,SVK,10_2_DEP,2019
definition_differs,info,Definition differs - limited cross-country comparability,SVK,10_2_DEP,2020
definition_differs,info,Definition differs - limited cross-country comparability,SVK,10_2_DEP,2021
definition_differs,info,Definition differs - limited cross-country comparability,SVK,10_2_DEP,2022
definition_differs,info,Definition differs - limited cross-country comparability,SVK,10_2_DEP,2023
definition_differs,info,Definition differs - limited cross-country comparability,SVK,10_2_DEP,2024
definition_differs,info,Definition differs - limited cross-country comparability,SVK,10_2_DEP,2025
definition_differs,info,Definition differs - limited cross-country comparability,SVN,10_2_DEP,2012
definition_differs,info,Definition differs - limited cross-country comparability,SVN,10_2_DEP,2013
definition_differs,info,Definition differs - limited cross-country comparability,SVN,10_2_DEP,2014
definition_differs,info,Definition differs - limited cross-country comparability,SVN,10_2_DEP,2015
definition_differs,info,Definition differs - limited cross-country comparability,SVN,10_2_DEP,2016
definition_differs,info,Definition differs - limited cross-country comparability,SVN,10_2_DEP,2017
definition_differs,info,Definition differs - limited cross-country comparability,SVN,10_2_DEP,2018
definition_differs,info,Definition differs - limited cross-country comparability,SVN,10_2_DEP,2019
definition_differs,info,Definition differs - limited cross-country comparability,SVN,10_2_DEP,2020
definition_differs,info,Definition differs - limited cross-country comparability,SVN,10_2_DEP,2021
definition_differs,info,Definition differs - limited cross-country comparability,SVN,10_2_DEP,2022
definition_differs,info,Definition differs - limited cross-country comparability,SVN,10_2_DEP,2023
definition_differs,info,Definition differs - limited cross-country comparability,SVN,10_2_DEP,2024
definition_differs,info,Definition differs - limited cross-country comparability,SVN,10_2_DEP,2025
definition_differs,info,Definition differs - limited cross-country comparability,ESP,10_2_DEP,2019
definition_differs,info,Definition differs - limited cross-country comparability,ESP,10_2_DEP,2020
definition_differs,info,Definition differs - limited cross-country comparability,ESP,10_2_DEP,2021
definition_differs,info,Definition differs - limited cross-country comparability,ESP,10_2_DEP,2022
definition_differs,info,Definition differs - limited cross-country comparability,ESP,10_2_DEP,2023
definition_differs,info,Definition differs - limited cross-country comparability,ESP,10_2_DEP,2024
definition_differs,info,Definition differs - limited cross-country comparability,ESP,10_2_DEP,2025
definition_differs,info,Definition differs - limited cross-country comparability,SWE,10_2_DEP,2006
definition_differs,info,Definition differs - limited cross-country comparability,SWE,10_2_DEP,2007
definition_differs,info,Definition differs - limited cross-country comparability,SWE,10_2_DEP,2008
definition_differs,info,Definition differs - limited cross-country comparability,SWE,10_2_DEP,2009
definition_differs,info,Definition differs - limited cross-country comparability,SWE,10_2_DEP,2010
definition_differs,info,Definition differs - limited cross-country comparability,SWE,10_2_DEP,2011
definition_differs,info,Definition differs - limited cross-country comparability,SWE,10_2_DEP,2012
definition_differs,info,Definition differs - limited cross-country comparability,SWE,10_2_DEP,2013
definition_differs,info,Definition differs - limited cross-country comparability,SWE,10_2_DEP,2014
definition_differs,info,Definition differs - limited cross-country comparability,SWE,10_2_DEP,2015
definition_differs,info,Definition differs - limited cross-country comparability,SWE,10_2_DEP,2016
definition_differs,info,Definition differs - limited cross-country comparability,SWE,10_2_DEP,2017
definition_differs,info,Definition differs - limited cross-country comparability,SWE,10_2_DEP,2018
definition_differs,info,Definition differs - limited cross-country comparability,SWE,10_2_DEP,2019
definition_differs,info,Definition differs - limited cross-country comparability,SWE,10_2_DEP,2020
definition_differs,info,Definition differs - limited cross-country comparability,SWE,10_2_DEP,2021
definition_differs,info,Definition differs - limited cross-country comparability,SWE,10_2_DEP,2022
definition_differs,info,Definition differs - limited cross-country comparability,SWE,10_2_DEP,2023
definition_differs,info,Definition differs - limited cross-country comparability,SWE,10_2_DEP,2024
definition_differs,info,Definition differs - limited cross-country comparability,SWE,10_2_DEP,2025
definition_differs,info,Definition differs - limited cross-country comparability,CHE,10_2_DEP,2019
definition_differs,info,Definition differs - limited cross-country comparability,CHE,10_2_DEP,2020
definition_differs,info,Definition differs - limited cross-country comparability,CHE,10_2_DEP,2021
definition_differs,info,Definition differs - limited cross-country comparability,CHE,10_2_DEP,2022
definition_differs,info,Definition differs - limited cross-country comparability,CHE,10_2_DEP,2023
definition_differs,info,Definition differs - limited cross-country comparability,CHE,10_2_DEP,2024
definition_differs,info,Definition differs - limited cross-country comparability,CHE,10_2_DEP,2025
definition_differs,info,Definition differs - limited cross-country comparability,GBR,10_2_DEP,2019
definition_differs,info,Definition differs - limited cross-country comparability,GBR,10_2_DEP,2020
definition_differs,info,Definition differs - limited cross-country comparability,GBR,10_2_DEP,2021
definition_differs,info,Definition differs - limited cross-country comparability,GBR,10_2_DEP,2022
definition_differs,info,Definition differs - limited cross-country comparability,GBR,10_2_DEP,2023
definition_differs,info,Definition differs - limited cross-country comparability,GBR,10_2_DEP,2024
definition_differs,info,Definition differs - limited cross-country comparability,GBR,10_2_DEP,2025
definition_differs,info,Definition differs - limited cross-country comparability,USA,10_2_DEP,2006
definition_differs,info,Definition differs - limited cross-country comparability,USA,10_2_DEP,2007
definition_differs,info,Definition differs - limited cross-country comparability,USA,10_2_DEP,2008
definition_differs,info,Definition differs - limited cross-country comparability,USA,10_2_DEP,2009
definition_differs,info,Definition differs - limited cross-country comparability,USA,10_2_DEP,2010
definition_differs,info,Definition differs - limited cross-country comparability,USA,10_2_DEP,2011
definition_differs,info,Definition differs - limited cross-country comparability,USA,10_2_DEP,2012
definition_differs,info,Definition differs - limited cross-country comparability,USA,10_2_DEP,2013
definition_differs,info,Definition differs - limited cross-country comparability,USA,10_2_DEP,2014
definition_differs,info,Definition differs - limited cross-country comparability,USA,10_2_DEP,2015
definition_differs,info,Definition differs - limited cross-country comparability,USA,10_2_DEP,2016
definition_differs,info,Definition differs - limited cross-country comparability,USA,10_2_DEP,2017
definition_differs,info,Definition differs - limited cross-country comparability,USA,10_2_DEP,2018
definition_differs,info,Definition differs - limited cross-country comparability,BGR,10_2_DEP,2012
definition_differs,info,Definition differs - limited cross-country comparability,BGR,10_2_DEP,2013
definition_differs,info,Definition differs - limited cross-country comparability,BGR,10_2_DEP,2014
definition_differs,info,Definition differs - limited cross-country comparability,BGR,10_2_DEP,2015
definition_differs,info,Definition differs - limited cross-country comparability,BGR,10_2_DEP,2016
definition_differs,info,Definition differs - limited cross-country comparability,BGR,10_2_DEP,2017
definition_differs,info,Definition differs - limited cross-country comparability,BGR,10_2_DEP,2018
definition_differs,info,Definition differs - limited cross-country comparability,BGR,10_2_DEP,2019
definition_differs,info,Definition differs - limited cross-country comparability,BGR,10_2_DEP,2020
definition_differs,info,Definition differs - limited cross-country comparability,BGR,10_2_DEP,2021
definition_differs,info,Definition differs - limited cross-country comparability,BGR,10_2_DEP,2022
definition_differs,info,Definition differs - limited cross-country comparability,BGR,10_2_DEP,2023
definition_differs,info,Definition differs - limited cross-country comparability,BGR,10_2_DEP,2024
definition_differs,info,Definition differs - limited cross-country comparability,BGR,10_2_DEP,2025
definition_differs,info,Definition differs - limited cross-country comparability,ROU,10_2_DEP,2012
definition_differs,info,Definition differs - limited cross-country comparability,ROU,10_2_DEP,2013
definition_differs,info,Definition differs - limited cross-country comparability,ROU,10_2_DEP,2014
definition_differs,info,Definition differs - limited cross-country comparability,ROU,10_2_DEP,2015
definition_differs,info,Definition differs - limited cross-country comparability,ROU,10_2_DEP,2016
definition_differs,info,Definition differs - limited cross-country comparability,ROU,10_2_DEP,2017
definition_differs,info,Definition differs - limited cross-country comparability,ROU,10_2_DEP,2018
definition_differs,info,Definition differs - limited cross-country comparability,AUS,10_2,2012
definition_differs,info,Definition differs - limited cross-country comparability,AUS,10_2,2013
definition_differs,info,Definition differs - limited cross-country comparability,AUS,10_2,2014
definition_differs,info,Definition differs - limited cross-country comparability,AUS,10_2,2015
definition_differs,info,Definition differs - limited cross-country comparability,AUS,10_2,2016
definition_differs,info,Definition differs - limited cross-country comparability,AUS,10_2,2017
definition_differs,info,Definition differs - limited cross-country comparability,AUS,10_2,2018
definition_differs,info,Definition differs - limited cross-country comparability,AUS,10_2,2019
definition_differs,info,Definition differs - limited cross-country comparability,AUS,10_2,2020
definition_differs,info,Definition differs - limited cross-country comparability,AUS,10_2,2021
definition_differs,info,Definition differs - limited cross-country comparability,AUS,10_2,2022
definition_differs,info,Definition differs - limited cross-country comparability,AUS,10_2,2023
definition_differs,info,Definition differs - limited cross-country comparability,AUS,10_2,2024
definition_differs,info,Definition differs - limited cross-country comparability,AUS,10_2,2025
definition_differs,info,Definition differs - limited cross-country comparability,AUT,10_2,2019
definition_differs,info,Definition differs - limited cross-country comparability,AUT,10_2,2020
definition_differs,info,Definition differs - limited cross-country comparability,AUT,10_2,2021
definition_differs,info,Definition differs - limited cross-country comparability,AUT,10_2,2022
definition_differs,info,Definition differs - limited cross-country comparability,AUT,10_2,2023
definition_differs,info,Definition differs - limited cross-country comparability,AUT,10_2,2024
definition_differs,info,Definition differs - limited cross-country comparability,AUT,10_2,2025
definition_differs,info,Definition differs - limited cross-country comparability,CAN,10_2,2006
definition_differs,info,Definition differs - limited cross-country comparability,CAN,10_2,2007
definition_differs,info,Definition differs - limited cross-country comparability,CAN,10_2,2008
definition_differs,info,Definition differs - limited cross-country comparability,CAN,10_2,2009
definition_differs,info,Definition differs - limited cross-country comparability,CAN,10_2,2010
definition_differs,info,Definition differs - limited cross-country comparability,CAN,10_2,2011
definition_differs,info,Definition differs - limited cross-country comparability,CAN,10_2,2012
definition_differs,info,Definition differs - limited cross-country comparability,CAN,10_2,2013
definition_differs,info,Definition differs - limited cross-country comparability,CAN,10_2,2014
definition_differs,info,Definition differs - limited cross-country comparability,CAN,10_2,2015
definition_differs,info,Definition differs - limited cross-country comparability,CAN,10_2,2016
definition_differs,info,Definition differs - limited cross-country comparability,CAN,10_2,2017
definition_differs,info,Definition differs - limited cross-country comparability,CAN,10_2,2018
definition_differs,info,Definition differs - limited cross-country comparability,CAN,10_2,2019
definition_differs,info,Definition differs - limited cross-country comparability,CAN,10_2,2020
definition_differs,info,Definition differs - limited cross-country comparability,CAN,10_2,2021
definition_differs,info,Definition differs - limited cross-country comparability,CAN,10_2,2022
definition_differs,info,Definition differs - limited cross-country comparability,CAN,10_2,2023
definition_differs,info,Definition differs - limited cross-country comparability,CAN,10_2,2024
definition_differs,info,Definition differs - limited cross-country comparability,CAN,10_2,2025
definition_differs,info,Definition differs - limited cross-country comparability,DNK,10_2,2006
definition_differs,info,Definition differs - limited cross-country comparability,DNK,10_2,2007
definition_differs,info,Definition differs - limited cross-country comparability,DNK,10_2,2008
definition_differs,info,Definition differs - limited cross-country comparability,DNK,10_2,2009
definition_differs,info,Definition differs - limited cross-country comparability,DNK,10_2,2010
definition_differs,info,Definition differs - limited cross-country comparability,DNK,10_2,2011
definition_differs,info,Definition differs - limited cross-country comparability,EST,10_2,2019
definition_differs,info,Definition differs - limited cross-country comparability,EST,10_2,2020
definition_differs,info,Definition differs - limited cross-country comparability,EST,10_2,2021
definition_differs,info,Definition differs - limited cross-country comparability,EST,10_2,2022
definition_differs,info,Definition differs - limited cross-country comparability,EST,10_2,2023
definition_differs,info,Definition differs - limited cross-country comparability,EST,10_2,2024
definition_differs,info,Definition differs - limited cross-country comparability,EST,10_2,2025
definition_differs,info,Definition differs - limited cross-country comparability,FIN,10_2,2012
definition_differs,info,Definition differs - limited cross-country comparability,FIN,10_2,2013
definition_differs,info,Definition differs - limited cross-country comparability,FIN,10_2,2014
definition_differs,info,Definition differs - limited cross-country comparability,FIN,10_2,2015
definition_differs,info,Definition differs - limited cross-country comparability,FIN,10_2,2016
definition_differs,info,Definition differs - limited cross-country comparability,FIN,10_2,2017
definition_differs,info,Definition differs - limited cross-country comparability,FIN,10_2,2018
definition_differs,info,Definition differs - limited cross-country comparability,FIN,10_2,2019
definition_differs,info,Definition differs - limited cross-country comparability,FIN,10_2,2020
definition_differs,info,Definition differs - limited cross-country comparability,FIN,10_2,2021
definition_differs,info,Definition differs - limited cross-country comparability,FIN,10_2,2022
definition_differs,info,Definition differs - limited cross-country comparability,FIN,10_2,2023
definition_differs,info,Definition differs - limited cross-country comparability,FIN,10_2,2024
definition_differs,info,Definition differs - limited cross-country comparability,FIN,10_2,2025
definition_differs,info,Definition differs - limited cross-country comparability,FRA,10_2,2019
definition_differs,info,Definition differs - limited cross-country comparability,FRA,10_2,2020
definition_differs,info,Definition differs - limited cross-country comparability,FRA,10_2,2021
definition_differs,info,Definition differs - limited cross-country comparability,FRA,10_2,2022
definition_differs,info,Definition differs - limited cross-country comparability,FRA,10_2,2023
definition_differs,info,Definition differs - limited cross-country comparability,FRA,10_2,2024
definition_differs,info,Definition differs - limited cross-country comparability,FRA,10_2,2025
definition_differs,info,Definition differs - limited cross-country comparability,DEU,10_2,2019
definition_differs,info,Definition differs - limited cross-country comparability,DEU,10_2,2020
definition_differs,info,Definition differs - limited cross-country comparability,DEU,10_2,2021
definition_differs,info,Definition differs - limited cross-country comparability,DEU,10_2,2022
definition_differs,info,Definition differs - limited cross-country comparability,DEU,10_2,2023
definition_differs,info,Definition differs - limited cross-country comparability,DEU,10_2,2024
definition_differs,info,Definition differs - limited cross-country comparability,DEU,10_2,2025
definition_differs,info,Definition differs - limited cross-country comparability,GRC,10_2,2019
definition_differs,info,Definition differs - limited cross-country comparability,GRC,10_2,2020
definition_differs,info,Definition differs - limited cross-country comparability,GRC,10_2,2021
definition_differs,info,Definition differs - limited cross-country comparability,GRC,10_2,2022
definition_differs,info,Definition differs - limited cross-country comparability,GRC,10_2,2023
definition_differs,info,Definition differs - limited cross-country comparability,GRC,10_2,2024
definition_differs,info,Definition differs - limited cross-country comparability,GRC,10_2,2025
definition_differs,info,Definition differs - limited cross-country comparability,HUN,10_2,2012
definition_differs,info,Definition differs - limited cross-country comparability,HUN,10_2,2013
definition_differs,info,Definition differs - limited cross-country comparability,HUN,10_2,2014
definition_differs,info,Definition differs - limited cross-country comparability,HUN,10_2,2015
definition_differs,info,Definition differs - limited cross-country comparability,HUN,10_2,2016
definition_differs,info,Definition differs - limited cross-country comparability,HUN,10_2,2017
definition_differs,info,Definition differs - limited cross-country comparability,HUN,10_2,2018
definition_differs,info,Definition differs - limited cross-country comparability,HUN,10_2,2019
definition_differs,info,Definition differs - limited cross-country comparability,HUN,10_2,2020
definition_differs,info,Definition differs - limited cross-country comparability,HUN,10_2,2021
definition_differs,info,Definition differs - limited cross-country comparability,HUN,10_2,2022
definition_differs,info,Definition differs - limited cross-country comparability,HUN,10_2,2023
definition_differs,info,Definition differs - limited cross-country comparability,HUN,10_2,2024
definition_differs,info,Definition differs - limited cross-country comparability,HUN,10_2,2025
definition_differs,info,Definition differs - limited cross-country comparability,ISL,10_2,2019
definition_differs,info,Definition differs - limited cross-country comparability,ISL,10_2,2020
definition_differs,info,Definition differs - limited cross-country comparability,ISL,10_2,2021
definition_differs,info,Definition differs - limited cross-country comparability,ISL,10_2,2022
definition_differs,info,Definition differs - limited cross-country comparability,ISL,10_2,2023
definition_differs,info,Definition differs - limited cross-country comparability,ISL,10_2,2024
definition_differs,info,Definition differs - limited cross-country comparability,ISL,10_2,2025
definition_differs,info,Definition differs - limited cross-country comparability,ITA,10_2,2006
definition_differs,info,Definition differs - limited cross-country comparability,ITA,10_2,2007
definition_differs,info,Definition differs - limited cross-country comparability,ITA,10_2,2008
definition_differs,info,Definition differs - limited cross-country comparability,ITA,10_2,2009
definition_differs,info,Definition differs - limited cross-country comparability,ITA,10_2,2010
definition_differs,info,Definition differs - limited cross-country comparability,ITA,10_2,2011
definition_differs,info,Definition differs - limited cross-country comparability,ITA,10_2,2019
definition_differs,info,Definition differs - limited cross-country comparability,ITA,10_2,2020
definition_differs,info,Definition differs - limited cross-country comparability,ITA,10_2,2021
definition_differs,info,Definition differs - limited cross-country comparability,ITA,10_2,2022
definition_differs,info,Definition differs - limited cross-country comparability,ITA,10_2,2023
definition_differs,info,Definition differs - limited cross-country comparability,ITA,10_2,2024
definition_differs,info,Definition differs - limited cross-country comparability,ITA,10_2,2025
definition_differs,info,Definition differs - limited cross-country comparability,JPN,10_2,2012
definition_differs,info,Definition differs - limited cross-country comparability,JPN,10_2,2013
definition_differs,info,Definition differs - limited cross-country comparability,JPN,10_2,2014
definition_differs,info,Definition differs - limited cross-country comparability,JPN,10_2,2015
definition_differs,info,Definition differs - limited cross-country comparability,JPN,10_2,2016
definition_differs,info,Definition differs - limited cross-country comparability,JPN,10_2,2017
definition_differs,info,Definition differs - limited cross-country comparability,JPN,10_2,2018
definition_differs,info,Definition differs - limited cross-country comparability,JPN,10_2,2019
definition_differs,info,Definition differs - limited cross-country comparability,JPN,10_2,2020
definition_differs,info,Definition differs - limited cross-country comparability,JPN,10_2,2021
definition_differs,info,Definition differs - limited cross-country comparability,JPN,10_2,2022
definition_differs,info,Definition differs - limited cross-country comparability,JPN,10_2,2023
definition_differs,info,Definition differs - limited cross-country comparability,JPN,10_2,2024
definition_differs,info,Definition differs - limited cross-country comparability,JPN,10_2,2025
definition_differs,info,Definition differs - limited cross-country comparability,KOR,10_2,2019
definition_differs,info,Definition differs - limited cross-country comparability,KOR,10_2,2020
definition_differs,info,Definition differs - limited cross-country comparability,KOR,10_2,2021
definition_differs,info,Definition differs - limited cross-country comparability,KOR,10_2,2022
definition_differs,info,Definition differs - limited cross-country comparability,KOR,10_2,2023
definition_differs,info,Definition differs - limited cross-country comparability,KOR,10_2,2024
definition_differs,info,Definition differs - limited cross-country comparability,KOR,10_2,2025
definition_differs,info,Definition differs - limited cross-country comparability,NLD,10_2,2019
definition_differs,info,Definition differs - limited cross-country comparability,NLD,10_2,2020
definition_differs,info,Definition differs - limited cross-country comparability,NLD,10_2,2021
definition_differs,info,Definition differs - limited cross-country comparability,NLD,10_2,2022
definition_differs,info,Definition differs - limited cross-country comparability,NLD,10_2,2023
definition_differs,info,Definition differs - limited cross-country comparability,NLD,10_2,2024
definition_differs,info,Definition differs - limited cross-country comparability,NLD,10_2,2025
definition_differs,info,Definition differs - limited cross-country comparability,NZL,10_2,2012
definition_differs,info,Definition differs - limited cross-country comparability,NZL,10_2,2013
definition_differs,info,Definition differs - limited cross-country comparability,NZL,10_2,2014
definition_differs,info,Definition differs - limited cross-country comparability,NZL,10_2,2015
definition_differs,info,Definition differs - limited cross-country comparability,NZL,10_2,2016
definition_differs,info,Definition differs - limited cross-country comparability,NZL,10_2,2017
definition_differs,info,Definition differs - limited cross-country comparability,NZL,10_2,2018
definition_differs,info,Definition differs - limited cross-country comparability,NZL,10_2,2019
definition_differs,info,Definition differs - limited cross-country comparability,NZL,10_2,2020
definition_differs,info,Definition differs - limited cross-country comparability,NZL,10_2,2021
definition_differs,info,Definition differs - limited cross-country comparability,NZL,10_2,2022
definition_differs,info,Definition differs - limited cross-country comparability,NZL,10_2,2023
definition_differs,info,Definition differs - limited cross-country comparability,NZL,10_2,2024
definition_differs,info,Definition differs - limited cross-country comparability,NZL,10_2,2025
definition_differs,info,Definition differs - limited cross-country comparability,NOR,10_2,2019
definition_differs,info,Definition differs - limited cross-country comparability,NOR,10_2,2020
definition_differs,info,Definition differs - limited cross-country comparability,NOR,10_2,2021
definition_differs,info,Definition differs - limited cross-country comparability,NOR,10_2,2022
definition_differs,info,Definition differs - limited cross-country comparability,NOR,10_2,2023
definition_differs,info,Definition differs - limited cross-country comparability,NOR,10_2,2024
definition_differs,info,Definition differs - limited cross-country comparability,NOR,10_2,2025
definition_differs,info,Definition differs - limited cross-country comparability,SVK,10_2,2019
definition_differs,info,Definition differs - limited cross-country comparability,SVK,10_2,2020
definition_differs,info,Definition differs - limited cross-country comparability,SVK,10_2,2021
definition_differs,info,Definition differs - limited cross-country comparability,SVK,10_2,2022
definition_differs,info,Definition differs - limited cross-country comparability,SVK,10_2,2023
definition_differs,info,Definition differs - limited cross-country comparability,SVK,10_2,2024
definition_differs,info,Definition differs - limited cross-country comparability,SVK,10_2,2025
definition_differs,info,Definition differs - limited cross-country comparability,SVN,10_2,2012
definition_differs,info,Definition differs - limited cross-country comparability,SVN,10_2,2013
definition_differs,info,Definition differs - limited cross-country comparability,SVN,10_2,2014
definition_differs,info,Definition differs - limited cross-country comparability,SVN,10_2,2015
definition_differs,info,Definition differs - limited cross-country comparability,SVN,10_2,2016
definition_differs,info,Definition differs - limited cross-country comparability,SVN,10_2,2017
definition_differs,info,Definition differs - limited cross-country comparability,SVN,10_2,2018
definition_differs,info,Definition differs - limited cross-country comparability,SVN,10_2,2019
definition_differs,info,Definition differs - limited cross-country comparability,SVN,10_2,2020
definition_differs,info,Definition differs - limited cross-country comparability,SVN,10_2,2021
definition_differs,info,Definition differs - limited cross-country comparability,SVN,10_2,2022
definition_differs,info,Definition differs - limited cross-country comparability,SVN,10_2,2023
definition_differs,info,Definition differs - limited cross-country comparability,SVN,10_2,2024
definition_differs,info,Definition differs - limited cross-country comparability,SVN,10_2,2025
definition_differs,info,Definition differs - limited cross-country comparability,ESP,10_2,2019
definition_differs,info,Definition differs - limited cross-country comparability,ESP,10_2,2020
definition_differs,info,Definition differs - limited cross-country comparability,ESP,10_2,2021
definition_differs,info,Definition differs - limited cross-country comparability,ESP,10_2,2022
definition_differs,info,Definition differs - limited cross-country comparability,ESP,10_2,2023
definition_differs,info,Definition differs - limited cross-country comparability,ESP,10_2,2024
definition_differs,info,Definition differs - limited cross-country comparability,ESP,10_2,2025
definition_differs,info,Definition differs - limited cross-country comparability,SWE,10_2,2006
definition_differs,info,Definition differs - limited cross-country comparability,SWE,10_2,2007
definition_differs,info,Definition differs - limited cross-country comparability,SWE,10_2,2008
definition_differs,info,Definition differs - limited cross-country comparability,SWE,10_2,2009
definition_differs,info,Definition differs - limited cross-country comparability,SWE,10_2,2010
definition_differs,info,Definition differs - limited cross-country comparability,SWE,10_2,2011
definition_differs,info,Definition differs - limited cross-country comparability,SWE,10_2,2012
definition_differs,info,Definition differs - limited cross-country comparability,SWE,10_2,2013
definition_differs,info,Definition differs - limited cross-country comparability,SWE,10_2,2014
definition_differs,info,Definition differs - limited cross-country comparability,SWE,10_2,2015
definition_differs,info,Definition differs - limited cross-country comparability,SWE,10_2,2016
definition_differs,info,Definition differs - limited cross-country comparability,SWE,10_2,2017
definition_differs,info,Definition differs - limited cross-country comparability,SWE,10_2,2018
definition_differs,info,Definition differs - limited cross-country comparability,SWE,10_2,2019
definition_differs,info,Definition differs - limited cross-country comparability,SWE,10_2,2020
definition_differs,info,Definition differs - limited cross-country comparability,SWE,10_2,2021
definition_differs,info,Definition differs - limited cross-country comparability,SWE,10_2,2022
definition_differs,info,Definition differs - limited cross-country comparability,SWE,10_2,2023
definition_differs,info,Definition differs - limited cross-country comparability,SWE,10_2,2024
definition_differs,info,Definition differs - limited cross-country comparability,SWE,10_2,2025
definition_differs,info,Definition differs - limited cross-country comparability,CHE,10_2,2019
definition_differs,info,Definition differs - limited cross-country comparability,CHE,10_2,2020
definition_differs,info,Definition differs - limited cross-country comparability,CHE,10_2,2021
definition_differs,info,Definition differs - limited cross-country comparability,CHE,10_2,2022
definition_differs,info,Definition differs - limited cross-country comparability,CHE,10_2,2023
definition_differs,info,Definition differs - limited cross-country comparability,CHE,10_2,2024
definition_differs,info,Definition differs - limited cross-country comparability,CHE,10_2,2025
definition_differs,info,Definition differs - limited cross-country comparability,GBR,10_2,2019
definition_differs,info,Definition differs - limited cross-country comparability,GBR,10_2,2020
definition_differs,info,Definition differs - limited cross-country comparability,GBR,10_2,2021
definition_differs,info,Definition differs - limited cross-country comparability,GBR,10_2,2022
definition_differs,info,Definition differs - limited cross-country comparability,GBR,10_2,2023
definition_differs,info,Definition differs - limited cross-country comparability,GBR,10_2,2024
definition_differs,info,Definition differs - limited cross-country comparability,GBR,10_2,2025
definition_differs,info,Definition differs - limited cross-country comparability,USA,10_2,2006
definition_differs,info,Definition differs - limited cross-country comparability,USA,10_2,2007
definition_differs,info,Definition differs - limited cross-country comparability,USA,10_2,2008
definition_differs,info,Definition differs - limited cross-country comparability,USA,10_2,2009
definition_differs,info,Definition differs - limited cross-country comparability,USA,10_2,2010
definition_differs,info,Definition differs - limited cross-country comparability,USA,10_2,2011
definition_differs,info,Definition differs - limited cross-country comparability,USA,10_2,2012
definition_differs,info,Definition differs - limited cross-country comparability,USA,10_2,2013
definition_differs,info,Definition differs - limited cross-country comparability,USA,10_2,2014
definition_differs,info,Definition differs - limited cross-country comparability,USA,10_2,2015
definition_differs,info,Definition differs - limited cross-country comparability,USA,10_2,2016
definition_differs,info,Definition differs - limited cross-country comparability,USA,10_2,2017
definition_differs,info,Definition differs - limited cross-country comparability,USA,10_2,2018
definition_differs,info,Definition differs - limited cross-country comparability,BGR,10_2,2012
definition_differs,info,Definition differs - limited cross-country comparability,BGR,10_2,2013
definition_differs,info,Definition differs - limited cross-country comparability,BGR,10_2,2014
definition_differs,info,Definition differs - limited cross-country comparability,BGR,10_2,2015
definition_differs,info,Definition differs - limited cross-country comparability,BGR,10_2,2016
definition_differs,info,Definition differs - limited cross-country comparability,BGR,10_2,2017
definition_differs,info,Definition differs - limited cross-country comparability,BGR,10_2,2018
definition_differs,info,Definition differs - limited cross-country comparability,BGR,10_2,2019
definition_differs,info,Definition differs - limited cross-country comparability,BGR,10_2,2020
definition_differs,info,Definition differs - limited cross-country comparability,BGR,10_2,2021
definition_differs,info,Definition differs - limited cross-country comparability,BGR,10_2,2022
definition_differs,info,Definition differs - limited cross-country comparability,BGR,10_2,2023
definition_differs,info,Definition differs - limited cross-country comparability,BGR,10_2,2024
definition_differs,info,Definition differs - limited cross-country comparability,BGR,10_2,2025
definition_differs,info,Definition differs - limited cross-country comparability,ROU,10_2,2012
definition_differs,info,Definition differs - limited cross-country comparability,ROU,10_2,2013
definition_differs,info,Definition differs - limited cross-country comparability,ROU,10_2,2014
definition_differs,info,Definition differs - limited cross-country comparability,ROU,10_2,2015
definition_differs,info,Definition differs - limited cross-country comparability,ROU,10_2,2016
definition_differs,info,Definition differs - limited cross-country comparability,ROU,10_2,2017
definition_differs,info,Definition differs - limited cross-country comparability,ROU,10_2,2018
definition_differs,info,Definition differs - limited cross-country comparability,AUS,10_2,2006
definition_differs,info,Definition differs - limited cross-country comparability,AUS,10_2,2007
definition_differs,info,Definition differs - limited cross-country comparability,AUS,10_2,2008
definition_differs,info,Definition differs - limited cross-country comparability,AUS,10_2,2010
definition_differs,info,Definition differs - limited cross-country comparability,AUS,10_2,2011
definition_differs,info,Definition differs - limited cross-country comparability,AUT,10_2,2006
definition_differs,info,Definition differs - limited cross-country comparability,AUT,10_2,2008
definition_differs,info,Definition differs - limited cross-country comparability,AUT,10_2,2009
definition_differs,info,Definition differs - limited cross-country comparability,AUT,10_2,2010
definition_differs,info,Definition differs - limited cross-country comparability,AUT,10_2,2011
definition_differs,info,Definition differs - limited cross-country comparability,BEL,10_2,2006
definition_differs,info,Definition differs - limited cross-country comparability,BEL,10_2,2007
definition_differs,info,Definition differs - limited cross-country comparability,BEL,10_2,2008
definition_differs,info,Definition differs - limited cross-country comparability,BEL,10_2,2010
definition_differs,info,Definition differs - limited cross-country comparability,BEL,10_2,2011
definition_differs,info,Definition differs - limited cross-country comparability,CZE,10_2,2020
definition_differs,info,Definition differs - limited cross-country comparability,CZE,10_2,2021
definition_differs,info,Definition differs - limited cross-country comparability,CZE,10_2,2022
definition_differs,info,Definition differs - limited cross-country comparability,CZE,10_2,2023
definition_differs,info,Definition differs - limited cross-country comparability,CZE,10_2,2024
definition_differs,info,Definition differs - limited cross-country comparability,CZE,10_2,2025
definition_differs,info,Definition differs - limited cross-country comparability,EST,10_2,2006
definition_differs,info,Definition differs - limited cross-country comparability,EST,10_2,2007
definition_differs,info,Definition differs - limited cross-country comparability,EST,10_2,2008
definition_differs,info,Definition differs - limited cross-country comparability,EST,10_2,2009
definition_differs,info,Definition differs - limited cross-country comparability,EST,10_2,2011
definition_differs,info,Definition differs - limited cross-country comparability,FIN,10_2,2006
definition_differs,info,Definition differs - limited cross-country comparability,FIN,10_2,2008
definition_differs,info,Definition differs - limited cross-country comparability,FIN,10_2,2010
definition_differs,info,Definition differs - limited cross-country comparability,FIN,10_2,2011
definition_differs,info,Definition differs - limited cross-country comparability,GRC,10_2,2006
definition_differs,info,Definition differs - limited cross-country comparability,GRC,10_2,2007
definition_differs,info,Definition differs - limited cross-country comparability,GRC,10_2,2009
definition_differs,info,Definition differs - limited cross-country comparability,GRC,10_2,2010
definition_differs,info,Definition differs - limited cross-country comparability,GRC,10_2,2011
definition_differs,info,Definition differs - limited cross-country comparability,HUN,10_2,2006
definition_differs,info,Definition differs - limited cross-country comparability,HUN,10_2,2007
definition_differs,info,Definition differs - limited cross-country comparability,HUN,10_2,2008
definition_differs,info,Definition differs - limited cross-country comparability,HUN,10_2,2010
definition_differs,info,Definition differs - limited cross-country comparability,HUN,10_2,2011
definition_differs,info,Definition differs - limited cross-country comparability,ISL,10_2,2008
definition_differs,info,Definition differs - limited cross-country comparability,ISL,10_2,2012
definition_differs,info,Definition differs - limited cross-country comparability,ISL,10_2,2013
definition_differs,info,Definition differs - limited cross-country comparability,ISL,10_2,2015
definition_differs,info,Definition differs - limited cross-country comparability,ISL,10_2,2016
definition_differs,info,Definition differs - limited cross-country comparability,ISL,10_2,2017
definition_differs,info,Definition differs - limited cross-country comparability,IRL,10_2,2006
definition_differs,info,Definition differs - limited cross-country comparability,IRL,10_2,2008
definition_differs,info,Definition differs - limited cross-country comparability,IRL,10_2,2009
definition_differs,info,Definition differs - limited cross-country comparability,IRL,10_2,2010
definition_differs,info,Definition differs - limited cross-country comparability,IRL,10_2,2011
definition_differs,info,Definition differs - limited cross-country comparability,LUX,10_2,2008
definition_differs,info,Definition differs - limited cross-country comparability,LUX,10_2,2010
definition_differs,info,Definition differs - limited cross-country comparability,LUX,10_2,2011
definition_differs,info,Definition differs - limited cross-country comparability,LUX,10_2,2019
definition_differs,info,Definition differs - limited cross-country comparability,LUX,10_2,2022
definition_differs,info,Definition differs - limited cross-country comparability,LUX,10_2,2023
definition_differs,info,Definition differs - limited cross-country comparability,LUX,10_2,2025
definition_differs,info,Definition differs - limited cross-country comparability,NLD,10_2,2006
definition_differs,info,Definition differs - limited cross-country comparability,NLD,10_2,2007
definition_differs,info,Definition differs - limited cross-country comparability,NLD,10_2,2008
definition_differs,info,Definition differs - limited cross-country comparability,NLD,10_2,2010
definition_differs,info,Definition differs - limited cross-country comparability,NLD,10_2,2011
definition_differs,info,Definition differs - limited cross-country comparability,NZL,10_2,2006
definition_differs,info,Definition differs - limited cross-country comparability,NZL,10_2,2007
definition_differs,info,Definition differs - limited cross-country comparability,NZL,10_2,2008
definition_differs,info,Definition differs - limited cross-country comparability,NZL,10_2,2010
definition_differs,info,Definition differs - limited cross-country comparability,NZL,10_2,2011
definition_differs,info,Definition differs - limited cross-country comparability,NOR,10_2,2006
definition_differs,info,Definition differs - limited cross-country comparability,NOR,10_2,2008
definition_differs,info,Definition differs - limited cross-country comparability,NOR,10_2,2012
definition_differs,info,Definition differs - limited cross-country comparability,NOR,10_2,2014
definition_differs,info,Definition differs - limited cross-country comparability,NOR,10_2,2015
definition_differs,info,Definition differs - limited cross-country comparability,NOR,10_2,2016
definition_differs,info,Definition differs - limited cross-country comparability,NOR,10_2,2017
definition_differs,info,Definition differs - limited cross-country comparability,NOR,10_2,2018
definition_differs,info,Definition differs - limited cross-country comparability,PRT,10_2,2006
definition_differs,info,Definition differs - limited cross-country comparability,PRT,10_2,2008
definition_differs,info,Definition differs - limited cross-country comparability,PRT,10_2,2009
definition_differs,info,Definition differs - limited cross-country comparability,PRT,10_2,2010
definition_differs,info,Definition differs - limited cross-country comparability,PRT,10_2,2011
definition_differs,info,Definition differs - limited cross-country comparability,SVK,10_2,2006
definition_differs,info,Definition differs - limited cross-country comparability,SVK,10_2,2010
definition_differs,info,Definition differs - limited cross-country comparability,SVK,10_2,2011
definition_differs,info,Definition differs - limited cross-country comparability,SVN,10_2,2006
definition_differs,info,Definition differs - limited cross-country comparability,SVN,10_2,2009
definition_differs,info,Definition differs - limited cross-country comparability,SVN,10_2,2010
definition_differs,info,Definition differs - limited cross-country comparability,SVN,10_2,2011
definition_differs,info,Definition differs - limited cross-country comparability,CHE,10_2,2006
definition_differs,info,Definition differs - limited cross-country comparability,CHE,10_2,2009
definition_differs,info,Definition differs - limited cross-country comparability,CHE,10_2,2012
definition_differs,info,Definition differs - limited cross-country comparability,CHE,10_2,2014
definition_differs,info,Definition differs - limited cross-country comparability,CHE,10_2,2015
definition_differs,info,Definition differs - limited cross-country comparability,CHE,10_2,2016
definition_differs,info,Definition differs - limited cross-country comparability,CHE,10_2,2017
definition_differs,info,Definition differs - limited cross-country comparability,CHE,10_2,2018
definition_differs,info,Definition differs - limited cross-country comparability,BGR,10_2,2006
definition_differs,info,Definition differs - limited cross-country comparability,BGR,10_2,2009
definition_differs,info,Definition differs - limited cross-country comparability,BGR,10_2,2010
definition_differs,info,Definition differs - limited cross-country comparability,BGR,10_2,2011
definition_differs,info,Definition differs - limited cross-country comparability,HRV,10_2,2006
definition_differs,info,Definition differs - limited cross-country comparability,HRV,10_2,2011
definition_differs,info,Definition differs - limited cross-country comparability,ROU,10_2,2006
definition_differs,info,Definition differs - limited cross-country comparability,ROU,10_2,2007
definition_differs,info,Definition differs - limited cross-country comparability,ROU,10_2,2009
definition_differs,info,Definition differs - limited cross-country comparability,ROU,10_2,2010
definition_differs,info,Definition differs - limited cross-country comparability,ROU,10_2,2011
definition_differs,info,Definition differs - limited cross-country comparability,ISL,10_2,2008
definition_differs,info,Definition differs - limited cross-country comparability,ISL,10_2,2008
definition_differs,info,Definition differs - limited cross-country comparability,LUX,10_2,2008
definition_differs,info,Definition differs - limited cross-country comparability,LUX,10_2,2010
definition_differs,info,Definition differs - limited cross-country comparability,LUX,10_2,2011
definition_differs,info,Definition differs - limited cross-country comparability,NOR,10_2,2006
definition_differs,info,Definition differs - limited cross-country comparability,NOR,10_2,2006
definition_differs,info,Definition differs - limited cross-country comparability,NOR,10_2,2008
definition_differs,info,Definition differs - limited cross-country comparability,NOR,10_2,2008
definition_differs,info,Definition differs - limited cross-country comparability,SVN,10_2,2006
definition_differs,info,Definition differs - limited cross-country comparability,SVN,10_2,2009
definition_differs,info,Definition differs - limited cross-country comparability,SVN,10_2,2010
definition_differs,info,Definition differs - limited cross-country comparability,SVN,10_2,2011
definition_differs,info,Definition differs - limited cross-country comparability,CHE,10_2,2006
definition_differs,info,Definition differs - limited cross-country comparability,CHE,10_2,2009
definition_differs,info,Definition differs - limited cross-country comparability,HRV,10_2,2006
definition_differs,info,Definition differs - limited cross-country comparability,HRV,10_2,2006
definition_differs,info,Definition differs - limited cross-country comparability,HRV,10_2,2011
definition_differs,info,Definition differs - limited cross-country comparability,HRV,10_2,2011
definition_differs,info,Definition differs - limited cross-country comparability,CRI,10_2,2007
definition_differs,info,Definition differs - limited cross-country comparability,CRI,10_2,2009
definition_differs,info,Definition differs - limited cross-country comparability,CRI,10_2,2010
definition_differs,info,Definition differs - limited cross-country comparability,CZE,10_2,2006
definition_differs,info,Definition differs - limited cross-country comparability,CZE,10_2,2007
definition_differs,info,Definition differs - limited cross-country comparability,CZE,10_2,2009
definition_differs,info,Definition differs - limited cross-country comparability,CZE,10_2,2010
definition_differs,info,Definition differs - limited cross-country comparability,CZE,10_2,2016
definition_differs,info,Definition differs - limited cross-country comparability,CZE,10_2,2017
definition_differs,info,Definition differs - limited cross-country comparability,CZE,10_2,2018
definition_differs,info,Definition differs - limited cross-country comparability,CZE,10_2,2020
definition_differs,info,Definition differs - limited cross-country comparability,EST,10_2,2006
definition_differs,info,Definition differs - limited cross-country comparability,EST,10_2,2007
definition_differs,info,Definition differs - limited cross-country comparability,EST,10_2,2008
definition_differs,info,Definition differs - limited cross-country comparability,EST,10_2,2009
definition_differs,info,Definition differs - limited cross-country comparability,FIN,10_2,2008
definition_differs,info,Definition differs - limited cross-country comparability,FIN,10_2,2010
definition_differs,info,Definition differs - limited cross-country comparability,GRC,10_2,2007
definition_differs,info,Definition differs - limited cross-country comparability,GRC,10_2,2009
definition_differs,info,Definition differs - limited cross-country comparability,GRC,10_2,2010
definition_differs,info,Definition differs - limited cross-country comparability,HUN,10_2,2006
definition_differs,info,Definition differs - limited cross-country comparability,HUN,10_2,2007
definition_differs,info,Definition differs - limited cross-country comparability,HUN,10_2,2008
definition_differs,info,Definition differs - limited cross-country comparability,HUN,10_2,2010
definition_differs,info,Definition differs - limited cross-country comparability,ISL,10_2,2008
definition_differs,info,Definition differs - limited cross-country comparability,ISL,10_2,2012
definition_differs,info,Definition differs - limited cross-country comparability,ISL,10_2,2013
definition_differs,info,Definition differs - limited cross-country comparability,ISL,10_2,2015
definition_differs,info,Definition differs - limited cross-country comparability,ISL,10_2,2016
definition_differs,info,Definition differs - limited cross-country comparability,ISL,10_2,2017
definition_differs,info,Definition differs - limited cross-country comparability,ISL,10_2,2019
definition_differs,info,Definition differs - limited cross-country comparability,ISL,10_2,2020
definition_differs,info,Definition differs - limited cross-country comparability,LVA,10_2,2006
definition_differs,info,Definition differs - limited cross-country comparability,LVA,10_2,2007
definition_differs,info,Definition differs - limited cross-country comparability,LVA,10_2,2008
definition_differs,info,Definition differs - limited cross-country comparability,LVA,10_2,2009
definition_differs,info,Definition differs - limited cross-country comparability,LUX,10_2,2008
definition_differs,info,Definition differs - limited cross-country comparability,LUX,10_2,2010
definition_differs,info,Definition differs - limited cross-country comparability,NLD,10_2,2008
definition_differs,info,Definition differs - limited cross-country comparability,NLD,10_2,2010
definition_differs,info,Definition differs - limited cross-country comparability,NZL,10_2,2006
definition_differs,info,Definition differs - limited cross-country comparability,NZL,10_2,2007
definition_differs,info,Definition differs - limited cross-country comparability,NZL,10_2,2008
definition_differs,info,Definition differs - limited cross-country comparability,NZL,10_2,2010
definition_differs,info,Definition differs - limited cross-country comparability,NOR,10_2,2008
definition_differs,info,Definition differs - limited cross-country comparability,PRT,10_2,2006
definition_differs,info,Definition differs - limited cross-country comparability,PRT,10_2,2008
definition_differs,info,Definition differs - limited cross-country comparability,PRT,10_2,2009
definition_differs,info,Definition differs - limited cross-country comparability,PRT,10_2,2010
definition_differs,info,Definition differs - limited cross-country comparability,SVK,10_2,2006
definition_differs,info,Definition differs - limited cross-country comparability,SVK,10_2,2010
definition_differs,info,Definition differs - limited cross-country comparability,SVN,10_2,2006
definition_differs,info,Definition differs - limited cross-country comparability,SVN,10_2,2009
definition_differs,info,Definition differs - limited cross-country comparability,SVN,10_2,2010
definition_differs,info,Definition differs - limited cross-country comparability,CHE,10_2,2006
definition_differs,info,Definition differs - limited cross-country comparability,CHE,10_2,2009
definition_differs,info,Definition differs - limited cross-country comparability,CHE,10_2,2012
definition_differs,info,Definition differs - limited cross-country comparability,CHE,10_2,2014
definition_differs,info,Definition differs - limited cross-country comparability,CHE,10_2,2015
definition_differs,info,Definition differs - limited cross-country comparability,TUR,10_2,2006
definition_differs,info,Definition differs - limited cross-country comparability,TUR,10_2,2008
definition_differs,info,Definition differs - limited cross-country comparability,TUR,10_2,2009
definition_differs,info,Definition differs - limited cross-country comparability,TUR,10_2,2010
definition_differs,info,Definition differs - limited cross-country comparability,ARG,10_2,2006
definition_differs,info,Definition differs - limited cross-country comparability,ARG,10_2,2008
definition_differs,info,Definition differs - limited cross-country comparability,ARG,10_2,2009
definition_differs,info,Definition differs - limited cross-country comparability,ARG,10_2,2010
definition_differs,info,Definition differs - limited cross-country comparability,BRA,10_2,2006
definition_differs,info,Definition differs - limited cross-country comparability,BRA,10_2,2009
definition_differs,info,Definition differs - limited cross-country comparability,BRA,10_2,2010
definition_differs,info,Definition differs - limited cross-country comparability,BGR,10_2,2006
definition_differs,info,Definition differs - limited cross-country comparability,BGR,10_2,2009
definition_differs,info,Definition differs - limited cross-country comparability,BGR,10_2,2010
definition_differs,info,Definition differs - limited cross-country comparability,HRV,10_2,2006
definition_differs,info,Definition differs - limited cross-country comparability,ROU,10_2,2006
definition_differs,info,Definition differs - limited cross-country comparability,ROU,10_2,2007
definition_differs,info,Definition differs - limited cross-country comparability,ROU,10_2,2009
definition_differs,info,Definition differs - limited cross-country comparability,ROU,10_2,2010
definition_differs,info,Definition differs - limited cross-country comparability,AUT,10_2,2008
definition_differs,info,Definition differs - limited cross-country comparability,AUT,10_2,2009
definition_differs,info,Definition differs - limited cross-country comparability,AUT,10_2,2010
definition_differs,info,Definition differs - limited cross-country comparability,CHL,10_2,2007
definition_differs,info,Definition differs - limited cross-country comparability,CHL,10_2,2008
definition_differs,info,Definition differs - limited cross-country comparability,CHL,10_2,2009
definition_differs,info,Definition differs - limited cross-country comparability,CHL,10_2,2010
definition_differs,info,Definition differs - limited cross-country comparability,CHL,10_2,2011
definition_differs,info,Definition differs - limited cross-country comparability,CHL,10_2,2012
definition_differs,info,Definition differs - limited cross-country comparability,CHL,10_2,2013
definition_differs,info,Definition differs - limited cross-country comparability,CHL,10_2,2014
definition_differs,info,Definition differs - limited cross-country comparability,CHL,10_2,2015
definition_differs,info,Definition differs - limited cross-country comparability,CHL,10_2,2016
definition_differs,info,Definition differs - limited cross-country comparability,CHL,10_2,2017
definition_differs,info,Definition differs - limited cross-country comparability,CHL,10_2,2018
definition_differs,info,Definition differs - limited cross-country comparability,CHL,10_2,2019
definition_differs,info,Definition differs - limited cross-country comparability,CHL,10_2,2020
definition_differs,info,Definition differs - limited cross-country comparability,CHL,10_2,2021
definition_differs,info,Definition differs - limited cross-country comparability,CHL,10_2,2022
definition_differs,info,Definition differs - limited cross-country comparability,CHL,10_2,2023
definition_differs,info,Definition differs - limited cross-country comparability,CHL,10_2,2024
definition_differs,info,Definition differs - limited cross-country comparability,CHL,10_2,2025
definition_differs,info,Definition differs - limited cross-country comparability,COL,10_2,2006
definition_differs,info,Definition differs - limited cross-country comparability,COL,10_2,2007
definition_differs,info,Definition differs - limited cross-country comparability,COL,10_2,2008
definition_differs,info,Definition differs - limited cross-country comparability,COL,10_2,2009
definition_differs,info,Definition differs - limited cross-country comparability,COL,10_2,2010
definition_differs,info,Definition differs - limited cross-country comparability,COL,10_2,2011
definition_differs,info,Definition differs - limited cross-country comparability,COL,10_2,2012
definition_differs,info,Definition differs - limited cross-country comparability,COL,10_2,2013
definition_differs,info,Definition differs - limited cross-country comparability,COL,10_2,2014
definition_differs,info,Definition differs - limited cross-country comparability,COL,10_2,2015
definition_differs,info,Definition differs - limited cross-country comparability,COL,10_2,2016
definition_differs,info,Definition differs - limited cross-country comparability,COL,10_2,2017
definition_differs,info,Definition differs - limited cross-country comparability,COL,10_2,2018
definition_differs,info,Definition differs - limited cross-country comparability,COL,10_2,2019
definition_differs,info,Definition differs - limited cross-country comparability,COL,10_2,2020
definition_differs,info,Definition differs - limited cross-country comparability,COL,10_2,2021
definition_differs,info,Definition differs - limited cross-country comparability,COL,10_2,2022
definition_differs,info,Definition differs - limited cross-country comparability,COL,10_2,2023
definition_differs,info,Definition differs - limited cross-country comparability,COL,10_2,2024
definition_differs,info,Definition differs - limited cross-country comparability,COL,10_2,2025
definition_differs,info,Definition differs - limited cross-country comparability,CRI,10_2,2011
definition_differs,info,Definition differs - limited cross-country comparability,CRI,10_2,2012
definition_differs,info,Definition differs - limited cross-country comparability,CRI,10_2,2013
definition_differs,info,Definition differs - limited cross-country comparability,CRI,10_2,2014
definition_differs,info,Definition differs - limited cross-country comparability,CRI,10_2,2015
definition_differs,info,Definition differs - limited cross-country comparability,CRI,10_2,2016
definition_differs,info,Definition differs - limited cross-country comparability,CRI,10_2,2017
definition_differs,info,Definition differs - limited cross-country comparability,CRI,10_2,2018
definition_differs,info,Definition differs - limited cross-country comparability,CRI,10_2,2019
definition_differs,info,Definition differs - limited cross-country comparability,CRI,10_2,2020
definition_differs,info,Definition differs - limited cross-country comparability,CRI,10_2,2021
definition_differs,info,Definition differs - limited cross-country comparability,CRI,10_2,2022
definition_differs,info,Definition differs - limited cross-country comparability,CRI,10_2,2023
definition_differs,info,Definition differs - limited cross-country comparability,CRI,10_2,2024
definition_differs,info,Definition differs - limited cross-country comparability,CRI,10_2,2025
definition_differs,info,Definition differs - limited cross-country comparability,CZE,10_2,2011
definition_differs,info,Definition differs - limited cross-country comparability,CZE,10_2,2012
definition_differs,info,Definition differs - limited cross-country comparability,CZE,10_2,2013
definition_differs,info,Definition differs - limited cross-country comparability,CZE,10_2,2014
definition_differs,info,Definition differs - limited cross-country comparability,CZE,10_2,2015
definition_differs,info,Definition differs - limited cross-country comparability,DNK,10_2,2007
definition_differs,info,Definition differs - limited cross-country comparability,DNK,10_2,2008
definition_differs,info,Definition differs - limited cross-country comparability,DNK,10_2,2009
definition_differs,info,Definition differs - limited cross-country comparability,DNK,10_2,2010
definition_differs,info,Definition differs - limited cross-country comparability,DNK,10_2,2011
definition_differs,info,Definition differs - limited cross-country comparability,DNK,10_2,2012
definition_differs,info,Definition differs - limited cross-country comparability,DNK,10_2,2013
definition_differs,info,Definition differs - limited cross-country comparability,DNK,10_2,2014
definition_differs,info,Definition differs - limited cross-country comparability,DNK,10_2,2015
definition_differs,info,Definition differs - limited cross-country comparability,FIN,10_2,2011
definition_differs,info,Definition differs - limited cross-country comparability,FIN,10_2,2012
definition_differs,info,Definition differs - limited cross-country comparability,FIN,10_2,2013
definition_differs,info,Definition differs - limited cross-country comparability,FIN,10_2,2014
definition_differs,info,Definition differs - limited cross-country comparability,FIN,10_2,2015
definition_differs,info,Definition differs - limited cross-country comparability,FIN,10_2,2016
definition_differs,info,Definition differs - limited cross-country comparability,FIN,10_2,2017
definition_differs,info,Definition differs - limited cross-country comparability,FIN,10_2,2018
definition_differs,info,Definition differs - limited cross-country comparability,FIN,10_2,2019
definition_differs,info,Definition differs - limited cross-country comparability,FIN,10_2,2020
definition_differs,info,Definition differs - limited cross-country comparability,FRA,10_2,2008
definition_differs,info,Definition differs - limited cross-country comparability,FRA,10_2,2009
definition_differs,info,Definition differs - limited cross-country comparability,FRA,10_2,2010
definition_differs,info,Definition differs - limited cross-country comparability,DEU,10_2,2007
definition_differs,info,Definition differs - limited cross-country comparability,DEU,10_2,2008
definition_differs,info,Definition differs - limited cross-country comparability,DEU,10_2,2009
definition_differs,info,Definition differs - limited cross-country comparability,DEU,10_2,2010
definition_differs,info,Definition differs - limited cross-country comparability,GRC,10_2,2011
definition_differs,info,Definition differs - limited cross-country comparability,GRC,10_2,2012
definition_differs,info,Definition differs - limited cross-country comparability,GRC,10_2,2013
definition_differs,info,Definition differs - limited cross-country comparability,GRC,10_2,2014
definition_differs,info,Definition differs - limited cross-country comparability,GRC,10_2,2015
definition_differs,info,Definition differs - limited cross-country comparability,HUN,10_2,2011
definition_differs,info,Definition differs - limited cross-country comparability,HUN,10_2,2012
definition_differs,info,Definition differs - limited cross-country comparability,HUN,10_2,2013
definition_differs,info,Definition differs - limited cross-country comparability,HUN,10_2,2014
definition_differs,info,Definition differs - limited cross-country comparability,HUN,10_2,2015
definition_differs,info,Definition differs - limited cross-country comparability,IRL,10_2,2008
definition_differs,info,Definition differs - limited cross-country comparability,IRL,10_2,2009
definition_differs,info,Definition differs - limited cross-country comparability,IRL,10_2,2010
definition_differs,info,Definition differs - limited cross-country comparability,ITA,10_2,2008
definition_differs,info,Definition differs - limited cross-country comparability,ITA,10_2,2009
definition_differs,info,Definition differs - limited cross-country comparability,ITA,10_2,2010
definition_differs,info,Definition differs - limited cross-country comparability,ITA,10_2,2011
definition_differs,info,Definition differs - limited cross-country comparability,ITA,10_2,2012
definition_differs,info,Definition differs - limited cross-country comparability,ITA,10_2,2013
definition_differs,info,Definition differs - limited cross-country comparability,ITA,10_2,2014
definition_differs,info,Definition differs - limited cross-country comparability,ITA,10_2,2015
definition_differs,info,Definition differs - limited cross-country comparability,ITA,10_2,2016
definition_differs,info,Definition differs - limited cross-country comparability,ITA,10_2,2017
definition_differs,info,Definition differs - limited cross-country comparability,ITA,10_2,2018
definition_differs,info,Definition differs - limited cross-country comparability,ITA,10_2,2019
definition_differs,info,Definition differs - limited cross-country comparability,ITA,10_2,2020
definition_differs,info,Definition differs - limited cross-country comparability,LTU,10_2,2006
definition_differs,info,Definition differs - limited cross-country comparability,LTU,10_2,2007
definition_differs,info,Definition differs - limited cross-country comparability,LTU,10_2,2008
definition_differs,info,Definition differs - limited cross-country comparability,LTU,10_2,2009
definition_differs,info,Definition differs - limited cross-country comparability,LTU,10_2,2010
definition_differs,info,Definition differs - limited cross-country comparability,LTU,10_2,2011
definition_differs,info,Definition differs - limited cross-country comparability,LTU,10_2,2012
definition_differs,info,Definition differs - limited cross-country comparability,LTU,10_2,2013
definition_differs,info,Definition differs - limited cross-country comparability,LTU,10_2,2014
definition_differs,info,Definition differs - limited cross-country comparability,LTU,10_2,2015
definition_differs,info,Definition differs - limited cross-country comparability,MEX,10_2,2007
definition_differs,info,Definition differs - limited cross-country comparability,MEX,10_2,2008
definition_differs,info,Definition differs - limited cross-country comparability,MEX,10_2,2009
definition_differs,info,Definition differs - limited cross-country comparability,MEX,10_2,2010
definition_differs,info,Definition differs - limited cross-country comparability,MEX,10_2,2011
definition_differs,info,Definition differs - limited cross-country comparability,MEX,10_2,2012
definition_differs,info,Definition differs - limited cross-country comparability,MEX,10_2,2013
definition_differs,info,Definition differs - limited cross-country comparability,MEX,10_2,2014
definition_differs,info,Definition differs - limited cross-country comparability,MEX,10_2,2015
definition_differs,info,Definition differs - limited cross-country comparability,MEX,10_2,2016
definition_differs,info,Definition differs - limited cross-country comparability,MEX,10_2,2017
definition_differs,info,Definition differs - limited cross-country comparability,MEX,10_2,2018
definition_differs,info,Definition differs - limited cross-country comparability,MEX,10_2,2019
definition_differs,info,Definition differs - limited cross-country comparability,MEX,10_2,2020
definition_differs,info,Definition differs - limited cross-country comparability,MEX,10_2,2021
definition_differs,info,Definition differs - limited cross-country comparability,MEX,10_2,2022
definition_differs,info,Definition differs - limited cross-country comparability,MEX,10_2,2023
definition_differs,info,Definition differs - limited cross-country comparability,MEX,10_2,2024
definition_differs,info,Definition differs - limited cross-country comparability,MEX,10_2,2025
definition_differs,info,Definition differs - limited cross-country comparability,POL,10_2,2006
definition_differs,info,Definition differs - limited cross-country comparability,POL,10_2,2007
definition_differs,info,Definition differs - limited cross-country comparability,POL,10_2,2008
definition_differs,info,Definition differs - limited cross-country comparability,POL,10_2,2009
definition_differs,info,Definition differs - limited cross-country comparability,POL,10_2,2010
definition_differs,info,Definition differs - limited cross-country comparability,SVK,10_2,2011
definition_differs,info,Definition differs - limited cross-country comparability,SVK,10_2,2012
definition_differs,info,Definition differs - limited cross-country comparability,SVK,10_2,2013
definition_differs,info,Definition differs - limited cross-country comparability,SVK,10_2,2014
definition_differs,info,Definition differs - limited cross-country comparability,SVK,10_2,2015
definition_differs,info,Definition differs - limited cross-country comparability,SVN,10_2,2011
definition_differs,info,Definition differs - limited cross-country comparability,SVN,10_2,2012
definition_differs,info,Definition differs - limited cross-country comparability,SVN,10_2,2013
definition_differs,info,Definition differs - limited cross-country comparability,SVN,10_2,2014
definition_differs,info,Definition differs - limited cross-country comparability,SVN,10_2,2015
definition_differs,info,Definition differs - limited cross-country comparability,ESP,10_2,2008
definition_differs,info,Definition differs - limited cross-country comparability,ESP,10_2,2009
definition_differs,info,Definition differs - limited cross-country comparability,ESP,10_2,2010
definition_differs,info,Definition differs - limited cross-country comparability,ESP,10_2,2011
definition_differs,info,Definition differs - limited cross-country comparability,ESP,10_2,2012
definition_differs,info,Definition differs - limited cross-country comparability,ESP,10_2,2013
definition_differs,info,Definition differs - limited cross-country comparability,ESP,10_2,2014
definition_differs,info,Definition differs - limited cross-country comparability,ESP,10_2,2015
definition_differs,info,Definition differs - limited cross-country comparability,ESP,10_2,2016
definition_differs,info,Definition differs - limited cross-country comparability,ESP,10_2,2017
definition_differs,info,Definition differs - limited cross-country comparability,ESP,10_2,2018
definition_differs,info,Definition differs - limited cross-country comparability,ESP,10_2,2019
definition_differs,info,Definition differs - limited cross-country comparability,ESP,10_2,2020
definition_differs,info,Definition differs - limited cross-country comparability,ESP,10_2,2021
definition_differs,info,Definition differs - limited cross-country comparability,ESP,10_2,2022
definition_differs,info,Definition differs - limited cross-country comparability,ESP,10_2,2023
definition_differs,info,Definition differs - limited cross-country comparability,ESP,10_2,2024
definition_differs,info,Definition differs - limited cross-country comparability,ESP,10_2,2025
definition_differs,info,Definition differs - limited cross-country comparability,TUR,10_2,2011
definition_differs,info,Definition differs - limited cross-country comparability,TUR,10_2,2012
definition_differs,info,Definition differs - limited cross-country comparability,TUR,10_2,2013
definition_differs,info,Definition differs - limited cross-country comparability,TUR,10_2,2014
definition_differs,info,Definition differs - limited cross-country comparability,TUR,10_2,2015
definition_differs,info,Definition differs - limited cross-country comparability,ARG,10_2,2011
definition_differs,info,Definition differs - limited cross-country comparability,ARG,10_2,2012
definition_differs,info,Definition differs - limited cross-country comparability,ARG,10_2,2013
definition_differs,info,Definition differs - limited cross-country comparability,ARG,10_2,2014
definition_differs,info,Definition differs - limited cross-country comparability,ARG,10_2,2015
definition_differs,info,Definition differs - limited cross-country comparability,ARG,10_2,2016
definition_differs,info,Definition differs - limited cross-country comparability,ARG,10_2,2017
definition_differs,info,Definition differs - limited cross-country comparability,ARG,10_2,2018
definition_differs,info,Definition differs - limited cross-country comparability,ARG,10_2,2019
definition_differs,info,Definition differs - limited cross-country comparability,ARG,10_2,2020
definition_differs,info,Definition differs - limited cross-country comparability,ARG,10_2,2021
definition_differs,info,Definition differs - limited cross-country comparability,ARG,10_2,2022
definition_differs,info,Definition differs - limited cross-country comparability,ARG,10_2,2023
definition_differs,info,Definition differs - limited cross-country comparability,ARG,10_2,2024
definition_differs,info,Definition differs - limited cross-country comparability,ARG,10_2,2025
definition_differs,info,Definition differs - limited cross-country comparability,BRA,10_2,2011
definition_differs,info,Definition differs - limited cross-country comparability,BRA,10_2,2012
definition_differs,info,Definition differs - limited cross-country comparability,BRA,10_2,2013
definition_differs,info,Definition differs - limited cross-country comparability,BRA,10_2,2014
definition_differs,info,Definition differs - limited cross-country comparability,BRA,10_2,2015
definition_differs,info,Definition differs - limited cross-country comparability,BRA,10_2,2016
definition_differs,info,Definition differs - limited cross-country comparability,BRA,10_2,2017
definition_differs,info,Definition differs - limited cross-country comparability,BRA,10_2,2018
definition_differs,info,Definition differs - limited cross-country comparability,BRA,10_2,2019
definition_differs,info,Definition differs - limited cross-country comparability,BRA,10_2,2020
definition_differs,info,Definition differs - limited cross-country comparability,BRA,10_2,2021
definition_differs,info,Definition differs - limited cross-country comparability,BRA,10_2,2022
definition_differs,info,Definition differs - limited cross-country comparability,BRA,10_2,2023
definition_differs,info,Definition differs - limited cross-country comparability,BRA,10_2,2024
definition_differs,info,Definition differs - limited cross-country comparability,BRA,10_2,2025
definition_differs,info,Definition differs - limited cross-country comparability,HRV,10_2,2011
definition_differs,info,Definition differs - limited cross-country comparability,HRV,10_2,2012
definition_differs,info,Definition differs - limited cross-country comparability,HRV,10_2,2013
definition_differs,info,Definition differs - limited cross-country comparability,HRV,10_2,2014
definition_differs,info,Definition differs - limited cross-country comparability,HRV,10_2,2015
definition_differs,info,Definition differs - limited cross-country comparability,IDN,10_2,2006
definition_differs,info,Definition differs - limited cross-country comparability,IDN,10_2,2007
definition_differs,info,Definition differs - limited cross-country comparability,IDN,10_2,2008
definition_differs,info,Definition differs - limited cross-country comparability,IDN,10_2,2009
definition_differs,info,Definition differs - limited cross-country comparability,IDN,10_2,2010
definition_differs,info,Definition differs - limited cross-country comparability,IDN,10_2,2011
definition_differs,info,Definition differs - limited cross-country comparability,IDN,10_2,2012
definition_differs,info,Definition differs - limited cross-country comparability,IDN,10_2,2013
definition_differs,info,Definition differs - limited cross-country comparability,IDN,10_2,2014
definition_differs,info,Definition differs - limited cross-country comparability,IDN,10_2,2015
definition_differs,info,Definition differs - limited cross-country comparability,IDN,10_2,2016
definition_differs,info,Definition differs - limited cross-country comparability,IDN,10_2,2017
definition_differs,info,Definition differs - limited cross-country comparability,IDN,10_2,2018
definition_differs,info,Definition differs - limited cross-country comparability,IDN,10_2,2019
definition_differs,info,Definition differs - limited cross-country comparability,IDN,10_2,2020
definition_differs,info,Definition differs - limited cross-country comparability,IDN,10_2,2021
definition_differs,info,Definition differs - limited cross-country comparability,IDN,10_2,2022
definition_differs,info,Definition differs - limited cross-country comparability,IDN,10_2,2023
definition_differs,info,Definition differs - limited cross-country comparability,IDN,10_2,2024
definition_differs,info,Definition differs - limited cross-country comparability,IDN,10_2,2025
definition_differs,info,Definition differs - limited cross-country comparability,PER,10_2,2007
definition_differs,info,Definition differs - limited cross-country comparability,PER,10_2,2008
definition_differs,info,Definition differs - limited cross-country comparability,PER,10_2,2009
definition_differs,info,Definition differs - limited cross-country comparability,PER,10_2,2010
definition_differs,info,Definition differs - limited cross-country comparability,PER,10_2,2011
definition_differs,info,Definition differs - limited cross-country comparability,PER,10_2,2012
definition_differs,info,Definition differs - limited cross-country comparability,PER,10_2,2013
definition_differs,info,Definition differs - limited cross-country comparability,PER,10_2,2014
definition_differs,info,Definition differs - limited cross-country comparability,PER,10_2,2015
definition_differs,info,Definition differs - limited cross-country comparability,PER,10_2,2016
definition_differs,info,Definition differs - limited cross-country comparability,PER,10_2,2017
definition_differs,info,Definition differs - limited cross-country comparability,PER,10_2,2018
definition_differs,info,Definition differs - limited cross-country comparability,PER,10_2,2019
definition_differs,info,Definition differs - limited cross-country comparability,PER,10_2,2020
definition_differs,info,Definition differs - limited cross-country comparability,PER,10_2,2021
definition_differs,info,Definition differs - limited cross-country comparability,PER,10_2,2022
definition_differs,info,Definition differs - limited cross-country comparability,PER,10_2,2023
definition_differs,info,Definition differs - limited cross-country comparability,PER,10_2,2024
definition_differs,info,Definition differs - limited cross-country comparability,PER,10_2,2025
definition_differs,info,Definition differs - limited cross-country comparability,ROU,10_2,2011
definition_differs,info,Definition differs - limited cross-country comparability,ROU,10_2,2012
definition_differs,info,Definition differs - limited cross-country comparability,ROU,10_2,2013
definition_differs,info,Definition differs - limited cross-country comparability,ROU,10_2,2014
definition_differs,info,Definition differs - limited cross-country comparability,ROU,10_2,2015
definition_differs,info,Definition differs - limited cross-country comparability,ROU,10_2,2016
definition_differs,info,Definition differs - limited cross-country comparability,ROU,10_2,2017
definition_differs,info,Definition differs - limited cross-country comparability,ROU,10_2,2018
definition_differs,info,Definition differs - limited cross-country comparability,ROU,10_2,2019
definition_differs,info,Definition differs - limited cross-country comparability,ROU,10_2,2020
definition_differs,info,Definition differs - limited cross-country comparability,ZAF,10_2,2006
definition_differs,info,Definition differs - limited cross-country comparability,ZAF,10_2,2007
definition_differs,info,Definition differs - limited cross-country comparability,ZAF,10_2,2008
definition_differs,info,Definition differs - limited cross-country comparability,ZAF,10_2,2009
definition_differs,info,Definition differs - limited cross-country comparability,ZAF,10_2,2010
definition_differs,info,Definition differs - limited cross-country comparability,ZAF,10_2,2011
definition_differs,info,Definition differs - limited cross-country comparability,ZAF,10_2,2012
definition_differs,info,Definition differs - limited cross-country comparability,ZAF,10_2,2013
definition_differs,info,Definition differs - limited cross-country comparability,ZAF,10_2,2014
definition_differs,info,Definition differs - limited cross-country comparability,ZAF,10_2,2015
definition_differs,info,Definition differs - limited cross-country comparability,ZAF,10_2,2016
definition_differs,info,Definition differs - limited cross-country comparability,ZAF,10_2,2017
definition_differs,info,Definition differs - limited cross-country comparability,ZAF,10_2,2018
definition_differs,info,Definition differs - limited cross-country comparability,ZAF,10_2,2019
definition_differs,info,Definition differs - limited cross-country comparability,ZAF,10_2,2020
definition_differs,info,Definition differs - limited cross-country comparability,ZAF,10_2,2021
definition_differs,info,Definition differs - limited cross-country comparability,ZAF,10_2,2022
definition_differs,info,Definition differs - limited cross-country comparability,ZAF,10_2,2023
definition_differs,info,Definition differs - limited cross-country comparability,ZAF,10_2,2024
definition_differs,info,Definition differs - limited cross-country comparability,ZAF,10_2,2025
definition_differs,info,Definition differs - limited cross-country comparability,THA,10_2,2008
definition_differs,info,Definition differs - limited cross-country comparability,THA,10_2,2009
definition_differs,info,Definition differs - limited cross-country comparability,THA,10_2,2010
definition_differs,info,Definition differs - limited cross-country comparability,THA,10_2,2011
definition_differs,info,Definition differs - limited cross-country comparability,THA,10_2,2012
definition_differs,info,Definition differs - limited cross-country comparability,THA,10_2,2013
definition_differs,info,Definition differs - limited cross-country comparability,THA,10_2,2014
definition_differs,info,Definition differs - limited cross-country comparability,THA,10_2,2015
definition_differs,info,Definition differs - limited cross-country comparability,THA,10_2,2021
definition_differs,info,Definition differs - limited cross-country comparability,THA,10_2,2022
definition_differs,info,Definition differs - limited cross-country comparability,THA,10_2,2023
definition_differs,info,Definition differs - limited cross-country comparability,THA,10_2,2024
definition_differs,info,Definition differs - limited cross-country comparability,THA,10_2,2025
definition_differs,info,Definition differs - limited cross-country comparability,ISL,10_2,2008
definition_differs,info,Definition differs - limited cross-country comparability,ISL,10_2,2012
definition_differs,info,Definition differs - limited cross-country comparability,ISL,10_2,2013
definition_differs,info,Definition differs - limited cross-country comparability,ISL,10_2,2015
definition_differs,info,Definition differs - limited cross-country comparability,ISL,10_2,2016
definition_differs,info,Definition differs - limited cross-country comparability,ISL,10_2,2017
definition_differs,info,Definition differs - limited cross-country comparability,ISL,10_2,2019
definition_differs,info,Definition differs - limited cross-country comparability,ISL,10_2,2020
definition_differs,info,Definition differs - limited cross-country comparability,ISL,10_2,2021
definition_differs,info,Definition differs - limited cross-country comparability,ISL,10_2,2022
definition_differs,info,Definition differs - limited cross-country comparability,ISL,10_2,2023
definition_differs,info,Definition differs - limited cross-country comparability,ISL,10_2,2024
definition_differs,info,Definition differs - limited cross-country comparability,ISL,10_2,2025
definition_differs,info,Definition differs - limited cross-country comparability,LUX,10_2,2008
definition_differs,info,Definition differs - limited cross-country comparability,LUX,10_2,2010
definition_differs,info,Definition differs - limited cross-country comparability,NOR,10_2,2008
definition_differs,info,Definition differs - limited cross-country comparability,HRV,10_2,2006
provisional_or_estimated,info,Estimated or provisional value - liable to revision,FRA,11_1,2025
provisional_or_estimated,info,Estimated or provisional value - liable to revision,FRA,11_1,2025
provisional_or_estimated,info,Estimated or provisional value - liable to revision,HUN,11_1,2023
provisional_or_estimated,info,Estimated or provisional value - liable to revision,HUN,11_1,2023
provisional_or_estimated,info,Estimated or provisional value - liable to revision,HUN,11_1,2024
provisional_or_estimated,info,Estimated or provisional value - liable to revision,HUN,11_1,2024
provisional_or_estimated,info,Estimated or provisional value - liable to revision,HUN,11_1,2025
provisional_or_estimated,info,Estimated or provisional value - liable to revision,HUN,11_1,2025
provisional_or_estimated,info,Estimated or provisional value - liable to revision,POL,11_1,2025
provisional_or_estimated,info,Estimated or provisional value - liable to revision,POL,11_1,2025
provisional_or_estimated,info,Estimated or provisional value - liable to revision,PRT,11_1,2025
provisional_or_estimated,info,Estimated or provisional value - liable to revision,PRT,11_1,2025
provisional_or_estimated,info,Estimated or provisional value - liable to revision,TUR,11_1,2013
provisional_or_estimated,info,Estimated or provisional value - liable to revision,TUR,11_1,2013
provisional_or_estimated,info,Estimated or provisional value - liable to revision,FRA,11_1,2025
provisional_or_estimated,info,Estimated or provisional value - liable to revision,FRA,11_1,2025
provisional_or_estimated,info,Estimated or provisional value - liable to revision,FRA,11_1,2025
provisional_or_estimated,info,Estimated or provisional value - liable to revision,HUN,11_1,2023
provisional_or_estimated,info,Estimated or provisional value - liable to revision,HUN,11_1,2023
provisional_or_estimated,info,Estimated or provisional value - liable to revision,HUN,11_1,2023
provisional_or_estimated,info,Estimated or provisional value - liable to revision,HUN,11_1,2024
provisional_or_estimated,info,Estimated or provisional value - liable to revision,HUN,11_1,2024
provisional_or_estimated,info,Estimated or provisional value - liable to revision,HUN,11_1,2024
provisional_or_estimated,info,Estimated or provisional value - liable to revision,HUN,11_1,2025
provisional_or_estimated,info,Estimated or provisional value - liable to revision,HUN,11_1,2025
provisional_or_estimated,info,Estimated or provisional value - liable to revision,HUN,11_1,2025
provisional_or_estimated,info,Estimated or provisional value - liable to revision,POL,11_1,2025
provisional_or_estimated,info,Estimated or provisional value - liable to revision,POL,11_1,2025
provisional_or_estimated,info,Estimated or provisional value - liable to revision,POL,11_1,2025
provisional_or_estimated,info,Estimated or provisional value - liable to revision,PRT,11_1,2025
provisional_or_estimated,info,Estimated or provisional value - liable to revision,PRT,11_1,2025
provisional_or_estimated,info,Estimated or provisional value - liable to revision,PRT,11_1,2025
provisional_or_estimated,info,Estimated or provisional value - liable to revision,TUR,11_1,2013
provisional_or_estimated,info,Estimated or provisional value - liable to revision,TUR,11_1,2013
provisional_or_estimated,info,Estimated or provisional value - liable to revision,TUR,11_1,2013
provisional_or_estimated,info,Estimated or provisional value - liable to revision,AUS,10_3,2024
provisional_or_estimated,info,Estimated or provisional value - liable to revision,CAN,10_3,2023
provisional_or_estimated,info,Estimated or provisional value - liable to revision,FRA,11_1,2025
provisional_or_estimated,info,Estimated or provisional value - liable to revision,DEU,1_5,2021
provisional_or_estimated,info,Estimated or provisional value - liable to revision,DEU,1_5,2022
provisional_or_estimated,info,Estimated or provisional value - liable to revision,DEU,1_5,2023
provisional_or_estimated,info,Estimated or provisional value - liable to revision,GRC,10_3,2024
provisional_or_estimated,info,Estimated or provisional value - liable to revision,HUN,11_1,2023
provisional_or_estimated,info,Estimated or provisional value - liable to revision,HUN,11_1,2024
provisional_or_estimated,info,Estimated or provisional value - liable to revision,HUN,11_1,2025
provisional_or_estimated,info,Estimated or provisional value - liable to revision,IRL,10_3,2021
provisional_or_estimated,info,Estimated or provisional value - liable to revision,IRL,10_3,2022
provisional_or_estimated,info,Estimated or provisional value - liable to revision,IRL,10_3,2023
provisional_or_estimated,info,Estimated or provisional value - liable to revision,IRL,10_3,2024
provisional_or_estimated,info,Estimated or provisional value - liable to revision,JPN,5_1,2004
provisional_or_estimated,info,Estimated or provisional value - liable to revision,JPN,5_1,2005
provisional_or_estimated,info,Estimated or provisional value - liable to revision,JPN,4_3,2006
provisional_or_estimated,info,Estimated or provisional value - liable to revision,JPN,5_1,2006
provisional_or_estimated,info,Estimated or provisional value - liable to revision,JPN,5_1,2007
provisional_or_estimated,info,Estimated or provisional value - liable to revision,JPN,5_1,2008
provisional_or_estimated,info,Estimated or provisional value - liable to revision,JPN,5_1,2009
provisional_or_estimated,info,Estimated or provisional value - liable to revision,JPN,5_1,2010
provisional_or_estimated,info,Estimated or provisional value - liable to revision,JPN,4_3,2011
provisional_or_estimated,info,Estimated or provisional value - liable to revision,JPN,5_1,2011
provisional_or_estimated,info,Estimated or provisional value - liable to revision,JPN,5_1,2012
provisional_or_estimated,info,Estimated or provisional value - liable to revision,JPN,5_1,2013
provisional_or_estimated,info,Estimated or provisional value - liable to revision,JPN,5_1,2014
provisional_or_estimated,info,Estimated or provisional value - liable to revision,JPN,5_1,2015
provisional_or_estimated,info,Estimated or provisional value - liable to revision,JPN,4_3,2016
provisional_or_estimated,info,Estimated or provisional value - liable to revision,JPN,5_1,2016
provisional_or_estimated,info,Estimated or provisional value - liable to revision,JPN,5_1,2017
provisional_or_estimated,info,Estimated or provisional value - liable to revision,JPN,5_1,2018
provisional_or_estimated,info,Estimated or provisional value - liable to revision,JPN,5_1,2019
provisional_or_estimated,info,Estimated or provisional value - liable to revision,JPN,5_1,2020
provisional_or_estimated,info,Estimated or provisional value - liable to revision,JPN,4_3,2021
provisional_or_estimated,info,Estimated or provisional value - liable to revision,JPN,5_1,2021
provisional_or_estimated,info,Estimated or provisional value - liable to revision,JPN,5_1,2022
provisional_or_estimated,info,Estimated or provisional value - liable to revision,JPN,5_1,2023
provisional_or_estimated,info,Estimated or provisional value - liable to revision,NLD,1_2,2024
provisional_or_estimated,info,Estimated or provisional value - liable to revision,NLD,1_4,2024
provisional_or_estimated,info,Estimated or provisional value - liable to revision,NZL,5_1,2004
provisional_or_estimated,info,Estimated or provisional value - liable to revision,NZL,5_1,2005
provisional_or_estimated,info,Estimated or provisional value - liable to revision,NZL,5_1,2006
provisional_or_estimated,info,Estimated or provisional value - liable to revision,NZL,5_1,2007
provisional_or_estimated,info,Estimated or provisional value - liable to revision,NZL,5_1,2008
provisional_or_estimated,info,Estimated or provisional value - liable to revision,NZL,5_1,2009
provisional_or_estimated,info,Estimated or provisional value - liable to revision,NZL,5_1,2010
provisional_or_estimated,info,Estimated or provisional value - liable to revision,NZL,5_1,2011
provisional_or_estimated,info,Estimated or provisional value - liable to revision,NZL,5_1,2012
provisional_or_estimated,info,Estimated or provisional value - liable to revision,NZL,5_1,2013
provisional_or_estimated,info,Estimated or provisional value - liable to revision,NZL,5_1,2014
provisional_or_estimated,info,Estimated or provisional value - liable to revision,NZL,5_1,2015
provisional_or_estimated,info,Estimated or provisional value - liable to revision,NZL,5_1,2016
provisional_or_estimated,info,Estimated or provisional value - liable to revision,NZL,5_1,2017
provisional_or_estimated,info,Estimated or provisional value - liable to revision,NZL,10_3,2023
provisional_or_estimated,info,Estimated or provisional value - liable to revision,NZL,10_3,2024
provisional_or_estimated,info,Estimated or provisional value - liable to revision,POL,11_1,2025
provisional_or_estimated,info,Estimated or provisional value - liable to revision,PRT,11_1,2025
provisional_or_estimated,info,Estimated or provisional value - liable to revision,TUR,11_1,2013
provisional_or_estimated,info,Estimated or provisional value - liable to revision,GBR,5_1,2004
provisional_or_estimated,info,Estimated or provisional value - liable to revision,GBR,5_1,2005
provisional_or_estimated,info,Estimated or provisional value - liable to revision,GBR,5_1,2006
provisional_or_estimated,info,Estimated or provisional value - liable to revision,GBR,5_1,2007
provisional_or_estimated,info,Estimated or provisional value - liable to revision,GBR,5_1,2008
provisional_or_estimated,info,Estimated or provisional value - liable to revision,GBR,5_1,2009
provisional_or_estimated,info,Estimated or provisional value - liable to revision,GBR,5_1,2010
provisional_or_estimated,info,Estimated or provisional value - liable to revision,GBR,5_1,2011
provisional_or_estimated,info,Estimated or provisional value - liable to revision,GBR,5_1,2012
provisional_or_estimated,info,Estimated or provisional value - liable to revision,GBR,5_1,2013
provisional_or_estimated,info,Estimated or provisional value - liable to revision,GBR,5_1,2014
provisional_or_estimated,info,Estimated or provisional value - liable to revision,GBR,5_1,2015
provisional_or_estimated,info,Estimated or provisional value - liable to revision,GBR,5_1,2016
provisional_or_estimated,info,Estimated or provisional value - liable to revision,GBR,5_1,2017
provisional_or_estimated,info,Estimated or provisional value - liable to revision,GBR,1_5,2018
provisional_or_estimated,info,Estimated or provisional value - liable to revision,GBR,5_1,2018
provisional_or_estimated,info,Estimated or provisional value - liable to revision,GBR,5_1,2019
provisional_or_estimated,info,Estimated or provisional value - liable to revision,GBR,5_1,2020
provisional_or_estimated,info,Estimated or provisional value - liable to revision,GBR,5_1,2021
provisional_or_estimated,info,Estimated or provisional value - liable to revision,GBR,5_1,2022
provisional_or_estimated,info,Estimated or provisional value - liable to revision,GBR,5_1,2023
provisional_or_estimated,info,Estimated or provisional value - liable to revision,ARG,10_3,2017
provisional_or_estimated,info,Estimated or provisional value - liable to revision,BEL,3_2,2024
provisional_or_estimated,info,Estimated or provisional value - liable to revision,CAN,3_2,2004
provisional_or_estimated,info,Estimated or provisional value - liable to revision,CAN,3_2,2005
provisional_or_estimated,info,Estimated or provisional value - liable to revision,CAN,3_2,2006
provisional_or_estimated,info,Estimated or provisional value - liable to revision,CAN,3_2,2007
provisional_or_estimated,info,Estimated or provisional value - liable to revision,CAN,3_2,2008
provisional_or_estimated,info,Estimated or provisional value - liable to revision,CAN,3_2,2009
provisional_or_estimated,info,Estimated or provisional value - liable to revision,CAN,3_2,2010
provisional_or_estimated,info,Estimated or provisional value - liable to revision,CAN,3_2,2011
provisional_or_estimated,info,Estimated or provisional value - liable to revision,CAN,3_2,2012
provisional_or_estimated,info,Estimated or provisional value - liable to revision,CAN,3_2,2013
provisional_or_estimated,info,Estimated or provisional value - liable to revision,CAN,3_2,2014
provisional_or_estimated,info,Estimated or provisional value - liable to revision,CAN,3_2,2015
provisional_or_estimated,info,Estimated or provisional value - liable to revision,CAN,3_2,2016
provisional_or_estimated,info,Estimated or provisional value - liable to revision,CAN,3_2,2017
provisional_or_estimated,info,Estimated or provisional value - liable to revision,CAN,3_2,2018
provisional_or_estimated,info,Estimated or provisional value - liable to revision,CAN,3_2,2019
provisional_or_estimated,info,Estimated or provisional value - liable to revision,CAN,3_2,2020
provisional_or_estimated,info,Estimated or provisional value - liable to revision,CAN,3_2,2021
provisional_or_estimated,info,Estimated or provisional value - liable to revision,CAN,3_2,2022
provisional_or_estimated,info,Estimated or provisional value - liable to revision,CAN,3_2,2023
provisional_or_estimated,info,Estimated or provisional value - liable to revision,CAN,3_2,2024
provisional_or_estimated,info,Estimated or provisional value - liable to revision,CAN,3_2,2025
provisional_or_estimated,info,Estimated or provisional value - liable to revision,COL,3_2,2022
provisional_or_estimated,info,Estimated or provisional value - liable to revision,COL,3_2,2023
provisional_or_estimated,info,Estimated or provisional value - liable to revision,COL,3_2,2024
provisional_or_estimated,info,Estimated or provisional value - liable to revision,FRA,3_2,2023
provisional_or_estimated,info,Estimated or provisional value - liable to revision,FRA,3_2,2024
provisional_or_estimated,info,Estimated or provisional value - liable to revision,DEU,3_2,2020
provisional_or_estimated,info,Estimated or provisional value - liable to revision,DEU,3_2,2021
provisional_or_estimated,info,Estimated or provisional value - liable to revision,DEU,3_2,2022
provisional_or_estimated,info,Estimated or provisional value - liable to revision,DEU,3_2,2023
provisional_or_estimated,info,Estimated or provisional value - liable to revision,DEU,3_2,2024
provisional_or_estimated,info,Estimated or provisional value - liable to revision,GRC,3_2,2023
provisional_or_estimated,info,Estimated or provisional value - liable to revision,GRC,3_2,2024
provisional_or_estimated,info,Estimated or provisional value - liable to revision,KOR,3_2,2024
provisional_or_estimated,info,Estimated or provisional value - liable to revision,MEX,3_2,2023
provisional_or_estimated,info,Estimated or provisional value - liable to revision,MEX,3_2,2024
provisional_or_estimated,info,Estimated or provisional value - liable to revision,NLD,3_2,2024
provisional_or_estimated,info,Estimated or provisional value - liable to revision,PRT,3_2,2024
provisional_or_estimated,info,Estimated or provisional value - liable to revision,CHE,3_2,2022
provisional_or_estimated,info,Estimated or provisional value - liable to revision,TUR,3_2,2009
provisional_or_estimated,info,Estimated or provisional value - liable to revision,TUR,3_2,2010
provisional_or_estimated,info,Estimated or provisional value - liable to revision,TUR,3_2,2011
provisional_or_estimated,info,Estimated or provisional value - liable to revision,TUR,3_2,2012
provisional_or_estimated,info,Estimated or provisional value - liable to revision,TUR,3_2,2013
provisional_or_estimated,info,Estimated or provisional value - liable to revision,TUR,3_2,2014
provisional_or_estimated,info,Estimated or provisional value - liable to revision,TUR,3_2,2015
provisional_or_estimated,info,Estimated or provisional value - liable to revision,TUR,3_2,2016
provisional_or_estimated,info,Estimated or provisional value - liable to revision,TUR,3_2,2017
provisional_or_estimated,info,Estimated or provisional value - liable to revision,TUR,3_2,2018
provisional_or_estimated,info,Estimated or provisional value - liable to revision,TUR,3_2,2019
provisional_or_estimated,info,Estimated or provisional value - liable to revision,TUR,3_2,2020
provisional_or_estimated,info,Estimated or provisional value - liable to revision,TUR,3_2,2021
provisional_or_estimated,info,Estimated or provisional value - liable to revision,TUR,3_2,2022
provisional_or_estimated,info,Estimated or provisional value - liable to revision,TUR,3_2,2023
provisional_or_estimated,info,Estimated or provisional value - liable to revision,TUR,3_2,2024
provisional_or_estimated,info,Estimated or provisional value - liable to revision,HRV,3_2,2024
provisional_or_estimated,info,Estimated or provisional value - liable to revision,ROU,3_2,2024
provisional_or_estimated,info,Estimated or provisional value - liable to revision,BEL,1_1,2024
provisional_or_estimated,info,Estimated or provisional value - liable to revision,CAN,1_1,2004
provisional_or_estimated,info,Estimated or provisional value - liable to revision,CAN,1_1,2005
provisional_or_estimated,info,Estimated or provisional value - liable to revision,CAN,1_1,2006
provisional_or_estimated,info,Estimated or provisional value - liable to revision,CAN,1_1,2007
provisional_or_estimated,info,Estimated or provisional value - liable to revision,CAN,1_1,2008
provisional_or_estimated,info,Estimated or provisional value - liable to revision,CAN,1_1,2009
provisional_or_estimated,info,Estimated or provisional value - liable to revision,CAN,1_1,2010
provisional_or_estimated,info,Estimated or provisional value - liable to revision,CAN,1_1,2011
provisional_or_estimated,info,Estimated or provisional value - liable to revision,CAN,1_1,2012
provisional_or_estimated,info,Estimated or provisional value - liable to revision,CAN,1_1,2013
provisional_or_estimated,info,Estimated or provisional value - liable to revision,CAN,1_1,2014
provisional_or_estimated,info,Estimated or provisional value - liable to revision,CAN,1_1,2015
provisional_or_estimated,info,Estimated or provisional value - liable to revision,CAN,1_1,2016
provisional_or_estimated,info,Estimated or provisional value - liable to revision,CAN,1_1,2017
provisional_or_estimated,info,Estimated or provisional value - liable to revision,CAN,1_1,2018
provisional_or_estimated,info,Estimated or provisional value - liable to revision,CAN,1_1,2019
provisional_or_estimated,info,Estimated or provisional value - liable to revision,CAN,1_1,2020
provisional_or_estimated,info,Estimated or provisional value - liable to revision,CAN,1_1,2021
provisional_or_estimated,info,Estimated or provisional value - liable to revision,CAN,1_1,2022
provisional_or_estimated,info,Estimated or provisional value - liable to revision,CAN,1_1,2023
provisional_or_estimated,info,Estimated or provisional value - liable to revision,CAN,1_1,2024
provisional_or_estimated,info,Estimated or provisional value - liable to revision,CAN,1_1,2025
provisional_or_estimated,info,Estimated or provisional value - liable to revision,CRI,1_1,2012
provisional_or_estimated,info,Estimated or provisional value - liable to revision,CRI,1_1,2013
provisional_or_estimated,info,Estimated or provisional value - liable to revision,CRI,1_1,2014
provisional_or_estimated,info,Estimated or provisional value - liable to revision,CRI,1_1,2015
provisional_or_estimated,info,Estimated or provisional value - liable to revision,CRI,1_1,2016
provisional_or_estimated,info,Estimated or provisional value - liable to revision,CRI,1_1,2017
provisional_or_estimated,info,Estimated or provisional value - liable to revision,CRI,1_1,2018
provisional_or_estimated,info,Estimated or provisional value - liable to revision,CRI,1_1,2019
provisional_or_estimated,info,Estimated or provisional value - liable to revision,CRI,1_1,2020
provisional_or_estimated,info,Estimated or provisional value - liable to revision,CRI,1_1,2021
provisional_or_estimated,info,Estimated or provisional value - liable to revision,FRA,1_1,2023
provisional_or_estimated,info,Estimated or provisional value - liable to revision,FRA,1_1,2024
provisional_or_estimated,info,Estimated or provisional value - liable to revision,DEU,1_1,2021
provisional_or_estimated,info,Estimated or provisional value - liable to revision,DEU,1_1,2022
provisional_or_estimated,info,Estimated or provisional value - liable to revision,DEU,1_1,2023
provisional_or_estimated,info,Estimated or provisional value - liable to revision,DEU,1_1,2024
provisional_or_estimated,info,Estimated or provisional value - liable to revision,DEU,1_1,2025
provisional_or_estimated,info,Estimated or provisional value - liable to revision,GRC,1_1,2012
provisional_or_estimated,info,Estimated or provisional value - liable to revision,GRC,1_1,2013
provisional_or_estimated,info,Estimated or provisional value - liable to revision,GRC,1_1,2014
provisional_or_estimated,info,Estimated or provisional value - liable to revision,GRC,1_1,2015
provisional_or_estimated,info,Estimated or provisional value - liable to revision,GRC,1_1,2016
provisional_or_estimated,info,Estimated or provisional value - liable to revision,GRC,1_1,2017
provisional_or_estimated,info,Estimated or provisional value - liable to revision,GRC,1_1,2018
provisional_or_estimated,info,Estimated or provisional value - liable to revision,GRC,1_1,2019
provisional_or_estimated,info,Estimated or provisional value - liable to revision,GRC,1_1,2020
provisional_or_estimated,info,Estimated or provisional value - liable to revision,GRC,1_1,2021
provisional_or_estimated,info,Estimated or provisional value - liable to revision,GRC,1_1,2022
provisional_or_estimated,info,Estimated or provisional value - liable to revision,GRC,1_1,2023
provisional_or_estimated,info,Estimated or provisional value - liable to revision,GRC,1_1,2024
provisional_or_estimated,info,Estimated or provisional value - liable to revision,ISL,1_1,2004
provisional_or_estimated,info,Estimated or provisional value - liable to revision,ISL,1_1,2005
provisional_or_estimated,info,Estimated or provisional value - liable to revision,ISL,1_1,2006
provisional_or_estimated,info,Estimated or provisional value - liable to revision,ISL,1_1,2007
provisional_or_estimated,info,Estimated or provisional value - liable to revision,ISL,1_1,2008
provisional_or_estimated,info,Estimated or provisional value - liable to revision,ISL,1_1,2009
provisional_or_estimated,info,Estimated or provisional value - liable to revision,ISL,1_1,2010
provisional_or_estimated,info,Estimated or provisional value - liable to revision,ISL,1_1,2011
provisional_or_estimated,info,Estimated or provisional value - liable to revision,ISL,1_1,2012
provisional_or_estimated,info,Estimated or provisional value - liable to revision,ISL,1_1,2013
provisional_or_estimated,info,Estimated or provisional value - liable to revision,ISL,1_1,2014
provisional_or_estimated,info,Estimated or provisional value - liable to revision,ISL,1_1,2015
provisional_or_estimated,info,Estimated or provisional value - liable to revision,ISL,1_1,2016
provisional_or_estimated,info,Estimated or provisional value - liable to revision,ISL,1_1,2017
provisional_or_estimated,info,Estimated or provisional value - liable to revision,ISL,1_1,2018
provisional_or_estimated,info,Estimated or provisional value - liable to revision,ISL,1_1,2019
provisional_or_estimated,info,Estimated or provisional value - liable to revision,ISL,1_1,2020
provisional_or_estimated,info,Estimated or provisional value - liable to revision,ISL,1_1,2021
provisional_or_estimated,info,Estimated or provisional value - liable to revision,ISL,1_1,2022
provisional_or_estimated,info,Estimated or provisional value - liable to revision,ISL,1_1,2023
provisional_or_estimated,info,Estimated or provisional value - liable to revision,ISL,1_1,2024
provisional_or_estimated,info,Estimated or provisional value - liable to revision,ITA,1_1,2025
provisional_or_estimated,info,Estimated or provisional value - liable to revision,KOR,1_1,2024
provisional_or_estimated,info,Estimated or provisional value - liable to revision,MEX,1_1,2004
provisional_or_estimated,info,Estimated or provisional value - liable to revision,MEX,1_1,2023
provisional_or_estimated,info,Estimated or provisional value - liable to revision,MEX,1_1,2024
provisional_or_estimated,info,Estimated or provisional value - liable to revision,NLD,1_1,2022
provisional_or_estimated,info,Estimated or provisional value - liable to revision,NLD,1_1,2023
provisional_or_estimated,info,Estimated or provisional value - liable to revision,NLD,1_1,2024
provisional_or_estimated,info,Estimated or provisional value - liable to revision,NLD,1_1,2025
provisional_or_estimated,info,Estimated or provisional value - liable to revision,NZL,1_1,2021
provisional_or_estimated,info,Estimated or provisional value - liable to revision,NZL,1_1,2022
provisional_or_estimated,info,Estimated or provisional value - liable to revision,NZL,1_1,2023
provisional_or_estimated,info,Estimated or provisional value - liable to revision,PRT,1_1,2024
provisional_or_estimated,info,Estimated or provisional value - liable to revision,PRT,1_1,2025
provisional_or_estimated,info,Estimated or provisional value - liable to revision,ESP,1_1,2023
provisional_or_estimated,info,Estimated or provisional value - liable to revision,ESP,1_1,2024
provisional_or_estimated,info,Estimated or provisional value - liable to revision,HRV,1_1,2024
provisional_or_estimated,info,Estimated or provisional value - liable to revision,ROU,1_1,2024
provisional_or_estimated,info,Estimated or provisional value - liable to revision,ROU,1_1,2025
provisional_or_estimated,info,Estimated or provisional value - liable to revision,CHE,1_1,2022
provisional_or_estimated,info,Estimated or provisional value - liable to revision,CHE,1_1,2023
provisional_or_estimated,info,Estimated or provisional value - liable to revision,BEL,5_4,2019
provisional_or_estimated,info,Estimated or provisional value - liable to revision,IRL,5_4,2014
